Time,Displacement,Force,Rotation,Torque
(s),(mm),(mN),(deg),(N-mm)
"0.0000","0.0007","-14820.57953","148.9653","-165.0362"
"0.0050","0.0007","-14819.14902","148.9653","-165.0220"
"0.0100","0.0008","-14756.01006","148.9653","-165.0365"
"0.0150","0.0015","-14376.64127","148.9653","-165.0460"
"0.0200","0.0040","-13658.51021","148.9653","-164.7468"
"0.0250","0.0099","-12643.78262","148.9653","-163.8834"
"0.0300","0.0211","-11579.77772","148.9653","-162.5222"
"0.0350","0.0389","-10935.19211","148.9653","-160.8335"
"0.0400","0.0643","-10984.99393","148.9653","-159.0343"
"0.0450","0.0972","-11058.51841","148.9653","-157.1026"
"0.0500","0.1368","-10621.82331","148.9653","-154.9743"
"0.0550","0.1819","-9919.57474","148.9653","-152.9001"
"0.0600","0.2310","-9406.32915","148.9653","-151.1084"
"0.0650","0.2829","-9419.20757","148.9653","-149.6807"
"0.0700","0.3361","-9941.20502","148.9653","-148.5257"
"0.0750","0.3899","-10180.25970","148.9653","-147.4310"
"0.0800","0.4435","-9905.85899","148.9653","-146.3704"
"0.0850","0.4966","-9341.31241","148.9653","-145.4349"
"0.0900","0.5489","-8849.10679","148.9653","-144.8114"
"0.0950","0.6004","-8798.00797","148.9653","-144.5099"
"0.1000","0.6512","-9304.55399","148.9653","-144.3703"
"0.1050","0.7014","-9720.10136","148.9653","-144.1292"
"0.1100","0.7511","-9635.27393","148.9653","-143.6645"
"0.1150","0.8006","-9185.19783","148.9653","-143.1183"
"0.1200","0.8497","-8662.56046","148.9653","-142.6858"
"0.1250","0.8987","-8487.95986","148.9653","-142.4289"
"0.1300","0.9476","-8901.33572","148.9653","-142.3698"
"0.1350","0.9965","-9326.27487","148.9653","-142.2673"
"0.1360","1.0063","-9343.92166","148.9653","-142.2158"
"0.1370","1.0160","-9340.15560","148.9653","-142.1486"
"1.9230","5.1183","-16358.01697","148.9653","-120.8519"
"1.9280","5.1183","-16348.52219","148.9653","-120.8317"
"1.9330","5.1184","-16307.77740","148.9653","-120.8106"
"1.9380","5.1189","-16064.83841","148.9653","-120.8206"
"1.9430","5.1206","-15265.68317","148.9653","-120.9094"
"1.9480","5.1245","-13800.29774","148.9653","-121.0357"
"1.9530","5.1324","-11986.45592","148.9653","-121.1517"
"1.9580","5.1458","-10408.60462","148.9653","-121.2591"
"1.9630","5.1661","-9496.99497","148.9653","-121.3640"
"1.9680","5.1938","-8902.40669","148.9653","-121.3283"
"1.9730","5.2287","-8154.43325","148.9653","-120.9946"
"1.9780","5.2699","-7284.07526","148.9653","-120.4657"
"1.9830","5.3162","-6502.87199","148.9653","-119.9925"
"1.9880","5.3662","-6220.05177","148.9653","-119.6872"
"1.9930","5.4185","-6495.22781","148.9653","-119.4616"
"1.9980","5.4720","-6655.64346","148.9653","-119.1398"
"2.0030","5.5258","-6560.55117","148.9653","-118.6206"
"2.0080","5.5794","-6260.51950","148.9653","-118.0299"
"2.0130","5.6324","-5881.98042","148.9653","-117.6077"
"2.0180","5.6846","-5795.66431","148.9653","-117.4345"
"2.0230","5.7360","-6208.00352","148.9653","-117.4082"
"2.0280","5.7868","-6542.85049","148.9653","-117.3322"
"2.0330","5.8369","-6534.62315","148.9653","-117.0630"
"2.0380","5.8866","-6285.80046","148.9653","-116.6545"
"2.0430","5.9360","-5867.13505","148.9653","-116.3531"
"2.0480","5.9852","-5679.99363","148.9653","-116.2323"
"2.0530","6.0342","-5994.69376","148.9653","-116.2266"
"2.0580","6.0832","-6347.28909","148.9653","-116.1930"
"2.0620","6.1224","-6394.65714","148.9653","-116.0466"
"2.0630","6.1322","-6390.05041","148.9653","-115.9894"
"3.8430","10.2343","-11864.49146","148.9653","-102.9865"
"3.8480","10.2343","-11857.18632","148.9653","-103.0035"
"3.8530","10.2344","-11818.11237","148.9653","-103.0340"
"3.8580","10.2349","-11585.02293","148.9653","-103.0743"
"3.8630","10.2366","-10814.86511","148.9653","-103.1816"
"3.8680","10.2407","-9457.17812","148.9653","-103.3645"
"3.8730","10.2487","-8004.15802","148.9653","-103.6034"
"3.8780","10.2623","-6955.00660","148.9653","-103.8835"
"3.8830","10.2827","-6465.84654","148.9653","-104.1125"
"3.8880","10.3104","-5960.59561","148.9653","-104.1133"
"3.8930","10.3454","-5330.79147","148.9653","-103.8683"
"3.8980","10.3866","-4603.30343","148.9653","-103.5823"
"3.9030","10.4329","-4147.08233","148.9653","-103.3880"
"3.9080","10.4829","-4224.03288","148.9653","-103.2991"
"3.9130","10.5352","-4427.44207","148.9653","-103.1404"
"3.9180","10.5887","-4399.29152","148.9653","-102.8030"
"3.9230","10.6425","-4213.33742","148.9653","-102.3168"
"3.9280","10.6961","-3838.68480","148.9653","-101.8792"
"3.9330","10.7490","-3592.19670","148.9653","-101.6603"
"3.9380","10.8011","-3799.32714","148.9653","-101.6022"
"3.9430","10.8525","-4264.89353","148.9653","-101.5680"
"3.9480","10.9032","-4424.43705","148.9653","-101.4075"
"3.9530","10.9533","-4322.82352","148.9653","-101.0610"
"3.9580","11.0030","-3990.84306","148.9653","-100.7042"
"3.9630","11.0523","-3706.04634","148.9653","-100.5092"
"3.9680","11.1014","-3825.16742","148.9653","-100.4859"
"3.9730","11.1503","-4254.93431","148.9653","-100.5164"
"3.9780","11.1991","-4420.46690","148.9653","-100.4086"
"3.9820","11.2382","-4355.96943","148.9653","-100.1958"
"3.9830","11.2480","-4311.93161","148.9653","-100.1282"
"5.7610","15.3505","-9276.10874","148.9653","-89.7924"
"5.7660","15.3505","-9270.37811","148.9653","-89.8073"
"5.7710","15.3506","-9236.05633","148.9653","-89.8347"
"5.7760","15.3511","-9039.61086","148.9653","-89.8663"
"5.7810","15.3528","-8393.63766","148.9653","-89.9281"
"5.7860","15.3568","-7307.13749","148.9653","-90.0412"
"5.7910","15.3648","-6276.82018","148.9653","-90.2244"
"5.7960","15.3783","-5681.83041","148.9653","-90.4509"
"5.8010","15.3987","-5272.37558","148.9653","-90.6154"
"5.8060","15.4264","-4667.17815","148.9653","-90.5790"
"5.8110","15.4612","-3873.18492","148.9653","-90.3992"
"5.8160","15.5024","-3170.81070","148.9653","-90.2528"
"5.8210","15.5486","-2911.20148","148.9653","-90.1975"
"5.8260","15.5986","-3083.17447","148.9653","-90.1620"
"5.8310","15.6509","-3101.37296","148.9653","-89.9833"
"5.8360","15.7044","-2899.76859","148.9653","-89.6236"
"5.8410","15.7583","-2483.21462","148.9653","-89.2089"
"5.8460","15.8119","-2103.63126","148.9653","-88.8990"
"5.8510","15.8649","-2067.85822","148.9653","-88.7571"
"5.8560","15.9172","-2440.08613","148.9653","-88.7458"
"5.8610","15.9687","-2665.56478","148.9653","-88.6872"
"5.8660","16.0195","-2629.06647","148.9653","-88.4509"
"5.8710","16.0697","-2360.91757","148.9653","-88.1178"
"5.8760","16.1194","-2055.70650","148.9653","-87.8417"
"5.8810","16.1687","-2038.26547","148.9653","-87.7096"
"5.8860","16.2179","-2421.13423","148.9653","-87.7023"
"5.8910","16.2669","-2666.04614","148.9653","-87.6354"
"5.8960","16.3159","-2627.46763","148.9653","-87.3916"
"5.9000","16.3551","-2409.42097","148.9653","-87.1115"
"5.9010","16.3649","-2335.89768","148.9653","-87.0447"
"7.6800","20.4696","-9575.56915","148.9653","-76.2376"
"7.6850","20.4696","-9566.56551","148.9653","-76.2568"
"7.6900","20.4697","-9533.30326","148.9653","-76.2878"
"7.6950","20.4702","-9350.74997","148.9653","-76.3240"
"7.7000","20.4719","-8743.38245","148.9653","-76.3897"
"7.7050","20.4759","-7683.59566","148.9653","-76.4982"
"7.7100","20.4838","-6631.50501","148.9653","-76.6456"
"7.7150","20.4973","-5787.62197","148.9653","-76.8097"
"7.7200","20.5176","-4823.85015","148.9653","-76.8252"
"7.7250","20.5453","-3722.26262","148.9653","-76.6390"
"7.7300","20.5802","-2523.95916","148.9653","-76.4127"
"7.7350","20.6213","-1636.27696","148.9653","-76.3098"
"7.7400","20.6676","-1282.04775","148.9653","-76.2942"
"7.7450","20.7175","-1060.97698","148.9653","-76.2019"
"7.7500","20.7698","-732.58042","148.9653","-75.8994"
"7.7550","20.8232","-297.50523","148.9653","-75.4497"
"7.7600","20.8770","198.06272","148.9653","-75.0381"
"7.7650","20.9305","450.02323","148.9653","-74.7654"
"7.7700","20.9834","263.44103","148.9653","-74.6782"
"7.7750","21.0356","-13.12486","148.9653","-74.6342"
"7.7800","21.0870","-77.89491","148.9653","-74.4413"
"7.7850","21.1378","29.24968","148.9653","-74.0837"
"7.7900","21.1879","376.11797","148.9653","-73.7245"
"7.7950","21.2376","632.72423","148.9653","-73.4818"
"7.8000","21.2870","496.80093","148.9653","-73.4266"
"7.8050","21.3361","196.35430","148.9653","-73.4497"
"7.8100","21.3852","96.09495","148.9653","-73.3269"
"7.8150","21.4342","148.28300","148.9653","-73.0549"
"7.8190","21.4734","383.32936","148.9653","-72.8257"
"7.8200","21.4832","451.75391","148.9653","-72.7751"
"9.6010","25.5904","-10101.33839","148.9653","-61.0488"
"9.6060","25.5904","-10091.44402","148.9653","-61.0536"
"9.6110","25.5905","-10060.60123","148.9653","-61.0560"
"9.6160","25.5910","-9898.83518","148.9653","-61.0655"
"9.6210","25.5926","-9356.73046","148.9653","-61.0910"
"9.6260","25.5965","-8329.39243","148.9653","-61.1535"
"9.6310","25.6044","-7165.95888","148.9653","-61.2450"
"9.6360","25.6178","-5786.26966","148.9653","-61.2856"
"9.6410","25.6380","-4172.07289","148.9653","-61.1568"
"9.6460","25.6656","-2409.86967","148.9653","-60.9672"
"9.6510","25.7005","-841.61407","148.9653","-60.8406"
"9.6560","25.7417","186.27612","148.9653","-60.8130"
"9.6610","25.7880","876.57380","148.9653","-60.7806"
"9.6660","25.8379","1541.43381","148.9653","-60.5907"
"9.6710","25.8903","2178.81083","148.9653","-60.2683"
"9.6760","25.9438","2830.41477","148.9653","-59.9121"
"9.6810","25.9976","3236.69028","148.9653","-59.6002"
"9.6860","26.0512","3200.73652","148.9653","-59.3670"
"9.6910","26.1042","2883.37445","148.9653","-59.2106"
"9.6960","26.1564","2759.71484","148.9653","-58.9985"
"9.7010","26.2078","2815.95445","148.9653","-58.6691"
"9.7060","26.2586","3086.24792","148.9653","-58.3208"
"9.7110","26.3088","3313.78603","148.9653","-58.0236"
"9.7160","26.3585","3217.02194","148.9653","-57.8158"
"9.7210","26.4079","2867.53774","148.9653","-57.6741"
"9.7260","26.4570","2751.54638","148.9653","-57.4593"
"9.7310","26.5061","2877.62547","148.9653","-57.1578"
"9.7360","26.5551","3222.62478","148.9653","-56.8634"
"9.7400","26.5942","3479.68507","148.9653","-56.6684"
"9.7410","26.6040","3519.69886","148.9653","-56.6263"
"11.5250","30.7067","-9998.13461","148.9653","-45.8484"
"11.5300","30.7067","-9990.42225","148.9653","-45.8825"
"11.5350","30.7068","-9962.06284","148.9653","-45.9170"
"11.5400","30.7073","-9804.69894","148.9653","-45.9544"
"11.5450","30.7090","-9275.22850","148.9653","-45.9952"
"11.5500","30.7130","-8203.09925","148.9653","-46.0200"
"11.5550","30.7210","-6637.67529","148.9653","-45.9845"
"11.5600","30.7345","-4480.86977","148.9653","-45.8273"
"11.5650","30.7549","-2001.54424","148.9653","-45.6308"
"11.5700","30.7826","330.07014","148.9653","-45.4489"
"11.5750","30.8174","2092.19360","148.9653","-45.3338"
"11.5800","30.8586","3175.91834","148.9653","-45.2350"
"11.5850","30.9048","4129.49753","148.9653","-45.0314"
"11.5900","30.9547","5190.89365","148.9653","-44.7582"
"11.5950","31.0070","6179.57878","148.9653","-44.4776"
"11.6000","31.0605","6811.92493","148.9653","-44.2088"
"11.6050","31.1143","6921.70095","148.9653","-43.9817"
"11.6100","31.1678","6558.10928","148.9653","-43.7852"
"11.6150","31.2208","6287.03403","148.9653","-43.5169"
"11.6200","31.2729","6414.92367","148.9653","-43.1998"
"11.6250","31.3244","6757.48777","148.9653","-42.8837"
"11.6300","31.3751","6995.67795","148.9653","-42.6034"
"11.6350","31.4253","6896.64698","148.9653","-42.3533"
"11.6400","31.4751","6407.74632","148.9653","-42.1220"
"11.6450","31.5245","6020.31517","148.9653","-41.8342"
"11.6500","31.5736","6149.84083","148.9653","-41.5046"
"11.6550","31.6227","6592.57746","148.9653","-41.2081"
"11.6600","31.6716","6957.15523","148.9653","-40.9792"
"11.6640","31.7107","7008.70514","148.9653","-40.8494"
"11.6650","31.7205","6976.77422","148.9653","-40.8204"
"13.4620","35.8267","-6515.86819","148.9653","-31.1072"
"13.4670","35.8267","-6515.32125","148.9653","-31.1289"
"13.4720","35.8268","-6492.93518","148.9653","-31.1591"
"13.4770","35.8273","-6348.66810","148.9653","-31.1971"
"13.4820","35.8290","-5849.89834","148.9653","-31.2378"
"13.4870","35.8329","-4730.38340","148.9653","-31.2321"
"13.4920","35.8408","-2822.06702","148.9653","-31.0860"
"13.4970","35.8542","-178.77562","148.9653","-30.8489"
"13.5020","35.8744","2509.71508","148.9653","-30.6208"
"13.5070","35.9018","4663.71965","148.9653","-30.4445"
"13.5120","35.9365","6013.69476","148.9653","-30.3180"
"13.5170","35.9774","6946.98811","148.9653","-30.1168"
"13.5220","36.0235","8167.52434","148.9653","-29.8177"
"13.5270","36.0732","9462.96787","148.9653","-29.5420"
"13.5320","36.1254","10376.49727","148.9653","-29.2979"
"13.5370","36.1788","10696.13647","148.9653","-29.0756"
"13.5420","36.2325","10380.70297","148.9653","-28.8528"
"13.5470","36.2861","9832.50999","148.9653","-28.5997"
"13.5520","36.3390","9801.78642","148.9653","-28.3229"
"13.5570","36.3913","10218.82534","148.9653","-28.0520"
"13.5620","36.4428","10574.83673","148.9653","-27.8108"
"13.5670","36.4937","10592.29851","148.9653","-27.6249"
"13.5720","36.5439","10147.33410","148.9653","-27.4462"
"13.5770","36.5937","9545.36533","148.9653","-27.2025"
"13.5820","36.6432","9477.71072","148.9653","-26.8736"
"13.5870","36.6924","9971.30203","148.9653","-26.5249"
"13.5920","36.7414","10492.00916","148.9653","-26.2367"
"13.5970","36.7904","10716.55369","148.9653","-26.0415"
"13.6010","36.8295","10557.11555","148.9653","-25.9061"
"13.6020","36.8393","10468.37997","148.9653","-25.8679"
"15.3930","40.9447","1732.57303","148.9653","-17.4087"
"15.3980","40.9447","1733.10375","148.9653","-17.4375"
"15.4030","40.9448","1754.62437","148.9653","-17.4684"
"15.4080","40.9453","1890.08355","148.9653","-17.5098"
"15.4130","40.9469","2353.51038","148.9653","-17.5641"
"15.4180","40.9508","3404.64735","148.9653","-17.5771"
"15.4230","40.9586","5167.77658","148.9653","-17.4986"
"15.4280","40.9718","7330.26361","148.9653","-17.3551"
"15.4330","40.9919","9255.19943","148.9653","-17.2053"
"15.4380","41.0193","10556.95248","148.9653","-17.0625"
"15.4430","41.0540","11200.55389","148.9653","-16.9098"
"15.4480","41.0952","11881.55746","148.9653","-16.6840"
"15.4530","41.1416","12903.24306","148.9653","-16.4284"
"15.4580","41.1917","13810.91595","148.9653","-16.1887"
"15.4630","41.2442","14272.78233","148.9653","-15.9740"
"15.4680","41.2979","14166.33606","148.9653","-15.7684"
"15.4730","41.3520","13657.82356","148.9653","-15.5193"
"15.4780","41.4057","13396.90876","148.9653","-15.1988"
"15.4830","41.4588","13690.94467","148.9653","-14.8646"
"15.4880","41.5111","14139.35947","148.9653","-14.5563"
"15.4930","41.5625","14363.93929","148.9653","-14.3148"
"15.4980","41.6132","14182.33776","148.9653","-14.1392"
"15.5030","41.6633","13612.00619","148.9653","-13.9626"
"15.5080","41.7129","13264.51683","148.9653","-13.7134"
"15.5130","41.7622","13564.11743","148.9653","-13.3981"
"15.5180","41.8113","14105.56984","148.9653","-13.1121"
"15.5230","41.8602","14459.58233","148.9653","-12.9102"
"15.5280","41.9091","14421.99898","148.9653","-12.7727"
"15.5320","41.9482","14088.64498","148.9653","-12.6628"
"15.5330","41.9580","13991.75644","148.9653","-12.6307"
"17.3130","46.0648","10354.25186","148.9653","-5.5963"
"17.3180","46.0648","10355.10349","148.9653","-5.6056"
"17.3230","46.0648","10375.01144","148.9653","-5.6136"
"17.3280","46.0653","10496.60301","148.9653","-5.6128"
"17.3330","46.0669","10921.12446","148.9653","-5.6244"
"17.3380","46.0708","11881.21223","148.9653","-5.6201"
"17.3430","46.0786","13292.62447","148.9653","-5.5637"
"17.3480","46.0920","14660.83145","148.9653","-5.4669"
"17.3530","46.1122","15594.09809","148.9653","-5.3405"
"17.3580","46.1398","15945.07885","148.9653","-5.1940"
"17.3630","46.1746","16089.38026","148.9653","-4.9952"
"17.3680","46.2159","16599.14398","148.9653","-4.7309"
"17.3730","46.2622","17291.21208","148.9653","-4.4833"
"17.3780","46.3123","17757.85637","148.9653","-4.2487"
"17.3830","46.3647","17791.96167","148.9653","-4.0397"
"17.3880","46.4183","17387.61139","148.9653","-3.8207"
"17.3930","46.4722","16995.38803","148.9653","-3.5294"
"17.3980","46.5259","17129.31252","148.9653","-3.2198"
"17.4030","46.5789","17603.02734","148.9653","-2.9684"
"17.4080","46.6311","17977.16904","148.9653","-2.7803"
"17.4130","46.6825","18020.84351","148.9653","-2.6569"
"17.4180","46.7331","17662.56332","148.9653","-2.5261"
"17.4230","46.7832","17264.74953","148.9653","-2.3380"
"17.4280","46.8329","17326.47324","148.9653","-2.0700"
"17.4330","46.8822","17774.94049","148.9653","-1.7790"
"17.4380","46.9313","18176.83792","148.9653","-1.5483"
"17.4430","46.9804","18282.48596","148.9653","-1.3977"
"17.4480","47.0294","17973.59848","148.9653","-1.2727"
"17.4520","47.0686","17623.53897","148.9653","-1.1602"
"17.4530","47.0784","17566.23650","148.9653","-1.1235"
"19.2320","51.1834","18075.63210","148.9653","5.4677"
"19.2370","51.1834","18077.22855","148.9653","5.4533"
"19.2420","51.1835","18093.88924","148.9653","5.4407"
"19.2470","51.1840","18215.01350","148.9653","5.4263"
"19.2520","51.1857","18646.87347","148.9653","5.4066"
"19.2570","51.1897","19548.10143","148.9653","5.3806"
"19.2620","51.1976","20577.64244","148.9653","5.3661"
"19.2670","51.2110","21331.50101","148.9653","5.3532"
"19.2720","51.2313","21580.96886","148.9653","5.3734"
"19.2770","51.2589","21388.42964","148.9653","5.4412"
"19.2820","51.2937","21335.95657","148.9653","5.5872"
"19.2870","51.3349","21687.50381","148.9653","5.7718"
"19.2920","51.3812","22061.85150","148.9653","5.9354"
"19.2970","51.4312","22154.12331","148.9653","6.0996"
"19.3020","51.4835","21848.97232","148.9653","6.2753"
"19.3070","51.5370","21322.23892","148.9653","6.4782"
"19.3120","51.5909","21141.80756","148.9653","6.7689"
"19.3170","51.6444","21454.74815","148.9653","7.0815"
"19.3220","51.6973","21886.85608","148.9653","7.3470"
"19.3270","51.7495","22123.14415","148.9653","7.5289"
"19.3320","51.8008","22004.04930","148.9653","7.6560"
"19.3370","51.8515","21627.52151","148.9653","7.8083"
"19.3420","51.9015","21491.95099","148.9653","7.9848"
"19.3470","51.9511","21822.71957","148.9653","8.1766"
"19.3520","52.0004","22264.73236","148.9653","8.3601"
"19.3570","52.0495","22519.01627","148.9653","8.4950"
"19.3620","52.0985","22425.80414","148.9653","8.6079"
"19.3670","52.1475","22027.63939","148.9653","8.7465"
"19.3710","52.1866","21842.90504","148.9653","8.9062"
"19.3720","52.1964","21847.35298","148.9653","8.9518"
"32.8550","0.0008","-9122.70832","138.9672","-130.5190"
"32.8600","0.0008","-9120.74280","138.9672","-130.4870"
"32.8650","0.0010","-9054.70467","138.9672","-130.4697"
"32.8700","0.0017","-8757.74097","138.9672","-130.4426"
"32.8750","0.0044","-8365.27252","138.9672","-130.2756"
"32.8800","0.0105","-7869.06004","138.9672","-130.0167"
"32.8850","0.0220","-7448.82107","138.9672","-129.8079"
"32.8900","0.0403","-7506.15358","138.9672","-129.6781"
"32.8950","0.0662","-8203.33481","138.9672","-129.6086"
"32.9000","0.0996","-8909.08909","138.9672","-129.4223"
"32.9050","0.1396","-9061.65791","138.9672","-129.0070"
"32.9100","0.1852","-8798.36845","138.9672","-128.5216"
"32.9150","0.2347","-8637.03156","138.9672","-128.0710"
"32.9200","0.2867","-8905.87711","138.9672","-127.6838"
"32.9250","0.3401","-9560.83107","138.9672","-127.3394"
"32.9300","0.3939","-9948.86971","138.9672","-126.8938"
"32.9350","0.4475","-9792.14382","138.9672","-126.3078"
"32.9400","0.5005","-9223.36197","138.9672","-125.7359"
"32.9450","0.5527","-8703.90606","138.9672","-125.2916"
"32.9500","0.6041","-8598.33050","138.9672","-124.9986"
"32.9550","0.6547","-8992.93232","138.9672","-124.7873"
"32.9600","0.7049","-9399.29485","138.9672","-124.5227"
"32.9650","0.7545","-9361.36913","138.9672","-124.0480"
"32.9700","0.8038","-8852.39792","138.9672","-123.5415"
"32.9750","0.8529","-8255.31387","138.9672","-123.1272"
"32.9800","0.9019","-8011.13605","138.9672","-122.8646"
"32.9850","0.9507","-8303.66516","138.9672","-122.7413"
"32.9900","0.9996","-8692.62600","138.9672","-122.6215"
"32.9910","1.0094","-8728.71399","138.9672","-122.5770"
"32.9920","1.0191","-8747.75219","138.9672","-122.5223"
"34.7760","5.1209","-15652.15969","138.9681","-103.2324"
"34.7810","5.1209","-15642.69733","138.9681","-103.2439"
"34.7860","5.1210","-15597.34535","138.9681","-103.2771"
"34.7910","5.1215","-15338.25874","138.9681","-103.3296"
"34.7960","5.1231","-14513.67569","138.9681","-103.4450"
"34.8010","5.1271","-12989.56203","138.9681","-103.6405"
"34.8060","5.1351","-11155.46894","138.9681","-103.8962"
"34.8110","5.1486","-9600.02232","138.9681","-104.1114"
"34.8160","5.1689","-8692.05189","138.9681","-104.2782"
"34.8210","5.1967","-8146.24023","138.9681","-104.3312"
"34.8260","5.2317","-7585.19411","138.9681","-104.1231"
"34.8310","5.2730","-6818.51721","138.9681","-103.8384"
"34.8360","5.3194","-6120.33319","138.9681","-103.5835"
"34.8410","5.3694","-5876.28412","138.9681","-103.3828"
"34.8460","5.4218","-6126.26982","138.9681","-103.2453"
"34.8510","5.4753","-6361.99522","138.9681","-103.0287"
"34.8560","5.5290","-6443.32790","138.9681","-102.6422"
"34.8610","5.5826","-6215.43884","138.9681","-102.2498"
"34.8660","5.6355","-5854.08258","138.9681","-101.9574"
"34.8710","5.6877","-5746.10949","138.9681","-101.7946"
"34.8760","5.7391","-6068.63689","138.9681","-101.7559"
"34.8810","5.7899","-6388.32188","138.9681","-101.6898"
"34.8860","5.8401","-6516.96539","138.9681","-101.4446"
"34.8910","5.8898","-6323.61650","138.9681","-101.1623"
"34.8960","5.9392","-5930.10569","138.9681","-100.9403"
"34.9010","5.9883","-5751.85680","138.9681","-100.8252"
"34.9060","6.0373","-6019.65570","138.9681","-100.7917"
"34.9110","6.0862","-6308.63380","138.9681","-100.7048"
"34.9150","6.1253","-6406.95477","138.9681","-100.5078"
"34.9160","6.1351","-6416.94784","138.9681","-100.4435"
"36.7070","10.2407","-10084.97715","138.9681","-87.7871"
"36.7120","10.2407","-10077.86942","138.9681","-87.7850"
"36.7170","10.2408","-10040.51304","138.9681","-87.7994"
"36.7220","10.2413","-9804.62265","138.9681","-87.8512"
"36.7270","10.2430","-9047.80293","138.9681","-87.9976"
"36.7320","10.2471","-7815.45305","138.9681","-88.2275"
"36.7370","10.2551","-6585.13880","138.9681","-88.4826"
"36.7420","10.2687","-5768.48316","138.9681","-88.7452"
"36.7470","10.2891","-5456.10666","138.9681","-88.9712"
"36.7520","10.3168","-5203.71389","138.9681","-89.0120"
"36.7570","10.3517","-4827.94714","138.9681","-88.8545"
"36.7620","10.3929","-4278.45430","138.9681","-88.6979"
"36.7670","10.4393","-3941.12158","138.9681","-88.6288"
"36.7720","10.4893","-4053.66707","138.9681","-88.6141"
"36.7770","10.5416","-4250.91743","138.9681","-88.5331"
"36.7820","10.5952","-4345.52622","138.9681","-88.2471"
"36.7870","10.6490","-4192.93928","138.9681","-87.8311"
"36.7920","10.7025","-3803.37477","138.9681","-87.4735"
"36.7970","10.7554","-3543.93101","138.9681","-87.2705"
"36.8020","10.8076","-3702.54993","138.9681","-87.2062"
"36.8070","10.8589","-4073.70996","138.9681","-87.1726"
"36.8120","10.9096","-4304.48627","138.9681","-87.0167"
"36.8170","10.9597","-4296.95559","138.9681","-86.7008"
"36.8220","11.0093","-3982.18822","138.9681","-86.3623"
"36.8270","11.0586","-3707.48258","138.9681","-86.1626"
"36.8320","11.1077","-3811.94949","138.9681","-86.1154"
"36.8370","11.1567","-4160.41756","138.9681","-86.1260"
"36.8420","11.2057","-4331.59542","138.9681","-86.0187"
"36.8460","11.2448","-4313.65919","138.9681","-85.8211"
"36.8470","11.2546","-4274.18709","138.9681","-85.7646"
"38.6270","15.3568","-8640.47718","138.9681","-75.9387"
"38.6320","15.3568","-8635.85472","138.9681","-75.9458"
"38.6370","15.3569","-8603.28960","138.9681","-75.9565"
"38.6420","15.3574","-8400.92850","138.9681","-76.0092"
"38.6470","15.3591","-7742.71297","138.9681","-76.1200"
"38.6520","15.3632","-6713.44948","138.9681","-76.2730"
"38.6570","15.3713","-5771.17252","138.9681","-76.4508"
"38.6620","15.3850","-5223.41919","138.9681","-76.6402"
"38.6670","15.4054","-4844.30361","138.9681","-76.7701"
"38.6720","15.4333","-4387.79926","138.9681","-76.6945"
"38.6770","15.4683","-3717.02003","138.9681","-76.5420"
"38.6820","15.5096","-3110.20207","138.9681","-76.4205"
"38.6870","15.5560","-2883.74758","138.9681","-76.3574"
"38.6920","15.6060","-2986.25684","138.9681","-76.3048"
"38.6970","15.6584","-3046.94533","138.9681","-76.1141"
"38.7020","15.7119","-2908.07343","138.9681","-75.7603"
"38.7070","15.7657","-2527.95935","138.9681","-75.3985"
"38.7120","15.8193","-2201.05219","138.9681","-75.1271"
"38.7170","15.8723","-2199.88465","138.9681","-74.9804"
"38.7220","15.9246","-2511.20877","138.9681","-74.9172"
"38.7270","15.9760","-2748.13032","138.9681","-74.7980"
"38.7320","16.0268","-2794.21568","138.9681","-74.5308"
"38.7370","16.0769","-2523.89717","138.9681","-74.2094"
"38.7420","16.1266","-2200.43659","138.9681","-73.9336"
"38.7470","16.1760","-2136.37090","138.9681","-73.7743"
"38.7520","16.2252","-2397.89987","138.9681","-73.7309"
"38.7570","16.2742","-2590.09218","138.9681","-73.6497"
"38.7620","16.3232","-2594.52796","138.9681","-73.4380"
"38.7660","16.3623","-2380.28860","138.9681","-73.2259"
"38.7670","16.3721","-2309.59535","138.9681","-73.1748"
"40.5460","20.4788","-8697.25227","138.9681","-62.7876"
"40.5510","20.4788","-8693.83144","138.9681","-62.7976"
"40.5560","20.4789","-8667.02366","138.9681","-62.8064"
"40.5610","20.4794","-8499.38488","138.9681","-62.8209"
"40.5660","20.4810","-7941.92791","138.9681","-62.8471"
"40.5710","20.4849","-6982.83148","138.9681","-62.9005"
"40.5760","20.4927","-6030.31445","138.9681","-63.0136"
"40.5810","20.5060","-5212.80146","138.9681","-63.1520"
"40.5860","20.5262","-4359.89285","138.9681","-63.1552"
"40.5910","20.5537","-3375.57864","138.9681","-63.0034"
"40.5960","20.5884","-2275.84529","138.9681","-62.8354"
"40.6010","20.6294","-1455.88231","138.9681","-62.7556"
"40.6060","20.6755","-1094.32709","138.9681","-62.7412"
"40.6110","20.7254","-882.77966","138.9681","-62.6747"
"40.6160","20.7776","-678.67774","138.9681","-62.4206"
"40.6210","20.8310","-278.52830","138.9681","-62.0824"
"40.6260","20.8848","206.76944","138.9681","-61.7694"
"40.6310","20.9383","458.73272","138.9681","-61.5386"
"40.6360","20.9913","329.90348","138.9681","-61.4222"
"40.6410","21.0434","119.66071","138.9681","-61.3164"
"40.6460","21.0948","-51.51463","138.9681","-61.0709"
"40.6510","21.1455","22.49868","138.9681","-60.7330"
"40.6560","21.1956","370.89351","138.9681","-60.4252"
"40.6610","21.2453","618.78252","138.9681","-60.1981"
"40.6660","21.2946","525.59847","138.9681","-60.0859"
"40.6710","21.3437","322.17330","138.9681","-59.9985"
"40.6760","21.3928","171.84594","138.9681","-59.7996"
"40.6810","21.4418","240.19709","138.9681","-59.4926"
"40.6850","21.4811","512.70807","138.9681","-59.2408"
"40.6860","21.4909","585.74319","138.9681","-59.1822"
"42.4680","25.5947","-7878.26061","138.9681","-48.6644"
"42.4730","25.5947","-7871.63448","138.9681","-48.6645"
"42.4780","25.5948","-7843.08100","138.9681","-48.6769"
"42.4830","25.5953","-7685.10246","138.9681","-48.7006"
"42.4880","25.5969","-7160.40421","138.9681","-48.7463"
"42.4930","25.6009","-6253.53336","138.9681","-48.8208"
"42.4980","25.6088","-5273.21005","138.9681","-48.9299"
"42.5030","25.6223","-4165.52496","138.9681","-49.0107"
"42.5080","25.6426","-2911.04937","138.9681","-48.9737"
"42.5130","25.6704","-1454.38969","138.9681","-48.8735"
"42.5180","25.7053","-151.15649","138.9681","-48.7725"
"42.5230","25.7465","697.00706","138.9681","-48.6985"
"42.5280","25.7929","1251.09839","138.9681","-48.6208"
"42.5330","25.8429","1693.97974","138.9681","-48.3958"
"42.5380","25.8953","2192.82603","138.9681","-48.0552"
"42.5430","25.9488","2756.74725","138.9681","-47.7268"
"42.5480","26.0027","3113.40404","138.9681","-47.4600"
"42.5530","26.0562","3087.97598","138.9681","-47.2591"
"42.5580","26.1092","2843.77337","138.9681","-47.1076"
"42.5630","26.1614","2675.45867","138.9681","-46.8997"
"42.5680","26.2129","2673.57445","138.9681","-46.6082"
"42.5730","26.2636","2933.59733","138.9681","-46.3104"
"42.5780","26.3137","3153.13196","138.9681","-46.0716"
"42.5830","26.3634","3081.27999","138.9681","-45.9090"
"42.5880","26.4128","2831.48670","138.9681","-45.7863"
"42.5930","26.4619","2709.86390","138.9681","-45.5927"
"42.5980","26.5110","2784.08456","138.9681","-45.3641"
"42.6030","26.5600","3115.12852","138.9681","-45.1754"
"42.6070","26.5991","3374.27568","138.9681","-45.0348"
"42.6080","26.6089","3415.97056","138.9681","-45.0022"
"44.3870","30.7107","-7919.98005","138.9681","-35.0912"
"44.3920","30.7107","-7913.08451","138.9681","-35.0788"
"44.3970","30.7108","-7885.51188","138.9681","-35.0900"
"44.4020","30.7113","-7735.94379","138.9681","-35.1245"
"44.4070","30.7129","-7232.13768","138.9681","-35.1583"
"44.4120","30.7169","-6269.61756","138.9681","-35.2019"
"44.4170","30.7248","-4926.40495","138.9681","-35.2158"
"44.4220","30.7382","-3079.45013","138.9681","-35.1558"
"44.4270","30.7584","-926.89657","138.9681","-35.0698"
"44.4320","30.7860","1093.46640","138.9681","-34.9935"
"44.4370","30.8207","2592.69619","138.9681","-34.9155"
"44.4420","30.8618","3500.44537","138.9681","-34.8076"
"44.4470","30.9079","4307.83701","138.9681","-34.6464"
"44.4520","30.9578","5248.61670","138.9681","-34.4615"
"44.4570","31.0100","6141.32452","138.9681","-34.2553"
"44.4620","31.0635","6697.64423","138.9681","-34.0188"
"44.4670","31.1173","6763.51070","138.9681","-33.7718"
"44.4720","31.1709","6429.32129","138.9681","-33.5067"
"44.4770","31.2239","6195.10365","138.9681","-33.2365"
"44.4820","31.2761","6337.30602","138.9681","-32.9962"
"44.4870","31.3276","6671.63277","138.9681","-32.7757"
"44.4920","31.3783","6873.98767","138.9681","-32.5598"
"44.4970","31.4285","6737.31422","138.9681","-32.3541"
"44.5020","31.4782","6234.43556","138.9681","-32.1371"
"44.5070","31.5276","5841.19987","138.9681","-31.8745"
"44.5120","31.5767","5988.09290","138.9681","-31.5888"
"44.5170","31.6257","6447.01576","138.9681","-31.3327"
"44.5220","31.6746","6814.32581","138.9681","-31.1200"
"44.5260","31.7138","6866.23955","138.9681","-30.9763"
"44.5270","31.7235","6835.04820","138.9681","-30.9422"
"46.3080","35.8290","-5367.43689","138.9681","-22.4144"
"46.3130","35.8290","-5370.28742","138.9681","-22.4351"
"46.3180","35.8291","-5351.53818","138.9681","-22.4608"
"46.3230","35.8296","-5211.60984","138.9681","-22.5027"
"46.3280","35.8313","-4727.28300","138.9681","-22.5688"
"46.3330","35.8353","-3683.76803","138.9681","-22.5946"
"46.3380","35.8432","-1881.33037","138.9681","-22.5262"
"46.3430","35.8567","575.38790","138.9681","-22.3818"
"46.3480","35.8770","3018.27264","138.9681","-22.2240"
"46.3530","35.9046","4945.84370","138.9681","-22.0735"
"46.3580","35.9393","6140.64884","138.9681","-21.9421"
"46.3630","35.9804","6973.36006","138.9681","-21.7694"
"46.3680","36.0265","8091.61758","138.9681","-21.5524"
"46.3730","36.0763","9251.52397","138.9681","-21.3188"
"46.3780","36.1284","10048.36750","138.9681","-21.0713"
"46.3830","36.1818","10286.88431","138.9681","-20.8378"
"46.3880","36.2355","9953.40729","138.9681","-20.5921"
"46.3930","36.2890","9472.84317","138.9681","-20.3290"
"46.3980","36.3420","9521.13152","138.9681","-20.1017"
"46.4030","36.3943","9954.76055","138.9681","-19.9047"
"46.4080","36.4458","10307.71160","138.9681","-19.7306"
"46.4130","36.4966","10322.55554","138.9681","-19.5580"
"46.4180","36.5469","9898.84186","138.9681","-19.3713"
"46.4230","36.5967","9352.30064","138.9681","-19.1320"
"46.4280","36.6461","9352.53048","138.9681","-18.8811"
"46.4330","36.6953","9821.16890","138.9681","-18.6424"
"46.4380","36.7444","10275.06733","138.9681","-18.4358"
"46.4430","36.7933","10436.01322","138.9681","-18.2561"
"46.4470","36.8325","10250.08392","138.9681","-18.0947"
"46.4480","36.8423","10159.44195","138.9681","-18.0468"
"48.2270","40.9456","1710.76393","138.9681","-10.4089"
"48.2320","40.9456","1712.21042","138.9681","-10.4422"
"48.2370","40.9457","1731.39334","138.9681","-10.4752"
"48.2420","40.9462","1858.43277","138.9681","-10.4947"
"48.2470","40.9478","2299.23391","138.9681","-10.5271"
"48.2520","40.9517","3314.20565","138.9681","-10.5305"
"48.2570","40.9594","5043.24532","138.9681","-10.4779"
"48.2620","40.9727","7086.01713","138.9681","-10.4160"
"48.2670","40.9927","8880.04208","138.9681","-10.3291"
"48.2720","41.0201","10093.44196","138.9681","-10.2213"
"48.2770","41.0547","10735.67772","138.9681","-10.1035"
"48.2820","41.0957","11449.47624","138.9681","-9.9632"
"48.2870","41.1418","12447.35527","138.9681","-9.8064"
"48.2920","41.1917","13318.93444","138.9681","-9.6375"
"48.2970","41.2438","13774.71066","138.9681","-9.4578"
"48.3020","41.2972","13702.65865","138.9681","-9.2346"
"48.3070","41.3510","13240.35740","138.9681","-8.9796"
"48.3120","41.4045","12990.07511","138.9681","-8.6887"
"48.3170","41.4574","13267.71736","138.9681","-8.4182"
"48.3220","41.5096","13690.77206","138.9681","-8.1574"
"48.3270","41.5610","13921.50497","138.9681","-7.9336"
"48.3320","41.6118","13788.00488","138.9681","-7.7392"
"48.3370","41.6620","13309.94129","138.9681","-7.5130"
"48.3420","41.7117","12999.12453","138.9681","-7.2834"
"48.3470","41.7611","13272.16053","138.9681","-7.0980"
"48.3520","41.8103","13749.14646","138.9681","-6.9501"
"48.3570","41.8593","14059.95750","138.9681","-6.8312"
"48.3620","41.9083","14012.62188","138.9681","-6.7132"
"48.3660","41.9474","13696.04778","138.9681","-6.6037"
"48.3670","41.9572","13602.71454","138.9681","-6.5718"
"50.1490","46.0626","10892.82036","138.9681","-0.1094"
"50.1540","46.0626","10893.75687","138.9681","-0.1269"
"50.1590","46.0626","10911.05556","138.9681","-0.1382"
"50.1640","46.0631","11022.80235","138.9681","-0.1473"
"50.1690","46.0647","11421.46206","138.9681","-0.1568"
"50.1740","46.0686","12334.74159","138.9681","-0.1524"
"50.1790","46.0764","13618.29567","138.9681","-0.1125"
"50.1840","46.0897","14830.02186","138.9681","-0.0491"
"50.1890","46.1098","15635.21481","138.9681","0.0413"
"50.1940","46.1373","15899.04690","138.9681","0.1321"
"50.1990","46.1721","15938.52234","138.9681","0.2569"
"50.2040","46.2132","16337.17728","138.9681","0.4467"
"50.2090","46.2595","16928.14827","138.9681","0.6697"
"50.2140","46.3094","17329.60510","138.9681","0.8808"
"50.2190","46.3617","17347.34726","138.9681","1.0759"
"50.2240","46.4153","16978.78075","138.9681","1.3042"
"50.2290","46.4691","16618.58749","138.9681","1.5647"
"50.2340","46.5227","16752.47955","138.9681","1.7804"
"50.2390","46.5758","17169.03496","138.9681","1.9497"
"50.2440","46.6280","17498.30437","138.9681","2.0722"
"50.2490","46.6795","17540.60555","138.9681","2.1716"
"50.2540","46.7302","17241.79077","138.9681","2.3032"
"50.2590","46.7804","16881.70242","138.9681","2.4935"
"50.2640","46.8301","16951.05553","138.9681","2.7230"
"50.2690","46.8794","17384.63593","138.9681","2.9786"
"50.2740","46.9285","17786.62109","138.9681","3.2089"
"50.2790","46.9775","17923.19870","138.9681","3.3858"
"50.2840","47.0265","17689.66293","138.9681","3.5167"
"50.2880","47.0657","17370.39566","138.9681","3.6299"
"50.2890","47.0755","17312.34550","138.9681","3.6617"
"52.0880","51.1794","18907.30476","138.9681","9.2446"
"52.0930","51.1794","18907.72247","138.9681","9.2435"
"52.0980","51.1795","18924.99352","138.9681","9.2201"
"52.1030","51.1800","19042.02271","138.9681","9.1992"
"52.1080","51.1817","19448.20595","138.9681","9.1897"
"52.1130","51.1858","20205.13344","138.9681","9.1888"
"52.1180","51.1939","20991.09459","138.9681","9.1953"
"52.1230","51.2075","21507.08199","138.9681","9.2132"
"52.1280","51.2279","21571.10977","138.9681","9.2608"
"52.1330","51.2557","21236.17744","138.9681","9.3364"
"52.1380","51.2907","21068.26019","138.9681","9.4535"
"52.1430","51.3321","21315.92560","138.9681","9.5879"
"52.1480","51.3785","21603.94287","138.9681","9.7177"
"52.1530","51.4285","21655.30396","138.9681","9.8604"
"52.1580","51.4809","21363.25455","138.9681","10.0419"
"52.1630","51.5344","20860.38971","138.9681","10.2572"
"52.1680","51.5882","20673.82431","138.9681","10.4861"
"52.1730","51.6417","20960.34622","138.9681","10.7173"
"52.1780","51.6946","21345.38269","138.9681","10.9172"
"52.1830","51.7467","21550.37498","138.9681","11.0689"
"52.1880","51.7980","21442.48009","138.9681","11.2164"
"52.1930","51.8487","21092.78107","138.9681","11.3822"
"52.1980","51.8987","20974.21837","138.9681","11.5555"
"52.2030","51.9484","21308.51746","138.9681","11.7479"
"52.2080","51.9977","21737.04529","138.9681","11.9322"
"52.2130","52.0468","21976.67694","138.9681","12.0732"
"52.2180","52.0958","21886.43646","138.9681","12.2006"
"52.2230","52.1448","21523.54050","138.9681","12.3356"
"52.2270","52.1839","21344.20967","138.9681","12.4588"
"52.2280","52.1937","21350.38757","138.9681","12.4902"
"65.7060","0.0009","-9113.86871","128.9772","-111.7362"
"65.7110","0.0009","-9113.59787","128.9772","-111.7034"
"65.7160","0.0010","-9051.22375","128.9772","-111.7052"
"65.7210","0.0018","-8752.07329","128.9772","-111.7337"
"65.7260","0.0044","-8273.93818","128.9772","-111.7359"
"65.7310","0.0106","-7592.16118","128.9772","-111.7152"
"65.7360","0.0221","-6941.54119","128.9772","-111.7593"
"65.7410","0.0404","-6745.44001","128.9772","-111.9260"
"65.7460","0.0662","-7232.02801","128.9772","-112.1871"
"65.7510","0.0995","-7861.07206","128.9772","-112.2494"
"65.7560","0.1396","-7980.32713","128.9772","-112.0024"
"65.7610","0.1850","-7667.93203","128.9772","-111.6650"
"65.7660","0.2345","-7424.82948","128.9772","-111.3623"
"65.7710","0.2865","-7585.52122","128.9772","-111.1476"
"65.7760","0.3399","-8171.37814","128.9772","-111.0094"
"65.7810","0.3937","-8632.61318","128.9772","-110.6703"
"65.7860","0.4473","-8579.96655","128.9772","-110.1229"
"65.7910","0.5003","-8037.38689","128.9772","-109.5687"
"65.7960","0.5525","-7485.63004","128.9772","-109.1716"
"65.8010","0.6039","-7319.99874","128.9772","-108.9634"
"65.8060","0.6546","-7662.49561","128.9772","-108.8824"
"65.8110","0.7048","-8111.88793","128.9772","-108.7236"
"65.8160","0.7544","-8200.81234","128.9772","-108.3474"
"65.8210","0.8038","-7793.52760","128.9772","-107.9269"
"65.8260","0.8528","-7286.47661","128.9772","-107.5687"
"65.8310","0.9017","-7090.96098","128.9772","-107.3434"
"65.8360","0.9506","-7389.82153","128.9772","-107.2420"
"65.8410","0.9994","-7837.36277","128.9772","-107.1568"
"65.8420","1.0091","-7895.83921","128.9772","-107.1166"
"65.8430","1.0189","-7937.99114","128.9772","-107.0662"
"67.6260","5.1237","-13582.55863","128.9772","-90.5846"
"67.6310","5.1237","-13578.51982","128.9772","-90.6002"
"67.6360","5.1237","-13538.66100","128.9772","-90.6194"
"67.6410","5.1242","-13278.01991","128.9772","-90.6749"
"67.6460","5.1259","-12439.06975","128.9772","-90.7882"
"67.6510","5.1298","-10937.04414","128.9772","-90.9646"
"67.6560","5.1377","-9222.50462","128.9772","-91.1507"
"67.6610","5.1512","-7816.80822","128.9772","-91.2868"
"67.6660","5.1715","-7060.02045","128.9772","-91.3628"
"67.6710","5.1992","-6741.16421","128.9772","-91.3059"
"67.6760","5.2341","-6404.38175","128.9772","-91.0864"
"67.6810","5.2754","-5768.51416","128.9772","-90.8660"
"67.6860","5.3217","-5162.54950","128.9772","-90.6676"
"67.6910","5.3717","-4955.58596","128.9772","-90.4883"
"67.6960","5.4240","-5220.68644","128.9772","-90.3311"
"67.7010","5.4775","-5563.75122","128.9772","-90.0622"
"67.7060","5.5312","-5718.23025","128.9772","-89.7195"
"67.7110","5.5847","-5478.29294","128.9772","-89.4422"
"67.7160","5.6376","-5107.62310","128.9772","-89.2341"
"67.7210","5.6898","-4979.49266","128.9772","-89.0868"
"67.7260","5.7412","-5275.98333","128.9772","-88.9996"
"67.7310","5.7919","-5654.96683","128.9772","-88.8601"
"67.7360","5.8421","-5839.46323","128.9772","-88.6364"
"67.7410","5.8919","-5632.35807","128.9772","-88.4098"
"67.7460","5.9412","-5228.45697","128.9772","-88.2328"
"67.7510","5.9904","-5023.81134","128.9772","-88.1225"
"67.7560","6.0393","-5253.84188","128.9772","-88.0677"
"67.7610","6.0883","-5634.85765","128.9772","-87.9496"
"67.7650","6.1274","-5858.10280","128.9772","-87.7271"
"67.7660","6.1372","-5885.99777","128.9772","-87.6656"
"69.5570","10.2430","-8265.43903","128.9772","-77.1511"
"69.5620","10.2430","-8258.04138","128.9772","-77.1353"
"69.5670","10.2431","-8219.09332","128.9772","-77.1313"
"69.5720","10.2436","-7977.05841","128.9772","-77.1548"
"69.5770","10.2453","-7228.36256","128.9772","-77.2440"
"69.5820","10.2493","-6099.94936","128.9772","-77.3718"
"69.5870","10.2573","-5036.45420","128.9772","-77.4817"
"69.5920","10.2708","-4371.21820","128.9772","-77.5770"
"69.5970","10.2912","-4213.34267","128.9772","-77.6607"
"69.6020","10.3189","-4236.30476","128.9772","-77.5899"
"69.6070","10.3538","-4040.41672","128.9772","-77.4246"
"69.6120","10.3950","-3603.33228","128.9772","-77.2536"
"69.6170","10.4413","-3320.64223","128.9772","-77.1005"
"69.6220","10.4913","-3429.93689","128.9772","-76.9970"
"69.6270","10.5436","-3727.12135","128.9772","-76.8755"
"69.6320","10.5972","-4019.45782","128.9772","-76.5936"
"69.6370","10.6510","-3969.62237","128.9772","-76.2911"
"69.6420","10.7045","-3616.20855","128.9772","-76.0559"
"69.6470","10.7574","-3340.10887","128.9772","-75.9251"
"69.6520","10.8096","-3411.42297","128.9772","-75.8764"
"69.6570","10.8610","-3719.42234","128.9772","-75.8348"
"69.6620","10.9116","-4028.11098","128.9772","-75.6759"
"69.6670","10.9617","-4065.07444","128.9772","-75.4140"
"69.6720","11.0114","-3771.84439","128.9772","-75.1542"
"69.6770","11.0607","-3499.99785","128.9772","-74.9425"
"69.6820","11.1097","-3534.44004","128.9772","-74.8198"
"69.6870","11.1587","-3835.91199","128.9772","-74.7673"
"69.6920","11.2076","-4120.17298","128.9772","-74.6189"
"69.6960","11.2467","-4157.74965","128.9772","-74.4485"
"69.6970","11.2565","-4121.53959","128.9772","-74.4056"
"71.4770","15.3586","-7225.05331","128.9772","-64.9307"
"71.4820","15.3586","-7222.20421","128.9772","-64.9167"
"71.4870","15.3587","-7189.81504","128.9772","-64.9274"
"71.4920","15.3593","-6981.15301","128.9772","-64.9630"
"71.4970","15.3610","-6330.92737","128.9772","-65.0287"
"71.5020","15.3651","-5378.52907","128.9772","-65.1173"
"71.5070","15.3732","-4521.59595","128.9772","-65.2200"
"71.5120","15.3869","-4034.29508","128.9772","-65.3228"
"71.5170","15.4075","-3810.90856","128.9772","-65.3676"
"71.5220","15.4354","-3544.76690","128.9772","-65.2723"
"71.5270","15.4704","-2989.48312","128.9772","-65.1512"
"71.5320","15.5118","-2471.08841","128.9772","-65.0602"
"71.5370","15.5582","-2278.93996","128.9772","-64.9849"
"71.5420","15.6082","-2404.25682","128.9772","-64.8928"
"71.5470","15.6606","-2604.94995","128.9772","-64.6451"
"71.5520","15.7141","-2569.39793","128.9772","-64.3173"
"71.5570","15.7680","-2219.45000","128.9772","-64.0182"
"71.5620","15.8216","-1889.87887","128.9772","-63.7774"
"71.5670","15.8746","-1834.30314","128.9772","-63.6168"
"71.5720","15.9268","-2097.55039","128.9772","-63.5092"
"71.5770","15.9783","-2398.84329","128.9772","-63.3346"
"71.5820","16.0290","-2493.79301","128.9772","-63.0550"
"71.5870","16.0792","-2214.09416","128.9772","-62.7917"
"71.5920","16.1289","-1873.38674","128.9772","-62.5554"
"71.5970","16.1782","-1752.88999","128.9772","-62.3892"
"71.6020","16.2274","-1935.69279","128.9772","-62.2806"
"71.6070","16.2764","-2175.26722","128.9772","-62.1253"
"71.6120","16.3254","-2249.92847","128.9772","-61.9011"
"71.6160","16.3645","-2036.64732","128.9772","-61.7122"
"71.6170","16.3743","-1963.70924","128.9772","-61.6663"
"73.3960","20.4771","-6632.91264","128.9772","-51.8853"
"73.4010","20.4771","-6627.88486","128.9772","-51.8900"
"73.4060","20.4772","-6599.57409","128.9772","-51.9061"
"73.4110","20.4777","-6429.72183","128.9772","-51.9337"
"73.4160","20.4793","-5873.76213","128.9772","-51.9843"
"73.4210","20.4832","-4992.31386","128.9772","-52.0774"
"73.4260","20.4910","-4160.17628","128.9772","-52.1684"
"73.4310","20.5044","-3540.66038","128.9772","-52.2551"
"73.4360","20.5246","-3020.07937","128.9772","-52.2178"
"73.4410","20.5522","-2307.45053","128.9772","-52.0741"
"73.4460","20.5869","-1419.77060","128.9772","-51.9489"
"73.4510","20.6281","-735.89349","128.9772","-51.8688"
"73.4560","20.6743","-439.04200","128.9772","-51.7968"
"73.4610","20.7242","-352.42018","128.9772","-51.6479"
"73.4660","20.7764","-292.55855","128.9772","-51.3716"
"73.4710","20.8298","39.50801","128.9772","-51.0970"
"73.4760","20.8836","487.44741","128.9772","-50.8645"
"73.4810","20.9370","749.48448","128.9772","-50.6640"
"73.4860","20.9899","680.29869","128.9772","-50.5180"
"73.4910","21.0420","444.11892","128.9772","-50.3491"
"73.4960","21.0933","172.46917","128.9772","-50.0689"
"73.5010","21.1440","214.98650","128.9772","-49.7863"
"73.5060","21.1941","576.54798","128.9772","-49.5541"
"73.5110","21.2438","872.39444","128.9772","-49.3920"
"73.5160","21.2931","869.02624","128.9772","-49.2790"
"73.5210","21.3423","660.06070","128.9772","-49.1435"
"73.5260","21.3914","416.84890","128.9772","-48.9029"
"73.5310","21.4405","469.60157","128.9772","-48.6270"
"73.5350","21.4797","758.87400","128.9772","-48.4357"
"73.5360","21.4895","837.69041","128.9772","-48.3926"
"75.3150","25.5954","-6042.00220","128.9772","-38.9018"
"75.3200","25.5954","-6037.36877","128.9772","-38.9389"
"75.3250","25.5954","-6010.80751","128.9772","-38.9700"
"75.3300","25.5960","-5856.29129","128.9772","-38.9891"
"75.3350","25.5976","-5346.79270","128.9772","-39.0353"
"75.3400","25.6016","-4481.34613","128.9772","-39.0909"
"75.3450","25.6095","-3586.25674","128.9772","-39.1367"
"75.3500","25.6230","-2669.34490","128.9772","-39.1044"
"75.3550","25.6434","-1623.38483","128.9772","-38.9699"
"75.3600","25.6711","-356.04393","128.9772","-38.8225"
"75.3650","25.7060","764.19127","128.9772","-38.7211"
"75.3700","25.7473","1473.16563","128.9772","-38.6648"
"75.3750","25.7937","1864.77017","128.9772","-38.5620"
"75.3800","25.8437","2150.84791","128.9772","-38.3304"
"75.3850","25.8961","2587.58998","128.9772","-38.0738"
"75.3900","25.9496","3146.55995","128.9772","-37.8424"
"75.3950","26.0035","3523.39530","128.9772","-37.6595"
"75.4000","26.0571","3541.67581","128.9772","-37.5166"
"75.4050","26.1100","3311.53536","128.9772","-37.3654"
"75.4100","26.1622","3078.25041","128.9772","-37.1047"
"75.4150","26.2137","3069.21196","128.9772","-36.7982"
"75.4200","26.2644","3348.03391","128.9772","-36.5197"
"75.4250","26.3145","3604.15626","128.9772","-36.3102"
"75.4300","26.3642","3593.70637","128.9772","-36.1525"
"75.4350","26.4135","3356.24528","128.9772","-35.9886"
"75.4400","26.4626","3175.08364","128.9772","-35.7506"
"75.4450","26.5117","3251.89734","128.9772","-35.5190"
"75.4500","26.5607","3595.27040","128.9772","-35.3554"
"75.4540","26.5998","3846.25030","128.9772","-35.2564"
"75.4550","26.6096","3886.72566","128.9772","-35.2361"
"77.2360","30.7165","-5795.40110","128.9772","-26.5098"
"77.2410","30.7165","-5791.93211","128.9772","-26.5195"
"77.2460","30.7166","-5768.35012","128.9772","-26.5552"
"77.2510","30.7171","-5630.27525","128.9772","-26.5955"
"77.2560","30.7188","-5163.62238","128.9772","-26.6403"
"77.2610","30.7227","-4307.58858","128.9772","-26.6734"
"77.2660","30.7305","-3130.46551","128.9772","-26.6685"
"77.2710","30.7438","-1469.74730","128.9772","-26.5919"
"77.2760","30.7639","465.19673","128.9772","-26.4789"
"77.2810","30.7913","2220.12019","128.9772","-26.3720"
"77.2860","30.8259","3454.41246","128.9772","-26.3035"
"77.2910","30.8669","4168.56766","128.9772","-26.2126"
"77.2960","30.9130","4878.27396","128.9772","-26.0260"
"77.3010","30.9628","5762.70676","128.9772","-25.8087"
"77.3060","31.0150","6591.04204","128.9772","-25.5752"
"77.3110","31.0685","7075.88625","128.9772","-25.3471"
"77.3160","31.1223","7084.44691","128.9772","-25.1233"
"77.3210","31.1758","6716.01486","128.9772","-24.9011"
"77.3260","31.2288","6518.47315","128.9772","-24.6652"
"77.3310","31.2810","6711.18259","128.9772","-24.4687"
"77.3360","31.3325","7064.90278","128.9772","-24.2887"
"77.3410","31.3833","7267.72499","128.9772","-24.1291"
"77.3460","31.4335","7136.24477","128.9772","-23.9823"
"77.3510","31.4832","6659.09290","128.9772","-23.8324"
"77.3560","31.5326","6311.41567","128.9772","-23.6696"
"77.3610","31.5818","6473.45161","128.9772","-23.4732"
"77.3660","31.6307","6883.90636","128.9772","-23.2850"
"77.3710","31.6797","7178.17783","128.9772","-23.1112"
"77.3750","31.7188","7179.18301","128.9772","-22.9761"
"77.3760","31.7286","7137.92086","128.9772","-22.9469"
"79.1560","35.8310","-4935.69708","128.9772","-14.7839"
"79.1610","35.8310","-4930.95303","128.9772","-14.7738"
"79.1660","35.8311","-4907.37009","128.9772","-14.7886"
"79.1710","35.8316","-4771.71564","128.9772","-14.8128"
"79.1760","35.8333","-4313.39502","128.9772","-14.8577"
"79.1810","35.8373","-3300.61746","128.9772","-14.8821"
"79.1860","35.8453","-1482.19037","128.9772","-14.8574"
"79.1910","35.8587","967.75758","128.9772","-14.7868"
"79.1960","35.8790","3374.22013","128.9772","-14.6902"
"79.2010","35.9065","5274.57333","128.9772","-14.5992"
"79.2060","35.9412","6461.23695","128.9772","-14.5141"
"79.2110","35.9822","7323.56310","128.9772","-14.3943"
"79.2160","36.0283","8482.04708","128.9772","-14.2257"
"79.2210","36.0781","9656.57139","128.9772","-14.0181"
"79.2260","36.1303","10471.71497","128.9772","-13.7818"
"79.2310","36.1837","10755.86510","128.9772","-13.5590"
"79.2360","36.2374","10475.47245","128.9772","-13.3376"
"79.2410","36.2909","10068.22395","128.9772","-13.0901"
"79.2460","36.3439","10191.74004","128.9772","-12.8462"
"79.2510","36.3961","10619.96460","128.9772","-12.6274"
"79.2560","36.4477","10931.44226","128.9772","-12.4354"
"79.2610","36.4985","10911.36074","128.9772","-12.3007"
"79.2660","36.5487","10464.89906","128.9772","-12.1638"
"79.2710","36.5985","9910.59399","128.9772","-11.9896"
"79.2760","36.6480","9909.34086","128.9772","-11.7844"
"79.2810","36.6972","10336.41148","128.9772","-11.5846"
"79.2860","36.7463","10733.07610","128.9772","-11.4090"
"79.2910","36.7952","10856.27842","128.9772","-11.2707"
"79.2950","36.8344","10659.76238","128.9772","-11.1595"
"79.2960","36.8442","10565.92846","128.9772","-11.1297"
"81.0770","40.9494","3468.34970","128.9772","-4.5673"
"81.0820","40.9494","3467.73195","128.9772","-4.5904"
"81.0870","40.9495","3485.15487","128.9772","-4.6047"
"81.0920","40.9500","3607.80644","128.9772","-4.6026"
"81.0970","40.9516","4037.61482","128.9772","-4.6053"
"81.1020","40.9556","5044.28053","128.9772","-4.6039"
"81.1070","40.9634","6710.12354","128.9772","-4.5754"
"81.1120","40.9767","8575.63591","128.9772","-4.4939"
"81.1170","40.9969","10142.89856","128.9772","-4.3896"
"81.1220","41.0245","11131.72626","128.9772","-4.2862"
"81.1270","41.0593","11607.04994","128.9772","-4.1832"
"81.1320","41.1004","12238.96790","128.9772","-4.0785"
"81.1370","41.1466","13111.18603","128.9772","-3.9508"
"81.1420","41.1965","13833.26721","128.9772","-3.7949"
"81.1470","41.2487","14159.90353","128.9772","-3.6388"
"81.1520","41.3021","13994.95411","128.9772","-3.4627"
"81.1570","41.3559","13477.83756","128.9772","-3.2517"
"81.1620","41.4094","13274.62482","128.9772","-2.9889"
"81.1670","41.4623","13578.12214","128.9772","-2.7119"
"81.1720","41.5145","13963.99498","128.9772","-2.4430"
"81.1770","41.5660","14134.44710","128.9772","-2.2225"
"81.1820","41.6167","13941.53786","128.9772","-2.0388"
"81.1870","41.6669","13436.88679","128.9772","-1.8375"
"81.1920","41.7166","13220.57915","128.9772","-1.6254"
"81.1970","41.7660","13582.92389","128.9772","-1.4222"
"81.2020","41.8152","14090.92617","128.9772","-1.2486"
"81.2070","41.8643","14411.24916","128.9772","-1.1258"
"81.2120","41.9132","14370.78190","128.9772","-1.0306"
"81.2160","41.9523","14057.66964","128.9772","-0.9497"
"81.2170","41.9621","13967.55028","128.9772","-0.9253"
"82.9970","46.0694","13028.52917","128.9772","4.6975"
"83.0020","46.0694","13027.78912","128.9772","4.6966"
"83.0070","46.0695","13042.12666","128.9772","4.6878"
"83.0120","46.0700","13152.78721","128.9772","4.6584"
"83.0170","46.0717","13555.57537","128.9772","4.6255"
"83.0220","46.0756","14426.84364","128.9772","4.6159"
"83.0270","46.0836","15526.19553","128.9772","4.6431"
"83.0320","46.0971","16448.68660","128.9772","4.7017"
"83.0370","46.1175","16922.46437","128.9772","4.7750"
"83.0420","46.1454","16873.36922","128.9772","4.8331"
"83.0470","46.1804","16729.55513","128.9772","4.9072"
"83.0520","46.2217","17024.21570","128.9772","5.0178"
"83.0570","46.2682","17464.18190","128.9772","5.1537"
"83.0620","46.3182","17698.07243","128.9772","5.3142"
"83.0670","46.3706","17560.12344","128.9772","5.4701"
"83.0720","46.4241","17070.61386","128.9772","5.6409"
"83.0770","46.4780","16740.71693","128.9772","5.8465"
"83.0820","46.5316","16970.62302","128.9772","6.0460"
"83.0870","46.5846","17428.77197","128.9772","6.2194"
"83.0920","46.6368","17754.14085","128.9772","6.3614"
"83.0970","46.6883","17762.22801","128.9772","6.4732"
"83.1020","46.7390","17404.24156","128.9772","6.6102"
"83.1070","46.7892","17076.98441","128.9772","6.8095"
"83.1120","46.8389","17270.08057","128.9772","7.0551"
"83.1170","46.8883","17732.12433","128.9772","7.2820"
"83.1220","46.9374","18087.13341","128.9772","7.4727"
"83.1270","46.9864","18146.63315","128.9772","7.6065"
"83.1320","47.0354","17829.87213","128.9772","7.7172"
"83.1360","47.0745","17502.76375","128.9772","7.8025"
"83.1370","47.0843","17459.88655","128.9772","7.8248"
"84.9170","51.1864","19884.17435","128.9772","12.5165"
"84.9220","51.1864","19882.66754","128.9772","12.5169"
"84.9270","51.1865","19898.01216","128.9772","12.5034"
"84.9320","51.1870","20008.62694","128.9772","12.4887"
"84.9370","51.1887","20392.79556","128.9772","12.4981"
"84.9420","51.1927","21069.42940","128.9772","12.5087"
"84.9470","51.2006","21740.07607","128.9772","12.5274"
"84.9520","51.2140","22143.13507","128.9772","12.5667"
"84.9570","51.2342","22101.60446","128.9772","12.6200"
"84.9620","51.2618","21665.25841","128.9772","12.7059"
"84.9670","51.2966","21452.16370","128.9772","12.8336"
"84.9720","51.3378","21639.78386","128.9772","12.9850"
"84.9770","51.3840","21861.33575","128.9772","13.1347"
"84.9820","51.4340","21857.66029","128.9772","13.2714"
"84.9870","51.4863","21526.16119","128.9772","13.4202"
"84.9920","51.5397","21008.19588","128.9772","13.6028"
"84.9970","51.5935","20900.50507","128.9772","13.8153"
"85.0020","51.6470","21251.65176","128.9772","14.0375"
"85.0070","51.6999","21665.14587","128.9772","14.2314"
"85.0120","51.7520","21881.98280","128.9772","14.3584"
"85.0170","51.8034","21772.80045","128.9772","14.4700"
"85.0220","51.8541","21404.15382","128.9772","14.6080"
"85.0270","51.9042","21327.45361","128.9772","14.7751"
"85.0320","51.9539","21684.33189","128.9772","14.9468"
"85.0370","52.0032","22096.04073","128.9772","15.1176"
"85.0420","52.0524","22314.47792","128.9772","15.2445"
"85.0470","52.1014","22215.97290","128.9772","15.3245"
"85.0520","52.1503","21838.24158","128.9772","15.3994"
"85.0560","52.1895","21671.89407","128.9772","15.4763"
"85.0570","52.1993","21685.95886","128.9772","15.4973"
"98.5340","0.0009","-11912.23335","118.9872","-98.6128"
"98.5390","0.0009","-11913.76400","118.9872","-98.5706"
"98.5440","0.0010","-11858.67310","118.9872","-98.5401"
"98.5490","0.0018","-11616.50467","118.9872","-98.5145"
"98.5540","0.0044","-11223.01388","118.9872","-98.4265"
"98.5590","0.0106","-10489.59732","118.9872","-98.3027"
"98.5640","0.0221","-9440.06348","118.9872","-98.2319"
"98.5690","0.0404","-8559.68952","118.9872","-98.2400"
"98.5740","0.0663","-8190.83691","118.9872","-98.3290"
"98.5790","0.0996","-8271.10004","118.9872","-98.3843"
"98.5840","0.1396","-8303.20930","118.9872","-98.1993"
"98.5890","0.1851","-7891.03937","118.9872","-97.8926"
"98.5940","0.2345","-7367.86079","118.9872","-97.5719"
"98.5990","0.2865","-7117.89083","118.9872","-97.3176"
"98.6040","0.3398","-7301.44548","118.9872","-97.1500"
"98.6090","0.3936","-7770.46728","118.9872","-96.9491"
"98.6140","0.4472","-8072.44873","118.9872","-96.5676"
"98.6190","0.5002","-7833.34589","118.9872","-96.1657"
"98.6240","0.5524","-7380.27620","118.9872","-95.8150"
"98.6290","0.6039","-7110.75497","118.9872","-95.5637"
"98.6340","0.6546","-7207.99494","118.9872","-95.4171"
"98.6390","0.7048","-7620.96167","118.9872","-95.2710"
"98.6440","0.7545","-7991.01210","118.9872","-94.9412"
"98.6490","0.8039","-7829.73051","118.9872","-94.5227"
"98.6540","0.8530","-7378.54147","118.9872","-94.1315"
"98.6590","0.9019","-7046.71240","118.9872","-93.8441"
"98.6640","0.9508","-7033.41103","118.9872","-93.6738"
"98.6690","0.9996","-7350.73280","118.9872","-93.5772"
"98.6700","1.0093","-7432.63435","118.9872","-93.5467"
"98.6710","1.0191","-7512.19273","118.9872","-93.5084"
"100.4550","5.1250","-14076.27583","118.9872","-79.9243"
"100.4600","5.1250","-14073.47870","118.9872","-79.8892"
"100.4650","5.1251","-14038.49411","118.9872","-79.8839"
"100.4700","5.1256","-13794.95716","118.9872","-79.8969"
"100.4750","5.1273","-12998.09647","118.9872","-79.9738"
"100.4800","5.1313","-11511.72924","118.9872","-80.1208"
"100.4850","5.1392","-9692.64793","118.9872","-80.2677"
"100.4900","5.1527","-8063.99727","118.9872","-80.3588"
"100.4950","5.1731","-6980.03197","118.9872","-80.3982"
"100.5000","5.2009","-6475.42906","118.9872","-80.3721"
"100.5050","5.2359","-6184.34477","118.9872","-80.2281"
"100.5100","5.2772","-5587.27312","118.9872","-80.0891"
"100.5150","5.3236","-4916.41712","118.9872","-79.9569"
"100.5200","5.3736","-4532.75585","118.9872","-79.8109"
"100.5250","5.4259","-4594.93160","118.9872","-79.6653"
"100.5300","5.4794","-4979.88510","118.9872","-79.4462"
"100.5350","5.5332","-5351.11618","118.9872","-79.1443"
"100.5400","5.5867","-5251.08862","118.9872","-78.8735"
"100.5450","5.6396","-4897.74799","118.9872","-78.6415"
"100.5500","5.6918","-4662.79602","118.9872","-78.4694"
"100.5550","5.7432","-4751.57833","118.9872","-78.3484"
"100.5600","5.7939","-5104.68435","118.9872","-78.1689"
"100.5650","5.8441","-5450.92678","118.9872","-77.9342"
"100.5700","5.8938","-5363.12532","118.9872","-77.7187"
"100.5750","5.9432","-4969.99645","118.9872","-77.5404"
"100.5800","5.9923","-4675.44127","118.9872","-77.4085"
"100.5850","6.0413","-4718.23597","118.9872","-77.3238"
"100.5900","6.0902","-5076.86615","118.9872","-77.2253"
"100.5940","6.1294","-5431.50473","118.9872","-77.0818"
"100.5950","6.1392","-5497.61820","118.9872","-77.0460"
"102.3810","10.2464","-7429.20256","118.9872","-67.4613"
"102.3860","10.2464","-7422.08385","118.9872","-67.4437"
"102.3910","10.2465","-7381.50883","118.9872","-67.4427"
"102.3960","10.2470","-7141.37697","118.9872","-67.4629"
"102.4010","10.2487","-6414.68430","118.9872","-67.5350"
"102.4060","10.2527","-5309.49259","118.9872","-67.6528"
"102.4110","10.2606","-4218.16540","118.9872","-67.7837"
"102.4160","10.2740","-3457.57031","118.9872","-67.9052"
"102.4210","10.2942","-3234.85303","118.9872","-67.9992"
"102.4260","10.3218","-3422.62650","118.9872","-67.9590"
"102.4310","10.3566","-3465.55996","118.9872","-67.8304"
"102.4360","10.3977","-3154.96421","118.9872","-67.7027"
"102.4410","10.4439","-2879.58360","118.9872","-67.5962"
"102.4460","10.4938","-2915.21025","118.9872","-67.5200"
"102.4510","10.5461","-3278.15390","118.9872","-67.3719"
"102.4560","10.5995","-3765.89346","118.9872","-67.0537"
"102.4610","10.6532","-3884.83381","118.9872","-66.7323"
"102.4660","10.7068","-3591.32981","118.9872","-66.4886"
"102.4710","10.7597","-3265.60950","118.9872","-66.3479"
"102.4760","10.8119","-3183.02011","118.9872","-66.2857"
"102.4810","10.8633","-3412.72545","118.9872","-66.2147"
"102.4860","10.9140","-3803.28488","118.9872","-65.9998"
"102.4910","10.9642","-3928.71666","118.9872","-65.7139"
"102.4960","11.0139","-3621.09828","118.9872","-65.4731"
"102.5010","11.0632","-3239.27307","118.9872","-65.3285"
"102.5060","11.1123","-3075.72651","118.9872","-65.2567"
"102.5110","11.1613","-3241.66322","118.9872","-65.1893"
"102.5160","11.2101","-3592.40222","118.9872","-65.0115"
"102.5200","11.2492","-3733.98852","118.9872","-64.8138"
"102.5210","11.2590","-3719.86580","118.9872","-64.7663"
"104.3090","15.3648","-5406.46362","118.9872","-55.4251"
"104.3140","15.3648","-5404.12140","118.9872","-55.4038"
"104.3190","15.3649","-5372.02358","118.9872","-55.3970"
"104.3240","15.3654","-5156.94284","118.9872","-55.4200"
"104.3290","15.3672","-4515.72418","118.9872","-55.5016"
"104.3340","15.3713","-3626.63555","118.9872","-55.6122"
"104.3390","15.3794","-2846.27843","118.9872","-55.6992"
"104.3440","15.3931","-2433.32386","118.9872","-55.7537"
"104.3490","15.4136","-2408.02979","118.9872","-55.6953"
"104.3540","15.4415","-2399.21975","118.9872","-55.5278"
"104.3590","15.4765","-2038.59639","118.9872","-55.3893"
"104.3640","15.5178","-1615.73541","118.9872","-55.2745"
"104.3690","15.5642","-1433.01857","118.9872","-55.1681"
"104.3740","15.6141","-1593.07873","118.9872","-55.0361"
"104.3790","15.6664","-1946.22755","118.9872","-54.7543"
"104.3840","15.7199","-2056.19144","118.9872","-54.4263"
"104.3890","15.7737","-1769.16480","118.9872","-54.1499"
"104.3940","15.8273","-1414.04903","118.9872","-53.9621"
"104.3990","15.8803","-1260.57649","118.9872","-53.8487"
"104.4040","15.9325","-1425.36736","118.9872","-53.7601"
"104.4090","15.9840","-1791.38660","118.9872","-53.5786"
"104.4140","16.0347","-2007.98750","118.9872","-53.3340"
"104.4190","16.0850","-1804.18026","118.9872","-53.1437"
"104.4240","16.1347","-1461.95650","118.9872","-52.9951"
"104.4290","16.1841","-1269.84429","118.9872","-52.8943"
"104.4340","16.2333","-1363.86824","118.9872","-52.8002"
"104.4390","16.2824","-1658.96869","118.9872","-52.6211"
"104.4440","16.3313","-1817.42895","118.9872","-52.3943"
"104.4480","16.3705","-1619.25161","118.9872","-52.2427"
"104.4490","16.3803","-1541.26883","118.9872","-52.2098"
"106.2340","20.4836","-4701.67208","118.9872","-42.5560"
"106.2390","20.4836","-4698.63367","118.9872","-42.5655"
"106.2440","20.4837","-4671.75341","118.9872","-42.5966"
"106.2490","20.4842","-4496.07372","118.9872","-42.6332"
"106.2540","20.4858","-3943.95828","118.9872","-42.6906"
"106.2590","20.4898","-3115.95798","118.9872","-42.7729"
"106.2640","20.4976","-2352.64540","118.9872","-42.8726"
"106.2690","20.5111","-1863.38997","118.9872","-42.9458"
"106.2740","20.5314","-1579.38349","118.9872","-42.8738"
"106.2790","20.5591","-1058.56323","118.9872","-42.7529"
"106.2840","20.5939","-336.95281","118.9872","-42.6528"
"106.2890","20.6351","240.78441","118.9872","-42.6062"
"106.2940","20.6813","483.70528","118.9872","-42.5543"
"106.2990","20.7312","428.13110","118.9872","-42.3794"
"106.3040","20.7834","334.65460","118.9872","-42.1036"
"106.3090","20.8368","589.03033","118.9872","-41.8552"
"106.3140","20.8905","1009.74166","118.9872","-41.6524"
"106.3190","20.9439","1320.93966","118.9872","-41.5246"
"106.3240","20.9967","1352.20289","118.9872","-41.4489"
"106.3290","21.0489","1104.91753","118.9872","-41.2906"
"106.3340","21.1003","755.41472","118.9872","-41.0215"
"106.3390","21.1510","784.22278","118.9872","-40.7710"
"106.3440","21.2012","1152.44102","118.9872","-40.5831"
"106.3490","21.2509","1485.82625","118.9872","-40.4570"
"106.3540","21.3003","1563.65120","118.9872","-40.3586"
"106.3590","21.3494","1342.25845","118.9872","-40.2183"
"106.3640","21.3985","996.80400","118.9872","-39.9996"
"106.3690","21.4475","1020.06793","118.9872","-39.8031"
"106.3730","21.4867","1297.38402","118.9872","-39.6759"
"106.3740","21.4965","1374.36283","118.9872","-39.6487"
"108.1570","25.6018","-3386.55186","118.9872","-30.5699"
"108.1620","25.6018","-3383.33607","118.9872","-30.5833"
"108.1670","25.6019","-3358.31261","118.9872","-30.6045"
"108.1720","25.6025","-3204.43273","118.9872","-30.6457"
"108.1770","25.6041","-2718.77933","118.9872","-30.6877"
"108.1820","25.6082","-1973.89531","118.9872","-30.7477"
"108.1870","25.6163","-1262.37440","118.9872","-30.8025"
"108.1920","25.6300","-662.55164","118.9872","-30.7609"
"108.1970","25.6505","30.12453","118.9872","-30.6181"
"108.2020","25.6785","1014.03558","118.9872","-30.5058"
"108.2070","25.7136","1935.77600","118.9872","-30.4607"
"108.2120","25.7551","2538.18917","118.9872","-30.4594"
"108.2170","25.8016","2805.18150","118.9872","-30.3906"
"108.2220","25.8517","2923.00606","118.9872","-30.1931"
"108.2270","25.9041","3246.74129","118.9872","-29.9748"
"108.2320","25.9577","3754.22692","118.9872","-29.7701"
"108.2370","26.0116","4145.47873","118.9872","-29.6053"
"108.2420","26.0652","4243.85595","118.9872","-29.4846"
"108.2470","26.1182","4053.62511","118.9872","-29.3468"
"108.2520","26.1704","3785.24303","118.9872","-29.1332"
"108.2570","26.2218","3784.61194","118.9872","-28.9046"
"108.2620","26.2724","4098.82975","118.9872","-28.7044"
"108.2670","26.3225","4393.51749","118.9872","-28.5415"
"108.2720","26.3722","4446.12074","118.9872","-28.4166"
"108.2770","26.4215","4241.72020","118.9872","-28.2713"
"108.2820","26.4706","3977.79226","118.9872","-28.0258"
"108.2870","26.5196","3966.45069","118.9872","-27.7907"
"108.2920","26.5685","4264.21404","118.9872","-27.6015"
"108.2960","26.6077","4505.95474","118.9872","-27.4786"
"108.2970","26.6175","4548.44666","118.9872","-27.4505"
"110.0870","30.7220","-2962.72922","118.9872","-19.6434"
"110.0920","30.7220","-2960.95181","118.9872","-19.6430"
"110.0970","30.7221","-2940.46664","118.9872","-19.6552"
"110.1020","30.7226","-2806.72526","118.9872","-19.6736"
"110.1070","30.7243","-2359.06434","118.9872","-19.7111"
"110.1120","30.7283","-1617.46252","118.9872","-19.7400"
"110.1170","30.7362","-683.50774","118.9872","-19.7406"
"110.1220","30.7496","600.40587","118.9872","-19.6899"
"110.1270","30.7699","2130.79429","118.9872","-19.6046"
"110.1320","30.7975","3554.04401","118.9872","-19.5119"
"110.1370","30.8323","4564.76879","118.9872","-19.4370"
"110.1420","30.8734","5134.19104","118.9872","-19.3554"
"110.1470","30.9196","5675.10557","118.9872","-19.2156"
"110.1520","30.9695","6372.01023","118.9872","-19.0451"
"110.1570","31.0217","7080.39284","118.9872","-18.8486"
"110.1620","31.0752","7537.87756","118.9872","-18.6329"
"110.1670","31.1290","7610.57901","118.9872","-18.4205"
"110.1720","31.1826","7346.44508","118.9872","-18.2384"
"110.1770","31.2356","7180.19629","118.9872","-18.0315"
"110.1820","31.2878","7310.42767","118.9872","-17.8245"
"110.1870","31.3393","7602.62012","118.9872","-17.6420"
"110.1920","31.3900","7786.24725","118.9872","-17.4670"
"110.1970","31.4402","7691.13064","118.9872","-17.2747"
"110.2020","31.4899","7296.45872","118.9872","-17.0878"
"110.2070","31.5393","6993.41631","118.9872","-16.9182"
"110.2120","31.5884","7112.60319","118.9872","-16.7687"
"110.2170","31.6374","7464.67829","118.9872","-16.6423"
"110.2220","31.6863","7738.46865","118.9872","-16.5124"
"110.2260","31.7255","7767.72118","118.9872","-16.3919"
"110.2270","31.7353","7741.21094","118.9872","-16.3606"
"112.0060","35.8377","-3457.12280","118.9872","-9.4045"
"112.0110","35.8377","-3452.86989","118.9872","-9.4123"
"112.0160","35.8378","-3427.93441","118.9872","-9.4350"
"112.0210","35.8383","-3291.77499","118.9872","-9.4647"
"112.0260","35.8399","-2840.07645","118.9872","-9.5089"
"112.0310","35.8439","-1833.27067","118.9872","-9.5299"
"112.0360","35.8517","-10.65904","118.9872","-9.5296"
"112.0410","35.8650","2348.83070","118.9872","-9.4822"
"112.0460","35.8851","4602.15378","118.9872","-9.4019"
"112.0510","35.9125","6338.04655","118.9872","-9.3170"
"112.0560","35.9470","7386.87277","118.9872","-9.2188"
"112.0610","35.9879","8180.76038","118.9872","-9.1179"
"112.0660","36.0339","9306.19431","118.9872","-8.9830"
"112.0710","36.0837","10400.05016","118.9872","-8.8214"
"112.0760","36.1359","11115.37647","118.9872","-8.6318"
"112.0810","36.1893","11311.92780","118.9872","-8.4240"
"112.0860","36.2431","10978.80554","118.9872","-8.2108"
"112.0910","36.2967","10584.74922","118.9872","-8.0096"
"112.0960","36.3497","10738.46054","118.9872","-7.8299"
"112.1010","36.4020","11156.45218","118.9872","-7.6693"
"112.1060","36.4535","11442.84630","118.9872","-7.5374"
"112.1110","36.5043","11414.96277","118.9872","-7.4118"
"112.1160","36.5545","10983.65402","118.9872","-7.2707"
"112.1210","36.6042","10476.27258","118.9872","-7.0949"
"112.1260","36.6536","10567.00706","118.9872","-6.8880"
"112.1310","36.7028","11014.92977","118.9872","-6.6931"
"112.1360","36.7518","11382.80869","118.9872","-6.5107"
"112.1410","36.8008","11461.58218","118.9872","-6.3332"
"112.1450","36.8399","11238.78098","118.9872","-6.2049"
"112.1460","36.8497","11142.64107","118.9872","-6.1754"
"113.9260","40.9526","4009.59730","118.9872","-0.3768"
"113.9310","40.9526","4006.48880","118.9872","-0.4198"
"113.9360","40.9527","4022.50862","118.9872","-0.4606"
"113.9410","40.9532","4144.44637","118.9872","-0.4820"
"113.9460","40.9549","4577.37350","118.9872","-0.5055"
"113.9510","40.9588","5615.93390","118.9872","-0.5143"
"113.9560","40.9667","7307.60527","118.9872","-0.4790"
"113.9610","40.9801","9162.66346","118.9872","-0.3957"
"113.9660","41.0003","10719.15817","118.9872","-0.2708"
"113.9710","41.0280","11725.03376","118.9872","-0.1367"
"113.9760","41.0628","12236.51600","118.9872","-0.0293"
"113.9810","41.1040","12904.67739","118.9872","0.0491"
"113.9860","41.1503","13761.16848","118.9872","0.1374"
"113.9910","41.2002","14439.27193","118.9872","0.2570"
"113.9960","41.2524","14716.91322","118.9872","0.3909"
"114.0010","41.3058","14527.00043","118.9872","0.5724"
"114.0060","41.3596","14000.67425","118.9872","0.7624"
"114.0110","41.4131","13759.12952","118.9872","0.9692"
"114.0160","41.4661","13996.21296","118.9872","1.2048"
"114.0210","41.5183","14326.37501","118.9872","1.4373"
"114.0260","41.5697","14464.44988","118.9872","1.6500"
"114.0310","41.6205","14276.05247","118.9872","1.8316"
"114.0360","41.6706","13784.07574","118.9872","1.9911"
"114.0410","41.7203","13600.81100","118.9872","2.1200"
"114.0460","41.7697","13983.22201","118.9872","2.2557"
"114.0510","41.8189","14492.63573","118.9872","2.3723"
"114.0560","41.8679","14808.05302","118.9872","2.4832"
"114.0610","41.9168","14785.48050","118.9872","2.5885"
"114.0650","41.9560","14494.12632","118.9872","2.6746"
"114.0660","41.9658","14409.68704","118.9872","2.6998"
"115.8450","46.0681","14060.20451","118.9872","7.6913"
"115.8500","46.0681","14056.33831","118.9872","7.6840"
"115.8550","46.0682","14072.37720","118.9872","7.6508"
"115.8600","46.0687","14185.02235","118.9872","7.6023"
"115.8650","46.0703","14584.58424","118.9872","7.5689"
"115.8700","46.0743","15404.00982","118.9872","7.5660"
"115.8750","46.0822","16394.39583","118.9872","7.6021"
"115.8800","46.0957","17211.94458","118.9872","7.6744"
"115.8850","46.1160","17623.77357","118.9872","7.7671"
"115.8900","46.1438","17555.21011","118.9872","7.8795"
"115.8950","46.1788","17347.34154","118.9872","7.9725"
"115.9000","46.2201","17555.47714","118.9872","8.0657"
"115.9050","46.2665","17943.02940","118.9872","8.1774"
"115.9100","46.3166","18179.20303","118.9872","8.3175"
"115.9150","46.3690","18100.99792","118.9872","8.4787"
"115.9200","46.4226","17686.61499","118.9872","8.6666"
"115.9250","46.4765","17344.32220","118.9872","8.8547"
"115.9300","46.5301","17526.69334","118.9872","9.0361"
"115.9350","46.5831","17943.60161","118.9872","9.1985"
"115.9400","46.6353","18257.02286","118.9872","9.3299"
"115.9450","46.6867","18298.42949","118.9872","9.4650"
"115.9500","46.7374","17999.93706","118.9872","9.6005"
"115.9550","46.7876","17644.23370","118.9872","9.7438"
"115.9600","46.8372","17782.84836","118.9872","9.9450"
"115.9650","46.8865","18208.39310","118.9872","10.1903"
"115.9700","46.9356","18554.30984","118.9872","10.4078"
"115.9750","46.9846","18641.29448","118.9872","10.5839"
"115.9800","47.0336","18382.41196","118.9872","10.7158"
"115.9840","47.0728","18060.26649","118.9872","10.8080"
"115.9850","47.0826","18014.06288","118.9872","10.8329"
"117.7650","51.1845","20601.71890","118.9872","14.8298"
"117.7700","51.1845","20603.91617","118.9872","14.7974"
"117.7750","51.1846","20620.73135","118.9872","14.7728"
"117.7800","51.1851","20726.99928","118.9872","14.7514"
"117.7850","51.1867","21094.84863","118.9872","14.7463"
"117.7900","51.1907","21728.12653","118.9872","14.7746"
"117.7950","51.1987","22340.25955","118.9872","14.8327"
"117.8000","51.2121","22688.76457","118.9872","14.9113"
"117.8050","51.2324","22619.22455","118.9872","15.0216"
"117.8100","51.2600","22151.32523","118.9872","15.1152"
"117.8150","51.2948","21847.04590","118.9872","15.1957"
"117.8200","51.3359","21958.52280","118.9872","15.2734"
"117.8250","51.3822","22135.05936","118.9872","15.3653"
"117.8300","51.4321","22119.70711","118.9872","15.4968"
"117.8350","51.4844","21806.11801","118.9872","15.6366"
"117.8400","51.5378","21279.95872","118.9872","15.7747"
"117.8450","51.5916","21104.36249","118.9872","15.9289"
"117.8500","51.6451","21406.95953","118.9872","16.0984"
"117.8550","51.6980","21817.35992","118.9872","16.2509"
"117.8600","51.7502","22063.18283","118.9872","16.3704"
"117.8650","51.8016","22015.02991","118.9872","16.4973"
"117.8700","51.8523","21685.73189","118.9872","16.6217"
"117.8750","51.9024","21603.59955","118.9872","16.7327"
"117.8800","51.9520","21962.05330","118.9872","16.8681"
"117.8850","52.0014","22396.00945","118.9872","16.9984"
"117.8900","52.0505","22649.79362","118.9872","17.1274"
"117.8950","52.0995","22603.51753","118.9872","17.2318"
"117.9000","52.1485","22263.39531","118.9872","17.3087"
"117.9040","52.1876","22099.19357","118.9872","17.3634"
"117.9050","52.1974","22109.71832","118.9872","17.3824"
"131.3920","0.0008","-9250.63705","108.9972","-86.8489"
"131.3970","0.0008","-9247.86663","108.9972","-86.8328"
"131.4020","0.0010","-9185.13966","108.9972","-86.8396"
"131.4070","0.0017","-8905.21145","108.9972","-86.8454"
"131.4120","0.0044","-8439.41879","108.9972","-86.9735"
"131.4170","0.0105","-7693.90392","108.9972","-87.2347"
"131.4220","0.0220","-6825.65880","108.9972","-87.4593"
"131.4270","0.0403","-6252.73514","108.9972","-87.5323"
"131.4320","0.0661","-6237.97321","108.9972","-87.3942"
"131.4370","0.0995","-6656.92186","108.9972","-87.0455"
"131.4420","0.1395","-6851.02034","108.9972","-86.7201"
"131.4470","0.1850","-6549.78609","108.9972","-86.4636"
"131.4520","0.2345","-6182.87182","108.9972","-86.1844"
"131.4570","0.2865","-6109.33256","108.9972","-85.8226"
"131.4620","0.3400","-6477.88811","108.9972","-85.3314"
"131.4670","0.3938","-7080.00660","108.9972","-84.8125"
"131.4720","0.4474","-7329.81682","108.9972","-84.4843"
"131.4770","0.5004","-7017.25101","108.9972","-84.3148"
"131.4820","0.5526","-6566.61177","108.9972","-84.2209"
"131.4870","0.6040","-6334.21040","108.9972","-84.1039"
"131.4920","0.6547","-6490.66401","108.9972","-83.8507"
"131.4970","0.7049","-6986.09161","108.9972","-83.4553"
"131.5020","0.7545","-7276.55077","108.9972","-83.1827"
"131.5070","0.8038","-7010.75172","108.9972","-83.0512"
"131.5120","0.8529","-6557.24955","108.9972","-82.9646"
"131.5170","0.9019","-6290.08245","108.9972","-82.8683"
"131.5220","0.9507","-6389.63652","108.9972","-82.6471"
"131.5270","0.9995","-6808.63571","108.9972","-82.3087"
"131.5280","1.0093","-6887.90321","108.9972","-82.2482"
"131.5290","1.0191","-6954.49066","108.9972","-82.1931"
"133.3220","5.1251","-10659.01566","108.9972","-70.1933"
"133.3270","5.1251","-10654.81377","108.9972","-70.1876"
"133.3320","5.1251","-10616.44745","108.9972","-70.2183"
"133.3370","5.1257","-10370.20397","108.9972","-70.2610"
"133.3420","5.1273","-9567.94453","108.9972","-70.3386"
"133.3470","5.1313","-8188.98296","108.9972","-70.4214"
"133.3520","5.1392","-6697.24417","108.9972","-70.4509"
"133.3570","5.1527","-5518.23092","108.9972","-70.3899"
"133.3620","5.1731","-4921.36431","108.9972","-70.2323"
"133.3670","5.2008","-4832.14712","108.9972","-70.0117"
"133.3720","5.2358","-4673.72465","108.9972","-69.8754"
"133.3770","5.2771","-4186.94830","108.9972","-69.8282"
"133.3820","5.3235","-3731.64177","108.9972","-69.7620"
"133.3870","5.3735","-3615.53884","108.9972","-69.6264"
"133.3920","5.4259","-3932.21998","108.9972","-69.3780"
"133.3970","5.4794","-4423.03562","108.9972","-69.0907"
"133.4020","5.5332","-4661.05986","108.9972","-68.9127"
"133.4070","5.5868","-4476.17149","108.9972","-68.8148"
"133.4120","5.6397","-4165.61270","108.9972","-68.7263"
"133.4170","5.6919","-4044.77119","108.9972","-68.6203"
"133.4220","5.7433","-4282.68719","108.9972","-68.4693"
"133.4270","5.7941","-4743.80350","108.9972","-68.2749"
"133.4320","5.8443","-5023.46325","108.9972","-68.1508"
"133.4370","5.8940","-4849.00951","108.9972","-68.0908"
"133.4420","5.9433","-4470.07608","108.9972","-68.0087"
"133.4470","5.9924","-4226.63069","108.9972","-67.8655"
"133.4520","6.0414","-4316.72621","108.9972","-67.6472"
"133.4570","6.0903","-4715.62243","108.9972","-67.4070"
"133.4610","6.1294","-4975.19302","108.9972","-67.2696"
"133.4620","6.1392","-5001.25027","108.9972","-67.2487"
"135.2420","10.2413","-5800.46940","108.9972","-58.6425"
"135.2470","10.2413","-5792.01984","108.9972","-58.6247"
"135.2520","10.2414","-5754.96578","108.9972","-58.6233"
"135.2570","10.2419","-5527.83060","108.9972","-58.6380"
"135.2620","10.2436","-4841.22276","108.9972","-58.6756"
"135.2670","10.2477","-3866.49871","108.9972","-58.7201"
"135.2720","10.2557","-2976.73774","108.9972","-58.7325"
"135.2770","10.2693","-2445.76621","108.9972","-58.6729"
"135.2820","10.2897","-2449.85247","108.9972","-58.5078"
"135.2870","10.3175","-2767.12847","108.9972","-58.3147"
"135.2920","10.3525","-2815.59491","108.9972","-58.2168"
"135.2970","10.3938","-2551.01800","108.9972","-58.1674"
"135.3020","10.4401","-2330.86276","108.9972","-58.0890"
"135.3070","10.4901","-2415.55476","108.9972","-57.9400"
"135.3120","10.5424","-2855.10349","108.9972","-57.7070"
"135.3170","10.5959","-3300.10629","108.9972","-57.4649"
"135.3220","10.6497","-3304.51632","108.9972","-57.3002"
"135.3270","10.7032","-2959.62024","108.9972","-57.1904"
"135.3320","10.7561","-2624.09687","108.9972","-57.0975"
"135.3370","10.8083","-2552.99592","108.9972","-56.9883"
"135.3420","10.8597","-2850.52872","108.9972","-56.8011"
"135.3470","10.9104","-3249.99237","108.9972","-56.6051"
"135.3520","10.9605","-3288.28192","108.9972","-56.4726"
"135.3570","11.0102","-2965.68394","108.9972","-56.3723"
"135.3620","11.0595","-2616.67180","108.9972","-56.2641"
"135.3670","11.1086","-2500.65351","108.9972","-56.1029"
"135.3720","11.1575","-2746.65141","108.9972","-55.8999"
"135.3770","11.2064","-3122.68996","108.9972","-55.6874"
"135.3810","11.2455","-3179.00872","108.9972","-55.5749"
"135.3820","11.2553","-3143.55111","108.9972","-55.5546"
"137.1620","15.3577","-4225.61026","108.9972","-46.4559"
"137.1670","15.3577","-4222.40782","108.9972","-46.4657"
"137.1720","15.3578","-4189.35394","108.9972","-46.4949"
"137.1770","15.3583","-3978.41644","108.9972","-46.5237"
"137.1820","15.3600","-3361.54556","108.9972","-46.5489"
"137.1870","15.3641","-2530.63703","108.9972","-46.5768"
"137.1920","15.3722","-1814.16690","108.9972","-46.5747"
"137.1970","15.3859","-1461.78317","108.9972","-46.5396"
"137.2020","15.4064","-1561.16354","108.9972","-46.4331"
"137.2070","15.4343","-1615.78488","108.9972","-46.2928"
"137.2120","15.4694","-1281.59308","108.9972","-46.2236"
"137.2170","15.5107","-876.17254","108.9972","-46.1897"
"137.2220","15.5571","-687.26259","108.9972","-46.1034"
"137.2270","15.6071","-879.28861","108.9972","-45.9242"
"137.2320","15.6594","-1257.87771","108.9972","-45.6734"
"137.2370","15.7129","-1311.72681","108.9972","-45.4345"
"137.2420","15.7667","-1008.65304","108.9972","-45.2476"
"137.2470","15.8202","-661.26627","108.9972","-45.1067"
"137.2520","15.8732","-510.64289","108.9972","-44.9799"
"137.2570","15.9254","-701.52581","108.9972","-44.8215"
"137.2620","15.9769","-1135.60688","108.9972","-44.5950"
"137.2670","16.0277","-1311.36417","108.9972","-44.4089"
"137.2720","16.0779","-1066.32459","108.9972","-44.2736"
"137.2770","16.1277","-713.88721","108.9972","-44.1557"
"137.2820","16.1771","-513.12953","108.9972","-44.0507"
"137.2870","16.2263","-627.13957","108.9972","-43.9337"
"137.2920","16.2754","-990.94164","108.9972","-43.7468"
"137.2970","16.3244","-1116.86110","108.9972","-43.5637"
"137.3010","16.3635","-903.61017","108.9972","-43.4483"
"137.3020","16.3733","-827.36164","108.9972","-43.4241"
"139.0830","20.4800","-3477.12541","108.9972","-34.7903"
"139.0880","20.4800","-3472.75996","108.9972","-34.7963"
"139.0930","20.4801","-3443.23945","108.9972","-34.7960"
"139.0980","20.4806","-3263.80587","108.9972","-34.8019"
"139.1030","20.4823","-2719.87367","108.9972","-34.8266"
"139.1080","20.4862","-1946.97583","108.9972","-34.8649"
"139.1130","20.4940","-1260.33628","108.9972","-34.8997"
"139.1180","20.5073","-882.83432","108.9972","-34.8809"
"139.1230","20.5275","-706.19476","108.9972","-34.7590"
"139.1280","20.5550","-224.80364","108.9972","-34.6521"
"139.1330","20.5897","457.46508","108.9972","-34.5981"
"139.1380","20.6307","993.37137","108.9972","-34.5698"
"139.1430","20.6768","1187.58237","108.9972","-34.5229"
"139.1480","20.7266","1048.75743","108.9972","-34.3856"
"139.1530","20.7788","976.00007","108.9972","-34.1840"
"139.1580","20.8321","1289.78145","108.9972","-33.9747"
"139.1630","20.8858","1737.31387","108.9972","-33.7935"
"139.1680","20.9392","2052.43993","108.9972","-33.6404"
"139.1730","20.9921","2076.80058","108.9972","-33.4894"
"139.1780","21.0442","1766.17312","108.9972","-33.3132"
"139.1830","21.0956","1407.63104","108.9972","-33.0942"
"139.1880","21.1463","1471.88938","108.9972","-32.9091"
"139.1930","21.1965","1841.22455","108.9972","-32.7622"
"139.1980","21.2463","2166.61668","108.9972","-32.6284"
"139.2030","21.2957","2235.80050","108.9972","-32.4826"
"139.2080","21.3449","1978.85931","108.9972","-32.2847"
"139.2130","21.3939","1636.10220","108.9972","-32.0485"
"139.2180","21.4430","1705.43897","108.9972","-31.8720"
"139.2220","21.4822","2008.59642","108.9972","-31.7764"
"139.2230","21.4920","2090.70015","108.9972","-31.7586"
"141.0030","25.5960","-1843.36841","108.9972","-23.6813"
"141.0080","25.5960","-1839.98060","108.9972","-23.6982"
"141.0130","25.5961","-1813.73799","108.9972","-23.7157"
"141.0180","25.5966","-1652.74251","108.9972","-23.7517"
"141.0230","25.5982","-1160.62164","108.9972","-23.8055"
"141.0280","25.6022","-464.73601","108.9972","-23.8635"
"141.0330","25.6102","151.45844","108.9972","-23.9072"
"141.0380","25.6237","598.60736","108.9972","-23.8627"
"141.0430","25.6441","1166.89253","108.9972","-23.7228"
"141.0480","25.6719","2028.79882","108.9972","-23.6136"
"141.0530","25.7069","2835.78348","108.9972","-23.5394"
"141.0580","25.7482","3344.81096","108.9972","-23.4745"
"141.0630","25.7946","3479.03275","108.9972","-23.3805"
"141.0680","25.8447","3500.68569","108.9972","-23.1971"
"141.0730","25.8971","3801.43452","108.9972","-22.9772"
"141.0780","25.9506","4293.15376","108.9972","-22.7876"
"141.0830","26.0045","4682.22094","108.9972","-22.6219"
"141.0880","26.0581","4800.91000","108.9972","-22.4579"
"141.0930","26.1110","4606.87685","108.9972","-22.2989"
"141.0980","26.1632","4325.08802","108.9972","-22.1063"
"141.1030","26.2146","4340.94000","108.9972","-21.9101"
"141.1080","26.2654","4665.49683","108.9972","-21.7476"
"141.1130","26.3155","4978.16277","108.9972","-21.6327"
"141.1180","26.3651","5067.97504","108.9972","-21.5662"
"141.1230","26.4145","4873.54279","108.9972","-21.4824"
"141.1280","26.4636","4597.25428","108.9972","-21.2987"
"141.1330","26.5126","4603.03068","108.9972","-21.0957"
"141.1380","26.5615","4907.39155","108.9972","-20.9579"
"141.1420","26.6006","5158.62751","108.9972","-20.8803"
"141.1430","26.6104","5205.97076","108.9972","-20.8623"
"142.9250","30.7162","-1613.63053","108.9972","-13.8997"
"142.9300","30.7162","-1613.18862","108.9972","-13.9004"
"142.9350","30.7163","-1592.70883","108.9972","-13.9121"
"142.9400","30.7168","-1462.83841","108.9972","-13.9316"
"142.9450","30.7184","-1032.57167","108.9972","-13.9567"
"142.9500","30.7224","-355.68875","108.9972","-13.9733"
"142.9550","30.7302","419.27880","108.9972","-13.9572"
"142.9600","30.7435","1524.49703","108.9972","-13.8709"
"142.9650","30.7635","2921.63181","108.9972","-13.7684"
"142.9700","30.7910","4267.35449","108.9972","-13.7118"
"142.9750","30.8256","5239.19773","108.9972","-13.6927"
"142.9800","30.8666","5748.83318","108.9972","-13.6529"
"142.9850","30.9127","6176.49364","108.9972","-13.5344"
"142.9900","30.9625","6811.28836","108.9972","-13.3668"
"142.9950","31.0147","7496.42372","108.9972","-13.2117"
"143.0000","31.0682","7954.55742","108.9972","-13.0647"
"143.0050","31.1220","8043.33782","108.9972","-12.8968"
"143.0100","31.1756","7768.79215","108.9972","-12.7133"
"143.0150","31.2285","7530.08890","108.9972","-12.5237"
"143.0200","31.2808","7639.74428","108.9972","-12.3369"
"143.0250","31.3322","7960.09064","108.9972","-12.1681"
"143.0300","31.3830","8204.50306","108.9972","-12.0386"
"143.0350","31.4332","8190.68050","108.9972","-11.9142"
"143.0400","31.4829","7851.75705","108.9972","-11.7650"
"143.0450","31.5323","7501.46198","108.9972","-11.5934"
"143.0500","31.5814","7580.99890","108.9972","-11.4027"
"143.0550","31.6304","7937.10518","108.9972","-11.2155"
"143.0600","31.6793","8233.40511","108.9972","-11.0740"
"143.0640","31.7185","8297.83440","108.9972","-10.9952"
"143.0650","31.7283","8282.04918","108.9972","-10.9758"
"144.8590","35.8340","-1134.86588","108.9972","-4.7708"
"144.8640","35.8340","-1134.21988","108.9972","-4.7746"
"144.8690","35.8341","-1115.52668","108.9972","-4.7798"
"144.8740","35.8346","-991.92756","108.9972","-4.7977"
"144.8790","35.8363","-576.75612","108.9972","-4.8260"
"144.8840","35.8402","250.82260","108.9972","-4.8526"
"144.8890","35.8481","1665.40504","108.9972","-4.8556"
"144.8940","35.8615","3598.53983","108.9972","-4.8262"
"144.8990","35.8816","5518.56279","108.9972","-4.7516"
"144.9040","35.9091","7030.37500","108.9972","-4.6780"
"144.9090","35.9437","7949.08333","108.9972","-4.6280"
"144.9140","35.9846","8557.95479","108.9972","-4.5626"
"144.9190","36.0306","9435.39715","108.9972","-4.4407"
"144.9240","36.0804","10360.19802","108.9972","-4.2823"
"144.9290","36.1325","11011.65581","108.9972","-4.1125"
"144.9340","36.1859","11230.44395","108.9972","-3.9198"
"144.9390","36.2397","10990.46326","108.9972","-3.7271"
"144.9440","36.2933","10618.07156","108.9972","-3.5483"
"144.9490","36.3463","10701.88236","108.9972","-3.3824"
"144.9540","36.3987","11078.34053","108.9972","-3.2272"
"144.9590","36.4502","11386.53755","108.9972","-3.0748"
"144.9640","36.5010","11422.88303","108.9972","-2.9239"
"144.9690","36.5512","11097.78595","108.9972","-2.7580"
"144.9740","36.6009","10629.57954","108.9972","-2.5851"
"144.9790","36.6503","10620.48149","108.9972","-2.4348"
"144.9840","36.6995","10989.74228","108.9972","-2.2876"
"144.9890","36.7485","11353.66058","108.9972","-2.1383"
"144.9940","36.7974","11492.73968","108.9972","-2.0134"
"144.9980","36.8366","11362.10537","108.9972","-1.9196"
"144.9990","36.8464","11292.20009","108.9972","-1.8961"
"146.7760","40.9483","4413.17701","108.9972","3.5503"
"146.7810","40.9483","4415.56406","108.9972","3.5380"
"146.7860","40.9484","4434.91364","108.9972","3.4950"
"146.7910","40.9489","4549.08514","108.9972","3.4289"
"146.7960","40.9506","4934.14021","108.9972","3.3600"
"146.8010","40.9545","5813.56955","108.9972","3.3065"
"146.8060","40.9623","7289.43682","108.9972","3.2765"
"146.8110","40.9757","8985.32200","108.9972","3.3050"
"146.8160","40.9958","10458.38165","108.9972","3.3955"
"146.8210","41.0235","11452.77882","108.9972","3.5094"
"146.8260","41.0583","11974.52641","108.9972","3.6240"
"146.8310","41.0995","12575.12188","108.9972","3.7166"
"146.8360","41.1458","13377.91538","108.9972","3.8072"
"146.8410","41.1957","14070.71590","108.9972","3.9246"
"146.8460","41.2480","14426.53465","108.9972","4.0776"
"146.8510","41.3015","14364.58778","108.9972","4.2770"
"146.8560","41.3554","13964.27727","108.9972","4.4831"
"146.8610","41.4089","13730.54886","108.9972","4.6741"
"146.8660","41.4618","13928.30276","108.9972","4.8596"
"146.8710","41.5140","14258.55923","108.9972","5.0378"
"146.8760","41.5654","14437.30640","108.9972","5.2042"
"146.8810","41.6160","14324.04327","108.9972","5.3469"
"146.8860","41.6661","13920.51029","108.9972","5.4687"
"146.8910","41.7158","13667.96017","108.9972","5.5699"
"146.8960","41.7651","13919.01779","108.9972","5.6948"
"146.9010","41.8143","14345.16907","108.9972","5.8184"
"146.9060","41.8633","14636.03306","108.9972","5.9194"
"146.9110","41.9122","14639.76002","108.9972","6.0436"
"146.9150","41.9514","14400.01488","108.9972","6.1461"
"146.9160","41.9611","14323.38619","108.9972","6.1693"
"148.6980","46.0636","12759.33170","108.9972","10.5907"
"148.7030","46.0636","12758.51727","108.9972","10.5735"
"148.7080","46.0637","12772.57347","108.9972","10.5459"
"148.7130","46.0642","12871.06228","108.9972","10.5158"
"148.7180","46.0658","13229.02584","108.9972","10.4887"
"148.7230","46.0697","14020.63560","108.9972","10.4718"
"148.7280","46.0775","15081.17676","108.9972","10.4873"
"148.7330","46.0908","16075.82664","108.9972","10.5369"
"148.7380","46.1110","16737.82730","108.9972","10.6343"
"148.7430","46.1386","16950.31357","108.9972","10.7384"
"148.7480","46.1735","16925.70686","108.9972","10.8316"
"148.7530","46.2146","17200.50621","108.9972","10.9283"
"148.7580","46.2609","17648.28110","108.9972","11.0435"
"148.7630","46.3109","17961.45248","108.9972","11.1895"
"148.7680","46.3633","17973.18459","108.9972","11.3457"
"148.7730","46.4170","17660.60638","108.9972","11.5157"
"148.7780","46.4709","17325.20294","108.9972","11.6770"
"148.7830","46.5245","17415.42816","108.9972","11.8217"
"148.7880","46.5775","17760.49614","108.9972","11.9370"
"148.7930","46.6298","18060.40001","108.9972","12.0394"
"148.7980","46.6812","18139.84680","108.9972","12.1476"
"148.8030","46.7319","17924.57962","108.9972","12.2567"
"148.8080","46.7819","17574.03755","108.9972","12.3743"
"148.8130","46.8316","17600.56686","108.9972","12.5109"
"148.8180","46.8809","17957.02744","108.9972","12.6773"
"148.8230","46.9300","18310.13870","108.9972","12.8572"
"148.8280","46.9790","18457.58438","108.9972","13.0350"
"148.8330","47.0280","18306.84280","108.9972","13.1892"
"148.8370","47.0672","18041.65077","108.9972","13.2847"
"148.8380","47.0770","17994.37332","108.9972","13.3090"
"150.6190","51.1824","20727.15187","108.9972","16.8140"
"150.6240","51.1824","20724.49875","108.9972","16.7838"
"150.6290","51.1825","20736.15074","108.9972","16.7418"
"150.6340","51.1830","20829.63943","108.9972","16.7033"
"150.6390","51.1847","21148.92197","108.9972","16.6704"
"150.6440","51.1887","21661.32164","108.9972","16.6624"
"150.6490","51.1966","22154.65546","108.9972","16.6803"
"150.6540","51.2100","22430.22346","108.9972","16.7357"
"150.6590","51.2303","22351.27831","108.9972","16.8222"
"150.6640","51.2579","21931.87523","108.9972","16.9161"
"150.6690","51.2927","21624.93896","108.9972","17.0006"
"150.6740","51.3339","21685.38857","108.9972","17.0836"
"150.6790","51.3801","21840.23476","108.9972","17.1749"
"150.6840","51.4301","21855.65186","108.9972","17.2868"
"150.6890","51.4824","21625.93651","108.9972","17.4163"
"150.6940","51.5358","21202.56233","108.9972","17.5763"
"150.6990","51.5896","21029.27208","108.9972","17.7602"
"150.7040","51.6432","21275.55656","108.9972","17.9416"
"150.7090","51.6961","21643.62907","108.9972","18.0915"
"150.7140","51.7483","21885.88905","108.9972","18.2312"
"150.7190","51.7997","21873.63243","108.9972","18.3479"
"150.7240","51.8504","21599.45679","108.9972","18.4706"
"150.7290","51.9005","21501.78719","108.9972","18.5950"
"150.7340","51.9501","21798.90060","108.9972","18.7198"
"150.7390","51.9994","22195.56618","108.9972","18.8322"
"150.7440","52.0485","22457.29065","108.9972","18.9399"
"150.7490","52.0975","22469.31839","108.9972","19.0312"
"150.7540","52.1465","22203.23372","108.9972","19.1155"
"150.7580","52.1856","22042.74559","108.9972","19.1821"
"150.7590","52.1954","22044.03687","108.9972","19.2013"
"164.2360","0.0008","-5205.73235","99.0063","-75.7285"
"164.2410","0.0009","-5205.22881","99.0063","-75.7044"
"164.2460","0.0010","-5142.03501","99.0063","-75.6935"
"164.2510","0.0018","-4800.59147","99.0063","-75.7058"
"164.2560","0.0044","-4218.94884","99.0063","-75.8137"
"164.2610","0.0106","-3594.16056","99.0063","-76.0332"
"164.2660","0.0220","-3158.20003","99.0063","-76.2757"
"164.2710","0.0403","-3163.74493","99.0063","-76.4258"
"164.2760","0.0662","-3750.66328","99.0063","-76.3761"
"164.2810","0.0995","-4585.48641","99.0063","-76.1409"
"164.2860","0.1395","-4929.11530","99.0063","-75.9712"
"164.2910","0.1850","-4886.04689","99.0063","-75.9094"
"164.2960","0.2346","-4837.54778","99.0063","-75.8055"
"164.3010","0.2866","-5069.94009","99.0063","-75.5558"
"164.3060","0.3401","-5705.50442","99.0063","-75.1415"
"164.3110","0.3939","-6361.44447","99.0063","-74.6213"
"164.3160","0.4475","-6430.69315","99.0063","-74.2503"
"164.3210","0.5005","-6062.52289","99.0063","-74.1303"
"164.3260","0.5527","-5660.97021","99.0063","-74.0841"
"164.3310","0.6042","-5514.08911","99.0063","-73.9641"
"164.3360","0.6549","-5783.42295","99.0063","-73.7200"
"164.3410","0.7050","-6275.75827","99.0063","-73.3474"
"164.3460","0.7546","-6288.62238","99.0063","-73.0727"
"164.3510","0.8039","-5863.56354","99.0063","-73.0252"
"164.3560","0.8530","-5403.33700","99.0063","-73.0751"
"164.3610","0.9019","-5200.96493","99.0063","-73.0660"
"164.3660","0.9507","-5424.64018","99.0063","-72.9191"
"164.3710","0.9995","-5900.29478","99.0063","-72.6416"
"164.3720","1.0093","-5956.43044","99.0063","-72.5822"
"164.3730","1.0191","-5989.92968","99.0063","-72.5247"
"166.1580","5.1259","-8933.12740","99.0063","-61.9563"
"166.1630","5.1259","-8929.10862","99.0063","-61.9638"
"166.1680","5.1260","-8891.45279","99.0063","-61.9860"
"166.1730","5.1265","-8648.06557","99.0063","-62.0034"
"166.1780","5.1281","-7895.14017","99.0063","-62.0099"
"166.1830","5.1321","-6707.61681","99.0063","-62.0290"
"166.1880","5.1401","-5474.47968","99.0063","-62.0004"
"166.1930","5.1536","-4566.81395","99.0063","-61.8951"
"166.1980","5.1740","-4212.06903","99.0063","-61.6989"
"166.2030","5.2017","-4270.16735","99.0063","-61.4050"
"166.2080","5.2367","-4106.72379","99.0063","-61.1746"
"166.2130","5.2781","-3668.59436","99.0063","-61.0677"
"166.2180","5.3245","-3301.86391","99.0063","-60.9828"
"166.2230","5.3746","-3261.41477","99.0063","-60.8285"
"166.2280","5.4270","-3622.67876","99.0063","-60.5746"
"166.2330","5.4805","-4050.82512","99.0063","-60.2430"
"166.2380","5.5344","-4102.72121","99.0063","-60.0251"
"166.2430","5.5880","-3828.81832","99.0063","-59.9335"
"166.2480","5.6409","-3538.29837","99.0063","-59.8859"
"166.2530","5.6931","-3484.73692","99.0063","-59.8108"
"166.2580","5.7445","-3800.41337","99.0063","-59.6511"
"166.2630","5.7952","-4231.03380","99.0063","-59.4207"
"166.2680","5.8453","-4292.91010","99.0063","-59.2594"
"166.2730","5.8949","-3987.40768","99.0063","-59.2461"
"166.2780","5.9443","-3626.81651","99.0063","-59.2637"
"166.2830","5.9933","-3462.71896","99.0063","-59.2156"
"166.2880","6.0423","-3653.74494","99.0063","-59.0903"
"166.2930","6.0913","-4080.59740","99.0063","-58.9141"
"166.2970","6.1305","-4201.66397","99.0063","-58.8094"
"166.2980","6.1403","-4186.30457","99.0063","-58.8030"
"168.0780","10.2473","-4911.64017","99.0063","-50.7993"
"168.0830","10.2473","-4908.84399","99.0063","-50.8109"
"168.0880","10.2474","-4875.55408","99.0063","-50.8107"
"168.0930","10.2479","-4646.11769","99.0063","-50.7969"
"168.0980","10.2496","-3970.36314","99.0063","-50.7439"
"168.1030","10.2536","-3053.38430","99.0063","-50.6679"
"168.1080","10.2616","-2248.19732","99.0063","-50.5373"
"168.1130","10.2751","-1812.20174","99.0063","-50.3508"
"168.1180","10.2954","-1884.44102","99.0063","-50.1062"
"168.1230","10.3232","-2120.70680","99.0063","-49.8605"
"168.1280","10.3581","-2018.05949","99.0063","-49.7901"
"168.1330","10.3993","-1700.48487","99.0063","-49.7886"
"168.1380","10.4457","-1504.36330","99.0063","-49.7592"
"168.1430","10.4957","-1634.69374","99.0063","-49.6237"
"168.1480","10.5480","-2057.64627","99.0063","-49.3902"
"168.1530","10.6015","-2351.65715","99.0063","-49.1913"
"168.1580","10.6554","-2236.88889","99.0063","-49.1028"
"168.1630","10.7089","-1882.31444","99.0063","-49.0518"
"168.1680","10.7619","-1615.01515","99.0063","-48.9579"
"168.1730","10.8141","-1641.58344","99.0063","-48.7975"
"168.1780","10.8655","-2011.46150","99.0063","-48.5782"
"168.1830","10.9161","-2333.38308","99.0063","-48.3685"
"168.1880","10.9662","-2258.94451","99.0063","-48.2530"
"168.1930","11.0158","-1922.85657","99.0063","-48.1879"
"168.1980","11.0651","-1637.44128","99.0063","-48.0951"
"168.2030","11.1142","-1617.91313","99.0063","-47.9297"
"168.2080","11.1631","-1951.39575","99.0063","-47.6979"
"168.2130","11.2120","-2285.52914","99.0063","-47.4696"
"168.2170","11.2511","-2231.98557","99.0063","-47.3757"
"168.2180","11.2609","-2173.51770","99.0063","-47.3636"
"169.9970","15.3629","-3445.67442","99.0063","-39.5306"
"170.0020","15.3629","-3438.59458","99.0063","-39.5422"
"170.0070","15.3630","-3403.97644","99.0063","-39.5509"
"170.0120","15.3635","-3190.32502","99.0063","-39.5327"
"170.0170","15.3652","-2572.98112","99.0063","-39.4855"
"170.0220","15.3693","-1758.78811","99.0063","-39.4092"
"170.0270","15.3775","-1075.66714","99.0063","-39.2963"
"170.0320","15.3912","-758.69745","99.0063","-39.1285"
"170.0370","15.4117","-835.77162","99.0063","-38.8934"
"170.0420","15.4396","-770.09773","99.0063","-38.7276"
"170.0470","15.4747","-371.01758","99.0063","-38.6822"
"170.0520","15.5160","31.54811","99.0063","-38.6323"
"170.0570","15.5624","173.73426","99.0063","-38.4898"
"170.0620","15.6124","-68.77638","99.0063","-38.2788"
"170.0670","15.6647","-385.66232","99.0063","-38.0570"
"170.0720","15.7182","-335.01786","99.0063","-37.9194"
"170.0770","15.7721","5.54052","99.0063","-37.8317"
"170.0820","15.8257","331.14156","99.0063","-37.7504"
"170.0870","15.8787","423.87360","99.0063","-37.6272"
"170.0920","15.9309","171.00853","99.0063","-37.4372"
"170.0970","15.9823","-240.68438","99.0063","-37.1815"
"170.1020","16.0331","-308.58546","99.0063","-37.0227"
"170.1070","16.0832","-11.69570","99.0063","-36.9361"
"170.1120","16.1330","331.94622","99.0063","-36.8341"
"170.1170","16.1824","488.49279","99.0063","-36.6580"
"170.1220","16.2316","325.70410","99.0063","-36.4342"
"170.1270","16.2807","-32.76338","99.0063","-36.2022"
"170.1320","16.3297","-71.02778","99.0063","-36.0679"
"170.1360","16.3689","180.68998","99.0063","-36.0429"
"170.1370","16.3787","260.18909","99.0063","-36.0377"
"171.9160","20.4838","-2469.63358","99.0063","-28.7029"
"171.9210","20.4838","-2465.75713","99.0063","-28.7251"
"171.9260","20.4839","-2437.23965","99.0063","-28.7443"
"171.9310","20.4844","-2260.68211","99.0063","-28.7516"
"171.9360","20.4860","-1728.39618","99.0063","-28.7171"
"171.9410","20.4899","-992.00255","99.0063","-28.6576"
"171.9460","20.4977","-356.51255","99.0063","-28.5625"
"171.9510","20.5111","-24.87351","99.0063","-28.3980"
"171.9560","20.5313","171.49934","99.0063","-28.1857"
"171.9610","20.5588","695.13226","99.0063","-28.0848"
"171.9660","20.5936","1369.96818","99.0063","-28.0564"
"171.9710","20.6347","1869.29262","99.0063","-28.0236"
"171.9760","20.6808","2027.64606","99.0063","-27.9136"
"171.9810","20.7306","1885.94663","99.0063","-27.7128"
"171.9860","20.7828","1883.16190","99.0063","-27.5116"
"171.9910","20.8362","2234.20858","99.0063","-27.3250"
"171.9960","20.8899","2672.03236","99.0063","-27.1808"
"172.0010","20.9433","2950.42706","99.0063","-27.0338"
"172.0060","20.9961","2936.97858","99.0063","-26.8662"
"172.0110","21.0482","2610.95929","99.0063","-26.6682"
"172.0160","21.0996","2330.06454","99.0063","-26.5004"
"172.0210","21.1504","2454.84495","99.0063","-26.4078"
"172.0260","21.2005","2830.08194","99.0063","-26.3571"
"172.0310","21.2503","3129.99558","99.0063","-26.2630"
"172.0360","21.2997","3167.71722","99.0063","-26.0707"
"172.0410","21.3489","2886.86657","99.0063","-25.8152"
"172.0460","21.3980","2619.23575","99.0063","-25.5914"
"172.0510","21.4471","2755.00941","99.0063","-25.4897"
"172.0550","21.4864","3062.29901","99.0063","-25.4495"
"172.0560","21.4962","3141.13426","99.0063","-25.4397"
"173.8370","25.6033","-875.48041","99.0063","-18.7433"
"173.8420","25.6033","-869.91590","99.0063","-18.7396"
"173.8470","25.6034","-843.89657","99.0063","-18.7480"
"173.8520","25.6039","-685.40990","99.0063","-18.7650"
"173.8570","25.6056","-202.85231","99.0063","-18.7533"
"173.8620","25.6097","458.26688","99.0063","-18.7238"
"173.8670","25.6178","1025.94757","99.0063","-18.6474"
"173.8720","25.6314","1438.20393","99.0063","-18.4966"
"173.8770","25.6519","2048.60020","99.0063","-18.3675"
"173.8820","25.6799","2938.15565","99.0063","-18.3099"
"173.8870","25.7150","3741.06359","99.0063","-18.2610"
"173.8920","25.7564","4225.34180","99.0063","-18.1402"
"173.8970","25.8028","4345.79420","99.0063","-17.9297"
"173.9020","25.8529","4437.86049","99.0063","-17.7167"
"173.9070","25.9053","4785.22968","99.0063","-17.5899"
"173.9120","25.9589","5249.67241","99.0063","-17.4784"
"173.9170","26.0127","5577.57092","99.0063","-17.3385"
"173.9220","26.0663","5623.83986","99.0063","-17.1524"
"173.9270","26.1192","5352.87857","99.0063","-16.9375"
"173.9320","26.1713","5056.67067","99.0063","-16.7220"
"173.9370","26.2227","5108.32691","99.0063","-16.6047"
"173.9420","26.2734","5423.81811","99.0063","-16.5509"
"173.9470","26.3236","5701.36738","99.0063","-16.4928"
"173.9520","26.3733","5750.31996","99.0063","-16.3519"
"173.9570","26.4227","5515.50293","99.0063","-16.1127"
"173.9620","26.4719","5236.10783","99.0063","-15.8490"
"173.9670","26.5209","5311.78045","99.0063","-15.6592"
"173.9720","26.5699","5659.38902","99.0063","-15.5467"
"173.9760","26.6090","5916.17489","99.0063","-15.4796"
"173.9770","26.6188","5962.34226","99.0063","-15.4607"
"175.7580","30.7224","-228.16782","99.0063","-9.8119"
"175.7630","30.7224","-224.62744","99.0063","-9.8348"
"175.7680","30.7225","-201.03589","99.0063","-9.8556"
"175.7730","30.7230","-64.84824","99.0063","-9.8835"
"175.7780","30.7247","359.86689","99.0063","-9.8811"
"175.7830","30.7286","992.49440","99.0063","-9.8237"
"175.7880","30.7365","1693.27807","99.0063","-9.6878"
"175.7930","30.7498","2693.04967","99.0063","-9.4968"
"175.7980","30.7700","3960.61969","99.0063","-9.3672"
"175.8030","30.7976","5168.29109","99.0063","-9.2745"
"175.8080","30.8324","6025.13409","99.0063","-9.1800"
"175.8130","30.8735","6462.74900","99.0063","-9.0129"
"175.8180","30.9197","6848.22989","99.0063","-8.7833"
"175.8230","30.9696","7434.22461","99.0063","-8.6242"
"175.8280","31.0219","8050.78697","99.0063","-8.5062"
"175.8330","31.0754","8453.88889","99.0063","-8.3914"
"175.8380","31.1291","8515.35606","99.0063","-8.2386"
"175.8430","31.1827","8244.44580","99.0063","-8.0105"
"175.8480","31.2356","8025.29812","99.0063","-7.7301"
"175.8530","31.2878","8143.04352","99.0063","-7.5177"
"175.8580","31.3393","8442.38472","99.0063","-7.4128"
"175.8630","31.3901","8654.57439","99.0063","-7.3497"
"175.8680","31.4403","8621.64974","99.0063","-7.2597"
"175.8730","31.4900","8294.79218","99.0063","-7.1250"
"175.8780","31.5394","7996.03939","99.0063","-6.9186"
"175.8830","31.5885","8088.96637","99.0063","-6.6948"
"175.8880","31.6375","8424.22104","99.0063","-6.5504"
"175.8930","31.6864","8695.73689","99.0063","-6.4880"
"175.8970","31.7255","8744.26460","99.0063","-6.4420"
"175.8980","31.7353","8725.80338","99.0063","-6.4277"
"177.6760","35.8413","115.03904","99.0063","-0.7701"
"177.6810","35.8413","114.69458","99.0063","-0.7749"
"177.6860","35.8414","133.94849","99.0063","-0.8017"
"177.6910","35.8419","260.16006","99.0063","-0.8444"
"177.6960","35.8435","666.70525","99.0063","-0.8687"
"177.7010","35.8474","1470.03818","99.0063","-0.8794"
"177.7060","35.8551","2859.82513","99.0063","-0.8484"
"177.7110","35.8684","4697.01481","99.0063","-0.7526"
"177.7160","35.8883","6485.78787","99.0063","-0.6944"
"177.7210","35.9157","7861.08541","99.0063","-0.6494"
"177.7260","35.9503","8663.60188","99.0063","-0.6273"
"177.7310","35.9914","9252.91634","99.0063","-0.5450"
"177.7360","36.0376","10093.15109","99.0063","-0.3680"
"177.7410","36.0877","10936.49483","99.0063","-0.1969"
"177.7460","36.1401","11501.32656","99.0063","-0.0313"
"177.7510","36.1938","11655.20287","99.0063","0.1308"
"177.7560","36.2478","11374.63284","99.0063","0.3161"
"177.7610","36.3015","11046.01383","99.0063","0.5295"
"177.7660","36.3547","11168.29205","99.0063","0.7699"
"177.7710","36.4070","11535.23540","99.0063","0.9774"
"177.7760","36.4585","11812.91962","99.0063","1.1010"
"177.7810","36.5094","11823.63892","99.0063","1.1743"
"177.7860","36.5595","11486.43398","99.0063","1.2632"
"177.7910","36.6092","11085.50072","99.0063","1.3671"
"177.7960","36.6586","11148.88096","99.0063","1.5110"
"177.8010","36.7077","11520.29991","99.0063","1.6498"
"177.8060","36.7567","11850.04330","99.0063","1.7504"
"177.8110","36.8055","11945.55950","99.0063","1.7996"
"177.8150","36.8446","11776.14880","99.0063","1.8580"
"177.8160","36.8544","11696.64764","99.0063","1.8726"
"179.5960","40.9572","6429.43382","99.0063","5.5581"
"179.6010","40.9572","6430.30739","99.0063","5.5287"
"179.6060","40.9572","6447.95942","99.0063","5.4918"
"179.6110","40.9577","6561.59878","99.0063","5.4491"
"179.6160","40.9594","6943.16769","99.0063","5.4328"
"179.6210","40.9633","7798.43521","99.0063","5.4883"
"179.6260","40.9711","9135.58578","99.0063","5.6735"
"179.6310","40.9844","10601.80092","99.0063","5.8974"
"179.6360","41.0046","11819.42272","99.0063","6.0864"
"179.6410","41.0322","12563.59673","99.0063","6.2543"
"179.6460","41.0670","12897.05849","99.0063","6.4089"
"179.6510","41.1082","13384.67312","99.0063","6.6145"
"179.6560","41.1544","14057.04880","99.0063","6.8379"
"179.6610","41.2044","14615.58628","99.0063","7.0247"
"179.6660","41.2566","14856.27079","99.0063","7.2036"
"179.6710","41.3101","14700.71602","99.0063","7.3750"
"179.6760","41.3640","14264.84776","99.0063","7.5302"
"179.6810","41.4175","14095.01171","99.0063","7.6995"
"179.6860","41.4705","14325.64735","99.0063","7.8803"
"179.6910","41.5226","14645.69092","99.0063","8.0106"
"179.6960","41.5740","14804.99649","99.0063","8.0817"
"179.7010","41.6247","14676.55468","99.0063","8.1548"
"179.7060","41.6748","14278.38802","99.0063","8.2613"
"179.7110","41.7244","14105.94463","99.0063","8.4056"
"179.7160","41.7738","14387.32910","99.0063","8.6073"
"179.7210","41.8229","14785.93636","99.0063","8.7837"
"179.7260","41.8720","15036.50475","99.0063","8.8920"
"179.7310","41.9209","15007.47585","99.0063","8.9396"
"179.7350","41.9601","14760.38933","99.0063","8.9836"
"179.7360","41.9699","14690.98759","99.0063","9.0001"
"181.5170","46.0753","14718.70327","99.0063","11.8720"
"181.5220","46.0753","14717.49115","99.0063","11.8717"
"181.5270","46.0754","14732.85866","99.0063","11.8591"
"181.5320","46.0759","14838.83858","99.0063","11.8534"
"181.5370","46.0775","15196.15364","99.0063","11.8513"
"181.5420","46.0815","15879.81701","99.0063","11.9211"
"181.5470","46.0894","16706.50673","99.0063","12.0700"
"181.5520","46.1028","17412.85706","99.0063","12.2276"
"181.5570","46.1231","17783.92029","99.0063","12.4008"
"181.5620","46.1508","17737.85973","99.0063","12.5790"
"181.5670","46.1857","17597.94235","99.0063","12.7659"
"181.5720","46.2269","17786.52191","99.0063","12.9883"
"181.5770","46.2733","18105.23605","99.0063","13.1845"
"181.5820","46.3233","18288.22708","99.0063","13.3482"
"181.5870","46.3757","18191.29372","99.0063","13.5076"
"181.5920","46.4293","17809.82208","99.0063","13.6873"
"181.5970","46.4832","17543.52760","99.0063","13.9017"
"181.6020","46.5368","17689.03351","99.0063","14.1236"
"181.6070","46.5898","18026.59988","99.0063","14.2635"
"181.6120","46.6420","18291.25977","99.0063","14.3346"
"181.6170","46.6934","18333.33588","99.0063","14.3861"
"181.6220","46.7441","18082.01981","99.0063","14.4508"
"181.6270","46.7943","17812.54768","99.0063","14.5535"
"181.6320","46.8439","17939.35585","99.0063","14.7290"
"181.6370","46.8932","18288.07449","99.0063","14.9136"
"181.6420","46.9423","18579.60701","99.0063","15.0461"
"181.6470","46.9914","18657.43637","99.0063","15.1390"
"181.6520","47.0403","18440.99045","99.0063","15.2154"
"181.6560","47.0795","18192.31606","99.0063","15.2686"
"181.6570","47.0893","18162.84752","99.0063","15.2846"
"183.4430","51.1929","20596.26007","99.0063","17.9394"
"183.4480","51.1929","20595.19196","99.0063","17.9145"
"183.4530","51.1930","20610.11696","99.0063","17.8999"
"183.4580","51.1935","20713.00888","99.0063","17.9006"
"183.4630","51.1952","21037.58430","99.0063","17.9354"
"183.4680","51.1992","21555.51147","99.0063","18.0062"
"183.4730","51.2072","22064.88419","99.0063","18.0708"
"183.4780","51.2207","22373.16704","99.0063","18.1238"
"183.4830","51.2411","22341.06636","99.0063","18.1945"
"183.4880","51.2688","22003.91579","99.0063","18.2851"
"183.4930","51.3037","21830.81436","99.0063","18.4182"
"183.4980","51.3449","21942.83485","99.0063","18.5752"
"183.5030","51.3913","22104.06494","99.0063","18.7350"
"183.5080","51.4413","22110.03685","99.0063","18.8806"
"183.5130","51.4937","21871.17386","99.0063","19.0136"
"183.5180","51.5472","21481.99272","99.0063","19.1561"
"183.5230","51.6010","21384.24110","99.0063","19.3434"
"183.5280","51.6545","21627.77710","99.0063","19.5357"
"183.5330","51.7074","21954.25797","99.0063","19.6594"
"183.5380","51.7595","22146.44623","99.0063","19.7380"
"183.5430","51.8109","22091.27045","99.0063","19.8056"
"183.5480","51.8615","21828.60947","99.0063","19.9058"
"183.5530","51.9116","21793.55240","99.0063","20.0322"
"183.5580","51.9612","22074.23592","99.0063","20.1827"
"183.5630","52.0105","22436.70464","99.0063","20.3237"
"183.5680","52.0596","22672.27364","99.0063","20.4108"
"183.5730","52.1086","22668.39218","99.0063","20.4661"
"183.5780","52.1576","22418.10417","99.0063","20.5168"
"183.5820","52.1967","22320.33920","99.0063","20.5723"
"183.5830","52.2065","22333.93669","99.0063","20.5918"
"197.0620","0.0008","-2031.08358","89.0163","-65.8608"
"197.0670","0.0008","-2034.33800","89.0163","-65.8477"
"197.0720","0.0010","-1972.36097","89.0163","-65.8498"
"197.0770","0.0018","-1642.76540","89.0163","-65.8628"
"197.0820","0.0044","-1181.79739","89.0163","-65.8990"
"197.0870","0.0106","-813.54463","89.0163","-66.0137"
"197.0920","0.0221","-776.58641","89.0163","-66.1908"
"197.0970","0.0404","-1254.46451","89.0163","-66.3375"
"197.1020","0.0663","-2318.23874","89.0163","-66.3855"
"197.1070","0.0997","-3473.29307","89.0163","-66.3047"
"197.1120","0.1398","-3908.85949","89.0163","-66.2285"
"197.1170","0.1853","-4017.16328","89.0163","-66.2286"
"197.1220","0.2349","-4225.68846","89.0163","-66.2187"
"197.1270","0.2870","-4748.58665","89.0163","-66.1259"
"197.1320","0.3404","-5642.85946","89.0163","-65.8734"
"197.1370","0.3942","-6309.24988","89.0163","-65.4972"
"197.1420","0.4478","-6167.16003","89.0163","-65.2076"
"197.1470","0.5008","-5683.42543","89.0163","-65.0937"
"197.1520","0.5530","-5299.42465","89.0163","-65.0683"
"197.1570","0.6044","-5250.28610","89.0163","-64.9791"
"197.1620","0.6551","-5661.63731","89.0163","-64.7670"
"197.1670","0.7052","-6152.16637","89.0163","-64.4240"
"197.1720","0.7549","-5958.54712","89.0163","-64.1034"
"197.1770","0.8042","-5379.40788","89.0163","-63.9293"
"197.1820","0.8533","-4878.47424","89.0163","-63.8702"
"197.1870","0.9022","-4710.16932","89.0163","-63.8102"
"197.1920","0.9511","-4995.46623","89.0163","-63.6797"
"197.1970","0.9999","-5418.74599","89.0163","-63.4537"
"197.1980","1.0096","-5443.83955","89.0163","-63.4012"
"197.1990","1.0194","-5442.24501","89.0163","-63.3486"
"198.9920","5.1218","-6267.87567","89.0163","-53.2432"
"198.9970","5.1218","-6263.82828","89.0163","-53.2475"
"199.0020","5.1218","-6222.36586","89.0163","-53.2596"
"199.0070","5.1224","-5959.56564","89.0163","-53.2608"
"199.0120","5.1240","-5213.75608","89.0163","-53.2312"
"199.0170","5.1280","-4204.14829","89.0163","-53.2324"
"199.0220","5.1359","-3295.90869","89.0163","-53.2876"
"199.0270","5.1494","-2761.79481","89.0163","-53.3399"
"199.0320","5.1697","-2766.01267","89.0163","-53.3129"
"199.0370","5.1974","-3129.62103","89.0163","-53.1818"
"199.0420","5.2323","-3097.02468","89.0163","-53.0756"
"199.0470","5.2736","-2773.49353","89.0163","-53.1110"
"199.0520","5.3200","-2538.16199","89.0163","-53.1595"
"199.0570","5.3700","-2619.95530","89.0163","-53.1359"
"199.0620","5.4224","-3107.12242","89.0163","-52.9901"
"199.0670","5.4759","-3584.14769","89.0163","-52.7211"
"199.0720","5.5297","-3497.44153","89.0163","-52.4822"
"199.0770","5.5832","-3104.38824","89.0163","-52.3690"
"199.0820","5.6361","-2772.99356","89.0163","-52.3381"
"199.0870","5.6882","-2713.98139","89.0163","-52.2840"
"199.0920","5.7396","-3042.15741","89.0163","-52.1573"
"199.0970","5.7904","-3492.88106","89.0163","-51.9186"
"199.1020","5.8405","-3446.96832","89.0163","-51.6791"
"199.1070","5.8902","-3050.12035","89.0163","-51.5832"
"199.1120","5.9396","-2679.86131","89.0163","-51.5835"
"199.1170","5.9888","-2562.66165","89.0163","-51.5561"
"199.1220","6.0379","-2829.75602","89.0163","-51.4433"
"199.1270","6.0868","-3334.21397","89.0163","-51.2471"
"199.1310","6.1260","-3426.37229","89.0163","-51.0770"
"199.1320","6.1358","-3397.09425","89.0163","-51.0524"
"200.9110","10.2377","-4042.28401","89.0163","-43.2442"
"200.9160","10.2377","-4033.67615","89.0163","-43.2577"
"200.9210","10.2378","-3992.77115","89.0163","-43.2837"
"200.9260","10.2383","-3743.68906","89.0163","-43.2972"
"200.9310","10.2401","-3039.51359","89.0163","-43.2804"
"200.9360","10.2442","-2123.69370","89.0163","-43.2267"
"200.9410","10.2523","-1336.08413","89.0163","-43.1561"
"200.9460","10.2660","-920.16232","89.0163","-43.0175"
"200.9510","10.2866","-1018.42797","89.0163","-42.7906"
"200.9560","10.3146","-1256.72638","89.0163","-42.5286"
"200.9610","10.3497","-1083.61495","89.0163","-42.4314"
"200.9660","10.3911","-739.09104","89.0163","-42.4341"
"200.9710","10.4376","-551.21624","89.0163","-42.4148"
"200.9760","10.4877","-714.36143","89.0163","-42.3058"
"200.9810","10.5401","-1218.83655","89.0163","-42.0766"
"200.9860","10.5936","-1480.76594","89.0163","-41.8385"
"200.9910","10.6475","-1292.22131","89.0163","-41.7575"
"200.9960","10.7011","-909.58959","89.0163","-41.7463"
"201.0010","10.7540","-636.59215","89.0163","-41.7317"
"201.0060","10.8062","-664.94739","89.0163","-41.6187"
"201.0110","10.8576","-1070.15240","89.0163","-41.4118"
"201.0160","10.9082","-1363.92725","89.0163","-41.1461"
"201.0210","10.9583","-1181.79941","89.0163","-41.0031"
"201.0260","11.0079","-797.59735","89.0163","-40.9460"
"201.0310","11.0572","-508.27026","89.0163","-40.8722"
"201.0360","11.1062","-507.14427","89.0163","-40.7262"
"201.0410","11.1552","-892.40009","89.0163","-40.5149"
"201.0460","11.2041","-1255.19454","89.0163","-40.2616"
"201.0500","11.2432","-1184.86595","89.0163","-40.1384"
"201.0510","11.2530","-1127.10750","89.0163","-40.1221"
"202.8350","15.3550","-2337.52704","89.0163","-32.8187"
"202.8400","15.3551","-2334.01799","89.0163","-32.8447"
"202.8450","15.3551","-2302.27470","89.0163","-32.8728"
"202.8500","15.3557","-2086.31134","89.0163","-32.8901"
"202.8550","15.3574","-1470.27707","89.0163","-32.8800"
"202.8600","15.3614","-678.64472","89.0163","-32.8365"
"202.8650","15.3695","-24.98942","89.0163","-32.7271"
"202.8700","15.3831","263.97040","89.0163","-32.5476"
"202.8750","15.4036","147.52612","89.0163","-32.2988"
"202.8800","15.4314","205.39089","89.0163","-32.1006"
"202.8850","15.4664","594.88165","89.0163","-32.0427"
"202.8900","15.5077","977.24819","89.0163","-32.0130"
"202.8950","15.5540","1095.84117","89.0163","-31.9429"
"202.9000","15.6040","824.94444","89.0163","-31.7725"
"202.9050","15.6563","486.07996","89.0163","-31.5339"
"202.9100","15.7098","579.58144","89.0163","-31.3694"
"202.9150","15.7637","946.53815","89.0163","-31.2864"
"202.9200","15.8173","1280.21812","89.0163","-31.2308"
"202.9250","15.8703","1376.17111","89.0163","-31.1293"
"202.9300","15.9225","1121.63186","89.0163","-30.9598"
"202.9350","15.9740","677.98954","89.0163","-30.7171"
"202.9400","16.0248","642.62074","89.0163","-30.5324"
"202.9450","16.0750","980.66068","89.0163","-30.4613"
"202.9500","16.1247","1348.89328","89.0163","-30.4207"
"202.9550","16.1741","1515.88273","89.0163","-30.3229"
"202.9600","16.2232","1340.14177","89.0163","-30.1525"
"202.9650","16.2722","915.73679","89.0163","-29.9221"
"202.9700","16.3212","867.34796","89.0163","-29.7347"
"202.9740","16.3604","1136.71851","89.0163","-29.6604"
"202.9750","16.3702","1221.48108","89.0163","-29.6476"
"204.7530","20.4719","-922.28156","89.0163","-22.8098"
"204.7580","20.4719","-915.14593","89.0163","-22.8143"
"204.7630","20.4720","-878.84647","89.0163","-22.8257"
"204.7680","20.4725","-677.15013","89.0163","-22.8335"
"204.7730","20.4742","-115.11456","89.0163","-22.8187"
"204.7780","20.4782","592.56959","89.0163","-22.7903"
"204.7830","20.4861","1150.63453","89.0163","-22.7376"
"204.7880","20.4996","1369.52281","89.0163","-22.6109"
"204.7930","20.5200","1432.39355","89.0163","-22.4101"
"204.7980","20.5477","1869.77291","89.0163","-22.2872"
"204.8030","20.5826","2498.86560","89.0163","-22.2650"
"204.8080","20.6238","2971.75336","89.0163","-22.2464"
"204.8130","20.6700","3099.51401","89.0163","-22.1494"
"204.8180","20.7199","2895.27178","89.0163","-21.9595"
"204.8230","20.7722","2892.12823","89.0163","-21.7678"
"204.8280","20.8256","3260.74886","89.0163","-21.6558"
"204.8330","20.8794","3719.25426","89.0163","-21.5823"
"204.8380","20.9328","4003.34787","89.0163","-21.4918"
"204.8430","20.9857","3977.77367","89.0163","-21.3474"
"204.8480","21.0378","3615.63373","89.0163","-21.1537"
"204.8530","21.0891","3351.29976","89.0163","-20.9241"
"204.8580","21.1398","3486.04226","89.0163","-20.7778"
"204.8630","21.1899","3869.48442","89.0163","-20.7187"
"204.8680","21.2396","4186.90062","89.0163","-20.6577"
"204.8730","21.2890","4235.34155","89.0163","-20.5080"
"204.8780","21.3381","3937.08992","89.0163","-20.3022"
"204.8830","21.3872","3658.34475","89.0163","-20.0949"
"204.8880","21.4363","3772.30906","89.0163","-19.9834"
"204.8920","21.4755","4064.34870","89.0163","-19.9441"
"204.8930","21.4853","4141.05988","89.0163","-19.9394"
"206.6760","25.5908","327.77697","89.0163","-13.9844"
"206.6810","25.5908","333.04420","89.0163","-14.0092"
"206.6860","25.5908","362.28251","89.0163","-14.0414"
"206.6910","25.5913","536.16697","89.0163","-14.0500"
"206.6960","25.5930","1045.15982","89.0163","-14.0295"
"206.7010","25.5970","1714.73193","89.0163","-13.9714"
"206.7060","25.6049","2263.41867","89.0163","-13.8556"
"206.7110","25.6184","2593.06860","89.0163","-13.6717"
"206.7160","25.6388","3127.79975","89.0163","-13.5117"
"206.7210","25.6666","3971.35282","89.0163","-13.4529"
"206.7260","25.7015","4763.09681","89.0163","-13.4248"
"206.7310","25.7428","5243.81351","89.0163","-13.3525"
"206.7360","25.7892","5324.41425","89.0163","-13.1901"
"206.7410","25.8392","5356.54783","89.0163","-12.9737"
"206.7460","25.8916","5684.97849","89.0163","-12.8260"
"206.7510","25.9451","6175.72594","89.0163","-12.7313"
"206.7560","25.9989","6549.45087","89.0163","-12.6526"
"206.7610","26.0524","6638.99374","89.0163","-12.5373"
"206.7660","26.1054","6374.58229","89.0163","-12.3783"
"206.7710","26.1576","6028.77760","89.0163","-12.1576"
"206.7760","26.2090","6058.10165","89.0163","-11.9977"
"206.7810","26.2597","6381.44207","89.0163","-11.9168"
"206.7860","26.3099","6687.50620","89.0163","-11.8638"
"206.7910","26.3596","6768.69440","89.0163","-11.7346"
"206.7960","26.4090","6531.02684","89.0163","-11.5442"
"206.8010","26.4582","6168.70737","89.0163","-11.3142"
"206.8060","26.5072","6187.60300","89.0163","-11.1321"
"206.8110","26.5562","6536.36074","89.0163","-11.0535"
"206.8150","26.5954","6823.98987","89.0163","-11.0369"
"206.8160","26.6052","6879.81653","89.0163","-11.0361"
"208.6090","30.7079","1368.44826","89.0163","-5.7931"
"208.6140","30.7079","1369.92443","89.0163","-5.7794"
"208.6190","30.7080","1393.80229","89.0163","-5.8048"
"208.6240","30.7085","1547.61720","89.0163","-5.8444"
"208.6290","30.7102","2000.45609","89.0163","-5.8610"
"208.6340","30.7143","2600.78955","89.0163","-5.8315"
"208.6390","30.7223","3153.70274","89.0163","-5.7191"
"208.6440","30.7359","3908.90980","89.0163","-5.4916"
"208.6490","30.7562","5032.37391","89.0163","-5.2878"
"208.6540","30.7840","6176.49078","89.0163","-5.1725"
"208.6590","30.8189","7027.58265","89.0163","-5.1082"
"208.6640","30.8602","7452.09885","89.0163","-4.9987"
"208.6690","30.9065","7683.44021","89.0163","-4.8049"
"208.6740","30.9564","8170.23563","89.0163","-4.6094"
"208.6790","31.0087","8785.78377","89.0163","-4.4883"
"208.6840","31.0621","9243.45398","89.0163","-4.4034"
"208.6890","31.1159","9382.79343","89.0163","-4.3242"
"208.6940","31.1694","9168.88332","89.0163","-4.2072"
"208.6990","31.2223","8843.16730","89.0163","-4.0147"
"208.7040","31.2745","8860.17704","89.0163","-3.8148"
"208.7090","31.3259","9174.15714","89.0163","-3.7055"
"208.7140","31.3767","9460.17075","89.0163","-3.6506"
"208.7190","31.4269","9522.01557","89.0163","-3.6010"
"208.7240","31.4767","9277.58884","89.0163","-3.4748"
"208.7290","31.5261","8894.74487","89.0163","-3.2761"
"208.7340","31.5753","8864.89296","89.0163","-3.0636"
"208.7390","31.6242","9203.25756","89.0163","-2.9428"
"208.7440","31.6731","9549.71123","89.0163","-2.8977"
"208.7480","31.7122","9675.94242","89.0163","-2.8747"
"208.7490","31.7220","9678.65849","89.0163","-2.8641"
"210.5400","35.8245","1967.76092","89.0163","1.7597"
"210.5450","35.8245","1969.54262","89.0163","1.7143"
"210.5500","35.8245","1990.46052","89.0163","1.6668"
"210.5550","35.8251","2124.56870","89.0163","1.6345"
"210.5600","35.8267","2548.56873","89.0163","1.6137"
"210.5650","35.8307","3212.46362","89.0163","1.6481"
"210.5700","35.8386","4190.82308","89.0163","1.7809"
"210.5750","35.8520","5649.56903","89.0163","2.0243"
"210.5800","35.8722","7281.12841","89.0163","2.2284"
"210.5850","35.8998","8657.20081","89.0163","2.3481"
"210.5900","35.9345","9543.12038","89.0163","2.3997"
"210.5950","35.9755","10012.94708","89.0163","2.4671"
"210.6000","36.0216","10605.51262","89.0163","2.6543"
"210.6050","36.0714","11389.35852","89.0163","2.8686"
"210.6100","36.1236","12050.43221","89.0163","3.0097"
"210.6150","36.1770","12370.47577","89.0163","3.1101"
"210.6200","36.2307","12273.76556","89.0163","3.1911"
"210.6250","36.2842","11874.76444","89.0163","3.2897"
"210.6300","36.3372","11714.13994","89.0163","3.4578"
"210.6350","36.3894","11971.54236","89.0163","3.6478"
"210.6400","36.4409","12318.55202","89.0163","3.7835"
"210.6450","36.4917","12479.58660","89.0163","3.8545"
"210.6500","36.5419","12330.13344","89.0163","3.9024"
"210.6550","36.5917","11927.90985","89.0163","3.9734"
"210.6600","36.6412","11771.46530","89.0163","4.1493"
"210.6650","36.6904","12055.33791","89.0163","4.3648"
"210.6700","36.7395","12458.67252","89.0163","4.5043"
"210.6750","36.7885","12683.08640","89.0163","4.5428"
"210.6790","36.8276","12644.76204","89.0163","4.5545"
"210.6800","36.8374","12599.56741","89.0163","4.5657"
"212.4660","40.9428","5177.08445","89.0163","7.6647"
"212.4710","40.9428","5178.99323","89.0163","7.6455"
"212.4760","40.9429","5201.13993","89.0163","7.6243"
"212.4810","40.9434","5330.25455","89.0163","7.6065"
"212.4860","40.9451","5730.88169","89.0163","7.6108"
"212.4910","40.9490","6527.85158","89.0163","7.6485"
"212.4960","40.9567","7838.34124","89.0163","7.8202"
"212.5010","40.9700","9491.03642","89.0163","8.0760"
"212.5060","40.9901","11062.15668","89.0163","8.2908"
"212.5110","41.0176","12234.60293","89.0163","8.4565"
"212.5160","41.0524","12911.68308","89.0163","8.5947"
"212.5210","41.0934","13459.47456","89.0163","8.8096"
"212.5260","41.1397","14199.08428","89.0163","9.0774"
"212.5310","41.1895","14942.17110","89.0163","9.2719"
"212.5360","41.2418","15421.42773","89.0163","9.4330"
"212.5410","41.2952","15510.86140","89.0163","9.5696"
"212.5460","41.3489","15212.27169","89.0163","9.7065"
"212.5510","41.4025","14862.60033","89.0163","9.9022"
"212.5560","41.4554","14913.53130","89.0163","10.1288"
"212.5610","41.5076","15231.45199","89.0163","10.2835"
"212.5660","41.5590","15490.99350","89.0163","10.3597"
"212.5710","41.6097","15512.87746","89.0163","10.3897"
"212.5760","41.6599","15228.07217","89.0163","10.4319"
"212.5810","41.7096","14902.81963","89.0163","10.5330"
"212.5860","41.7590","14992.04159","89.0163","10.7398"
"212.5910","41.8081","15378.10898","89.0163","10.9464"
"212.5960","41.8571","15715.94715","89.0163","11.0521"
"212.6010","41.9060","15815.86170","89.0163","11.0654"
"212.6050","41.9452","15663.43784","89.0163","11.0770"
"212.6060","41.9550","15598.12546","89.0163","11.0830"
"214.3970","46.0607","11900.81024","89.0163","13.0413"
"214.4020","46.0607","11900.03490","89.0163","13.0145"
"214.4070","46.0608","11916.16917","89.0163","12.9968"
"214.4120","46.0613","12027.12345","89.0163","12.9852"
"214.4170","46.0629","12398.99349","89.0163","12.9810"
"214.4220","46.0668","13174.93534","89.0163","13.0502"
"214.4270","46.0746","14309.05056","89.0163","13.2463"
"214.4320","46.0879","15528.75900","89.0163","13.4728"
"214.4370","46.1081","16493.16978","89.0163","13.6979"
"214.4420","46.1358","17026.17836","89.0163","13.9269"
"214.4470","46.1707","17233.02460","89.0163","14.1327"
"214.4520","46.2119","17588.70697","89.0163","14.3865"
"214.4570","46.2583","18141.88766","89.0163","14.6408"
"214.4620","46.3083","18602.64397","89.0163","14.8295"
"214.4670","46.3607","18777.50587","89.0163","14.9595"
"214.4720","46.4143","18606.73523","89.0163","15.0942"
"214.4770","46.4681","18294.41833","89.0163","15.2636"
"214.4820","46.5217","18275.92468","89.0163","15.5020"
"214.4870","46.5747","18561.61118","89.0163","15.7127"
"214.4920","46.6268","18877.56157","89.0163","15.8318"
"214.4970","46.6783","19012.94327","89.0163","15.8603"
"214.5020","46.7290","18866.94145","89.0163","15.8724"
"214.5070","46.7791","18525.94376","89.0163","15.9476"
"214.5120","46.8288","18428.98178","89.0163","16.1180"
"214.5170","46.8781","18689.18037","89.0163","16.3306"
"214.5220","46.9272","19035.80284","89.0163","16.4839"
"214.5270","46.9762","19227.84233","89.0163","16.5563"
"214.5320","47.0252","19149.18518","89.0163","16.5847"
"214.5360","47.0643","18896.47865","89.0163","16.6123"
"214.5370","47.0741","18831.46477","89.0163","16.6244"
"216.3230","51.1778","19403.22304","89.0163","18.6148"
"216.3280","51.1778","19405.66254","89.0163","18.6139"
"216.3330","51.1779","19425.93002","89.0163","18.6122"
"216.3380","51.1784","19539.64806","89.0163","18.6043"
"216.3430","51.1801","19879.43268","89.0163","18.6154"
"216.3480","51.1842","20462.51297","89.0163","18.6763"
"216.3530","51.1922","21177.30141","89.0163","18.7668"
"216.3580","51.2058","21762.60757","89.0163","18.8542"
"216.3630","51.2262","22022.28355","89.0163","18.9590"
"216.3680","51.2540","21916.46004","89.0163","19.0810"
"216.3730","51.2889","21780.99442","89.0163","19.2340"
"216.3780","51.3302","21934.21555","89.0163","19.4433"
"216.3830","51.3765","22221.67778","89.0163","19.6238"
"216.3880","51.4266","22382.10106","89.0163","19.7696"
"216.3930","51.4789","22285.40993","89.0163","19.8748"
"216.3980","51.5324","21940.37056","89.0163","19.9947"
"216.4030","51.5862","21696.39206","89.0163","20.1883"
"216.4080","51.6397","21818.22586","89.0163","20.4503"
"216.4130","51.6926","22141.03889","89.0163","20.6208"
"216.4180","51.7447","22397.77565","89.0163","20.7066"
"216.4230","51.7961","22438.48038","89.0163","20.7474"
"216.4280","51.8467","22227.40173","89.0163","20.8122"
"216.4330","51.8968","22056.18858","89.0163","20.9393"
"216.4380","51.9464","22216.26854","89.0163","21.1076"
"216.4430","51.9958","22580.18875","89.0163","21.2468"
"216.4480","52.0449","22879.25529","89.0163","21.3175"
"216.4530","52.0938","22963.98735","89.0163","21.3198"
"216.4580","52.1428","22778.26118","89.0163","21.3325"
"216.4620","52.1819","22595.67642","89.0163","21.3918"
"216.4630","52.1917","22575.09422","89.0163","21.4157"
"229.9450","0.0009","-312.69863","79.0254","-56.2492"
"229.9500","0.0009","-313.22634","79.0254","-56.2195"
"229.9550","0.0010","-247.89321","79.0254","-56.2108"
"229.9600","0.0018","83.01314","79.0254","-56.2157"
"229.9650","0.0044","531.04866","79.0254","-56.2716"
"229.9700","0.0105","794.06607","79.0254","-56.4367"
"229.9750","0.0220","646.51990","79.0254","-56.6700"
"229.9800","0.0403","-42.57212","79.0254","-56.9176"
"229.9850","0.0661","-1318.15171","79.0254","-57.1107"
"229.9900","0.0994","-2576.99132","79.0254","-57.1752"
"229.9950","0.1394","-3078.05228","79.0254","-57.1934"
"230.0000","0.1849","-3291.01300","79.0254","-57.2510"
"230.0050","0.2343","-3591.93707","79.0254","-57.2920"
"230.0100","0.2863","-4198.24934","79.0254","-57.2793"
"230.0150","0.3397","-5168.00690","79.0254","-57.1884"
"230.0200","0.3934","-5763.86881","79.0254","-56.9558"
"230.0250","0.4470","-5545.68720","79.0254","-56.6931"
"230.0300","0.4999","-5057.07979","79.0254","-56.5147"
"230.0350","0.5521","-4694.71502","79.0254","-56.4286"
"230.0400","0.6035","-4681.07033","79.0254","-56.3471"
"230.0450","0.6543","-5142.79890","79.0254","-56.2455"
"230.0500","0.7044","-5546.07344","79.0254","-56.0569"
"230.0550","0.7541","-5208.72879","79.0254","-55.7612"
"230.0600","0.8034","-4607.61166","79.0254","-55.5249"
"230.0650","0.8525","-4154.49619","79.0254","-55.3626"
"230.0700","0.9015","-4071.02680","79.0254","-55.2446"
"230.0750","0.9503","-4493.59512","79.0254","-55.1643"
"230.0800","0.9991","-4973.26231","79.0254","-55.0115"
"230.0810","1.0089","-4981.30560","79.0254","-54.9627"
"230.0820","1.0187","-4957.72600","79.0254","-54.9090"
"231.8740","5.1210","-3375.32330","79.0254","-45.7089"
"231.8790","5.1210","-3369.39692","79.0254","-45.7090"
"231.8840","5.1211","-3327.26502","79.0254","-45.7129"
"231.8890","5.1216","-3066.88380","79.0254","-45.7024"
"231.8940","5.1232","-2398.19360","79.0254","-45.6574"
"231.8990","5.1272","-1625.42295","79.0254","-45.6404"
"231.9040","5.1351","-1079.69058","79.0254","-45.6803"
"231.9090","5.1486","-978.23572","79.0254","-45.7309"
"231.9140","5.1689","-1431.61190","79.0254","-45.7300"
"231.9190","5.1966","-2156.85821","79.0254","-45.6575"
"231.9240","5.2316","-2295.35055","79.0254","-45.5602"
"231.9290","5.2730","-2108.88124","79.0254","-45.5387"
"231.9340","5.3194","-2015.95354","79.0254","-45.5493"
"231.9390","5.3695","-2224.00331","79.0254","-45.5211"
"231.9440","5.4219","-2805.19342","79.0254","-45.4072"
"231.9490","5.4754","-3282.28879","79.0254","-45.1685"
"231.9540","5.5292","-3089.99228","79.0254","-44.8793"
"231.9590","5.5828","-2612.86592","79.0254","-44.6789"
"231.9640","5.6356","-2255.66626","79.0254","-44.5880"
"231.9690","5.6878","-2212.97598","79.0254","-44.5336"
"231.9740","5.7391","-2585.90293","79.0254","-44.4626"
"231.9790","5.7898","-3053.04432","79.0254","-44.3127"
"231.9840","5.8400","-2904.55794","79.0254","-44.0877"
"231.9890","5.8897","-2437.58273","79.0254","-43.9583"
"231.9940","5.9390","-2067.20352","79.0254","-43.9316"
"231.9990","5.9881","-1987.82444","79.0254","-43.9024"
"232.0040","6.0371","-2307.70874","79.0254","-43.8282"
"232.0090","6.0861","-2810.86969","79.0254","-43.7022"
"232.0130","6.1252","-2806.25033","79.0254","-43.5463"
"232.0140","6.1350","-2747.11680","79.0254","-43.5088"
"233.7930","10.2380","-2841.65311","79.0254","-35.7832"
"233.7980","10.2380","-2836.00831","79.0254","-35.8034"
"233.8030","10.2381","-2795.29071","79.0254","-35.8264"
"233.8080","10.2386","-2536.60178","79.0254","-35.8427"
"233.8130","10.2403","-1872.37644","79.0254","-35.8067"
"233.8180","10.2444","-1094.78068","79.0254","-35.7658"
"233.8230","10.2525","-503.02142","79.0254","-35.7356"
"233.8280","10.2661","-300.33553","79.0254","-35.7163"
"233.8330","10.2866","-575.60933","79.0254","-35.6487"
"233.8380","10.3144","-820.01543","79.0254","-35.5007"
"233.8430","10.3494","-560.20325","79.0254","-35.4339"
"233.8480","10.3907","-210.53481","79.0254","-35.4446"
"233.8530","10.4370","-73.86847","79.0254","-35.4334"
"233.8580","10.4870","-303.06625","79.0254","-35.3704"
"233.8630","10.5393","-846.79842","79.0254","-35.2136"
"233.8680","10.5928","-995.89080","79.0254","-34.9922"
"233.8730","10.6466","-652.45497","79.0254","-34.8546"
"233.8780","10.7001","-220.64410","79.0254","-34.7961"
"233.8830","10.7530","25.28610","79.0254","-34.7661"
"233.8880","10.8052","-57.71311","79.0254","-34.6697"
"233.8930","10.8566","-518.09728","79.0254","-34.5010"
"233.8980","10.9073","-754.37039","79.0254","-34.2677"
"233.9030","10.9574","-457.59982","79.0254","-34.0922"
"233.9080","11.0071","-50.78487","79.0254","-34.0038"
"233.9130","11.0564","186.14489","79.0254","-33.9212"
"233.9180","11.1055","106.64289","79.0254","-33.7602"
"233.9230","11.1544","-344.66714","79.0254","-33.5618"
"233.9280","11.2033","-647.01384","79.0254","-33.3373"
"233.9320","11.2424","-477.38206","79.0254","-33.2088"
"233.9330","11.2522","-402.95511","79.0254","-33.1836"
"235.7140","15.3557","-1909.96122","79.0254","-26.6831"
"235.7190","15.3557","-1905.14302","79.0254","-26.6945"
"235.7240","15.3558","-1869.69602","79.0254","-26.7282"
"235.7290","15.3563","-1641.55257","79.0254","-26.7524"
"235.7340","15.3580","-1028.42748","79.0254","-26.7178"
"235.7390","15.3621","-277.23414","79.0254","-26.6518"
"235.7440","15.3701","321.20967","79.0254","-26.5428"
"235.7490","15.3837","565.87899","79.0254","-26.3840"
"235.7540","15.4041","468.79071","79.0254","-26.1635"
"235.7590","15.4319","695.15347","79.0254","-26.0002"
"235.7640","15.4668","1209.20467","79.0254","-25.9621"
"235.7690","15.5080","1633.05914","79.0254","-25.9537"
"235.7740","15.5543","1751.27888","79.0254","-25.8834"
"235.7790","15.6043","1470.83104","79.0254","-25.7234"
"235.7840","15.6566","1174.18730","79.0254","-25.4875"
"235.7890","15.7100","1378.07405","79.0254","-25.2992"
"235.7940","15.7639","1783.29408","79.0254","-25.1762"
"235.7990","15.8174","2084.25546","79.0254","-25.0945"
"235.8040","15.8704","2115.68809","79.0254","-24.9948"
"235.8090","15.9227","1789.74676","79.0254","-24.8446"
"235.8140","15.9741","1323.17078","79.0254","-24.6367"
"235.8190","16.0249","1371.40369","79.0254","-24.4431"
"235.8240","16.0751","1757.56466","79.0254","-24.3495"
"235.8290","16.1248","2105.32308","79.0254","-24.2996"
"235.8340","16.1742","2221.30775","79.0254","-24.1886"
"235.8390","16.2233","1994.95816","79.0254","-24.0203"
"235.8440","16.2724","1575.01459","79.0254","-23.8284"
"235.8490","16.3214","1627.75457","79.0254","-23.6364"
"235.8530","16.3605","1937.77263","79.0254","-23.5444"
"235.8540","16.3703","2023.13256","79.0254","-23.5298"
"237.6320","20.4773","-637.68387","79.0254","-17.5157"
"237.6370","20.4773","-632.18820","79.0254","-17.5076"
"237.6420","20.4774","-600.46899","79.0254","-17.5133"
"237.6470","20.4779","-398.38222","79.0254","-17.5233"
"237.6520","20.4795","162.15824","79.0254","-17.5097"
"237.6570","20.4834","861.06175","79.0254","-17.4722"
"237.6620","20.4912","1421.28384","79.0254","-17.3964"
"237.6670","20.5045","1662.78076","79.0254","-17.2564"
"237.6720","20.5246","1847.60880","79.0254","-17.0628"
"237.6770","20.5521","2460.75892","79.0254","-16.9641"
"237.6820","20.5867","3170.41063","79.0254","-16.9795"
"237.6870","20.6277","3660.67576","79.0254","-16.9878"
"237.6920","20.6738","3768.95118","79.0254","-16.9249"
"237.6970","20.7236","3581.34007","79.0254","-16.7648"
"237.7020","20.7758","3719.25235","79.0254","-16.5793"
"237.7070","20.8291","4180.44138","79.0254","-16.4459"
"237.7120","20.8829","4624.40634","79.0254","-16.3470"
"237.7170","20.9364","4835.63375","79.0254","-16.2607"
"237.7220","20.9893","4718.70518","79.0254","-16.1438"
"237.7270","21.0415","4292.25016","79.0254","-15.9939"
"237.7320","21.0929","4104.64001","79.0254","-15.8217"
"237.7370","21.1436","4358.98209","79.0254","-15.7376"
"237.7420","21.1938","4749.15075","79.0254","-15.7097"
"237.7470","21.2435","5009.53007","79.0254","-15.6537"
"237.7520","21.2928","4987.68091","79.0254","-15.5000"
"237.7570","21.3420","4637.79736","79.0254","-15.2864"
"237.7620","21.3910","4453.35436","79.0254","-15.0575"
"237.7670","21.4400","4686.45477","79.0254","-14.9299"
"237.7710","21.4793","4978.41358","79.0254","-14.8822"
"237.7720","21.4891","5046.50211","79.0254","-14.8730"
"239.5520","25.5916","1033.55896","79.0254","-9.7026"
"239.5570","25.5916","1039.85631","79.0254","-9.7105"
"239.5620","25.5917","1070.80138","79.0254","-9.7405"
"239.5670","25.5922","1249.85683","79.0254","-9.7754"
"239.5720","25.5939","1755.49805","79.0254","-9.7637"
"239.5770","25.5978","2395.16592","79.0254","-9.6991"
"239.5820","25.6057","2906.99172","79.0254","-9.5759"
"239.5870","25.6192","3191.50352","79.0254","-9.3590"
"239.5920","25.6396","3750.98872","79.0254","-9.1055"
"239.5970","25.6673","4632.22408","79.0254","-8.9816"
"239.6020","25.7023","5441.94794","79.0254","-8.9340"
"239.6070","25.7435","5939.79168","79.0254","-8.8584"
"239.6120","25.7899","6038.20372","79.0254","-8.7157"
"239.6170","25.8399","6137.06112","79.0254","-8.5129"
"239.6220","25.8923","6584.31578","79.0254","-8.3856"
"239.6270","25.9458","7108.11377","79.0254","-8.3138"
"239.6320","25.9996","7456.15768","79.0254","-8.2476"
"239.6370","26.0532","7498.56472","79.0254","-8.1250"
"239.6420","26.1061","7182.74260","79.0254","-7.9571"
"239.6470","26.1583","6800.35925","79.0254","-7.7641"
"239.6520","26.2098","6869.53402","79.0254","-7.6335"
"239.6570","26.2605","7185.57119","79.0254","-7.5932"
"239.6620","26.3106","7437.72697","79.0254","-7.5626"
"239.6670","26.3603","7463.10282","79.0254","-7.4525"
"239.6720","26.4097","7177.00291","79.0254","-7.2618"
"239.6770","26.4588","6815.50646","79.0254","-7.0290"
"239.6820","26.5078","6914.68287","79.0254","-6.8525"
"239.6870","26.5568","7287.51183","79.0254","-6.7784"
"239.6910","26.5960","7546.74339","79.0254","-6.7527"
"239.6920","26.6057","7591.59422","79.0254","-6.7481"
"241.4710","30.7077","1750.49841","79.0254","-2.3854"
"241.4760","30.7077","1754.47989","79.0254","-2.3867"
"241.4810","30.7078","1781.34823","79.0254","-2.4013"
"241.4860","30.7083","1942.61765","79.0254","-2.4099"
"241.4910","30.7100","2416.56899","79.0254","-2.4160"
"241.4960","30.7141","3049.45374","79.0254","-2.3702"
"241.5010","30.7221","3630.87153","79.0254","-2.2425"
"241.5060","30.7357","4406.01730","79.0254","-2.0062"
"241.5110","30.7561","5597.05448","79.0254","-1.7859"
"241.5160","30.7838","6799.70455","79.0254","-1.6668"
"241.5210","30.8188","7682.07502","79.0254","-1.6124"
"241.5260","30.8600","8114.30836","79.0254","-1.5250"
"241.5310","30.9063","8332.88574","79.0254","-1.3587"
"241.5360","30.9562","8869.33327","79.0254","-1.1660"
"241.5410","31.0085","9552.65045","79.0254","-1.0438"
"241.5460","31.0619","10046.08631","79.0254","-0.9560"
"241.5510","31.1157","10189.12315","79.0254","-0.8813"
"241.5560","31.1693","9952.36874","79.0254","-0.7602"
"241.5610","31.2222","9553.93219","79.0254","-0.5880"
"241.5660","31.2744","9526.82877","79.0254","-0.3806"
"241.5710","31.3259","9866.50562","79.0254","-0.2535"
"241.5760","31.3767","10183.28381","79.0254","-0.2181"
"241.5810","31.4269","10271.34800","79.0254","-0.1974"
"241.5860","31.4766","10046.73862","79.0254","-0.1228"
"241.5910","31.5260","9659.11293","79.0254","0.0189"
"241.5960","31.5751","9607.74136","79.0254","0.2487"
"241.6010","31.6241","9962.44812","79.0254","0.4365"
"241.6060","31.6730","10319.07463","79.0254","0.5207"
"241.6100","31.7121","10443.87245","79.0254","0.5482"
"241.6110","31.7219","10445.74833","79.0254","0.5569"
"243.3890","35.8278","3335.69288","79.0254","4.5423"
"243.3940","35.8278","3337.23736","79.0254","4.5369"
"243.3990","35.8279","3360.76236","79.0254","4.5232"
"243.4040","35.8284","3503.63374","79.0254","4.4972"
"243.4090","35.8300","3940.63306","79.0254","4.4799"
"243.4140","35.8340","4574.79811","79.0254","4.5120"
"243.4190","35.8420","5407.37057","79.0254","4.6450"
"243.4240","35.8554","6703.08447","79.0254","4.8697"
"243.4290","35.8757","8232.82146","79.0254","5.0567"
"243.4340","35.9032","9552.93941","79.0254","5.1752"
"243.4390","35.9379","10423.81096","79.0254","5.2257"
"243.4440","35.9789","10839.99538","79.0254","5.2777"
"243.4490","36.0250","11303.96748","79.0254","5.4459"
"243.4540","36.0748","12021.68655","79.0254","5.6086"
"243.4590","36.1270","12664.14452","79.0254","5.7046"
"243.4640","36.1804","12999.34483","79.0254","5.7847"
"243.4690","36.2341","12945.89806","79.0254","5.8533"
"243.4740","36.2877","12561.90109","79.0254","5.9526"
"243.4790","36.3407","12334.44977","79.0254","6.1502"
"243.4840","36.3929","12568.23158","79.0254","6.3446"
"243.4890","36.4445","12936.86581","79.0254","6.4489"
"243.4940","36.4953","13144.67239","79.0254","6.4862"
"243.4990","36.5456","13065.83500","79.0254","6.5275"
"243.5040","36.5953","12696.31195","79.0254","6.6137"
"243.5090","36.6448","12455.81436","79.0254","6.7903"
"243.5140","36.6940","12691.97178","79.0254","6.9706"
"243.5190","36.7431","13094.50531","79.0254","7.0952"
"243.5240","36.7921","13336.77769","79.0254","7.1447"
"243.5280","36.8312","13325.22869","79.0254","7.1527"
"243.5290","36.8410","13288.79356","79.0254","7.1576"
"245.3120","40.9440","6072.42870","79.0254","9.8867"
"245.3170","40.9440","6072.47448","79.0254","9.8695"
"245.3220","40.9441","6093.12296","79.0254","9.8548"
"245.3270","40.9446","6226.55058","79.0254","9.8400"
"245.3320","40.9463","6627.83480","79.0254","9.8458"
"245.3370","40.9502","7311.34415","79.0254","9.9181"
"245.3420","40.9579","8430.16624","79.0254","10.1191"
"245.3470","40.9712","9980.53741","79.0254","10.3834"
"245.3520","40.9913","11537.77122","79.0254","10.6074"
"245.3570","41.0187","12752.09427","79.0254","10.7678"
"245.3620","41.0535","13477.64206","79.0254","10.8835"
"245.3670","41.0945","13962.41188","79.0254","11.0213"
"245.3720","41.1407","14659.42287","79.0254","11.1923"
"245.3770","41.1906","15427.23942","79.0254","11.3029"
"245.3820","41.2428","15967.23080","79.0254","11.3855"
"245.3870","41.2963","16139.75525","79.0254","11.4366"
"245.3920","41.3500","15922.00279","79.0254","11.5065"
"245.3970","41.4036","15545.93945","79.0254","11.6581"
"245.4020","41.4565","15514.17637","79.0254","11.8656"
"245.4070","41.5086","15812.91103","79.0254","12.0147"
"245.4120","41.5600","16093.79959","79.0254","12.0945"
"245.4170","41.6107","16163.98811","79.0254","12.1194"
"245.4220","41.6609","15935.97031","79.0254","12.1588"
"245.4270","41.7106","15561.03420","79.0254","12.2684"
"245.4320","41.7600","15560.95219","79.0254","12.5024"
"245.4370","41.8092","15934.34048","79.0254","12.7109"
"245.4420","41.8582","16307.65724","79.0254","12.8244"
"245.4470","41.9071","16470.63255","79.0254","12.8484"
"245.4510","41.9463","16380.43785","79.0254","12.8607"
"245.4520","41.9561","16324.42474","79.0254","12.8647"
"247.2310","46.0581","10474.51591","79.0254","14.7889"
"247.2360","46.0581","10474.06673","79.0254","14.8007"
"247.2410","46.0582","10490.91530","79.0254","14.7945"
"247.2460","46.0587","10607.56874","79.0254","14.7976"
"247.2510","46.0603","10994.95411","79.0254","14.8114"
"247.2560","46.0642","11798.04993","79.0254","14.8893"
"247.2610","46.0720","13071.14697","79.0254","15.0630"
"247.2660","46.0854","14565.62233","79.0254","15.2460"
"247.2710","46.1056","15870.38517","79.0254","15.4238"
"247.2760","46.1332","16758.32558","79.0254","15.5822"
"247.2810","46.1681","17206.93779","79.0254","15.7348"
"247.2860","46.2093","17653.80669","79.0254","15.9743"
"247.2910","46.2557","18334.64622","79.0254","16.2155"
"247.2960","46.3058","18957.80373","79.0254","16.4050"
"247.3010","46.3582","19302.76299","79.0254","16.5334"
"247.3060","46.4118","19287.08839","79.0254","16.6253"
"247.3110","46.4658","18999.30954","79.0254","16.7473"
"247.3160","46.5194","18878.28255","79.0254","16.9488"
"247.3210","46.5723","19118.79349","79.0254","17.1288"
"247.3260","46.6245","19448.85254","79.0254","17.2198"
"247.3310","46.6758","19623.26813","79.0254","17.2392"
"247.3360","46.7265","19535.16388","79.0254","17.2594"
"247.3410","46.7766","19177.88696","79.0254","17.3202"
"247.3460","46.8263","18937.50572","79.0254","17.4536"
"247.3510","46.8756","19124.84932","79.0254","17.6149"
"247.3560","46.9248","19482.22160","79.0254","17.7348"
"247.3610","46.9739","19724.93744","79.0254","17.7893"
"247.3660","47.0229","19723.64616","79.0254","17.7962"
"247.3700","47.0621","19513.42201","79.0254","17.8267"
"247.3710","47.0719","19442.35039","79.0254","17.8423"
"249.1580","51.1768","18374.41826","79.0254","19.5295"
"249.1630","51.1768","18374.68338","79.0254","19.5033"
"249.1680","51.1769","18390.15579","79.0254","19.4712"
"249.1730","51.1774","18503.88336","79.0254","19.4317"
"249.1780","51.1791","18873.55614","79.0254","19.4138"
"249.1830","51.1832","19567.82532","79.0254","19.4757"
"249.1880","51.1912","20504.68063","79.0254","19.5866"
"249.1930","51.2048","21366.96243","79.0254","19.7079"
"249.1980","51.2252","21918.27011","79.0254","19.8280"
"249.2030","51.2529","22066.12396","79.0254","19.9454"
"249.2080","51.2879","22032.20749","79.0254","20.0960"
"249.2130","51.3291","22236.41205","79.0254","20.3122"
"249.2180","51.3754","22605.70145","79.0254","20.5022"
"249.2230","51.4254","22861.76109","79.0254","20.6467"
"249.2280","51.4777","22859.72023","79.0254","20.7670"
"249.2330","51.5312","22569.92531","79.0254","20.8961"
"249.2380","51.5850","22223.95706","79.0254","21.0933"
"249.2430","51.6385","22237.86354","79.0254","21.3420"
"249.2480","51.6913","22547.80197","79.0254","21.5127"
"249.2530","51.7435","22842.14020","79.0254","21.6002"
"249.2580","51.7948","22947.29424","79.0254","21.6350"
"249.2630","51.8455","22783.28323","79.0254","21.6680"
"249.2680","51.8955","22516.81137","79.0254","21.7377"
"249.2730","51.9452","22579.52499","79.0254","21.8956"
"249.2780","51.9946","22928.44391","79.0254","22.0176"
"249.2830","52.0437","23257.23648","79.0254","22.0485"
"249.2880","52.0927","23394.31763","79.0254","22.0280"
"249.2930","52.1417","23260.95963","79.0254","22.0201"
"249.2970","52.1809","23036.56769","79.0254","22.0532"
"249.2980","52.1907","22993.54553","79.0254","22.0676"
"262.7730","0.0009","700.76066","69.0345","-49.2615"
"262.7780","0.0009","700.55181","69.0345","-49.2589"
"262.7830","0.0010","764.84233","69.0345","-49.2721"
"262.7880","0.0018","1074.08953","69.0345","-49.2865"
"262.7930","0.0044","1446.18809","69.0345","-49.3219"
"262.7980","0.0105","1603.57618","69.0345","-49.4050"
"262.8030","0.0220","1366.79828","69.0345","-49.5459"
"262.8080","0.0403","624.44365","69.0345","-49.6957"
"262.8130","0.0661","-669.24649","69.0345","-49.8084"
"262.8180","0.0995","-1931.91624","69.0345","-49.8176"
"262.8230","0.1395","-2437.48307","69.0345","-49.7841"
"262.8280","0.1851","-2672.69588","69.0345","-49.7601"
"262.8330","0.2346","-2978.42622","69.0345","-49.7181"
"262.8380","0.2867","-3549.31569","69.0345","-49.6422"
"262.8430","0.3401","-4468.44149","69.0345","-49.5291"
"262.8480","0.3939","-5076.85804","69.0345","-49.3417"
"262.8530","0.4475","-4881.02865","69.0345","-49.1356"
"262.8580","0.5004","-4431.84900","69.0345","-48.9877"
"262.8630","0.5526","-4104.45404","69.0345","-48.8896"
"262.8680","0.6040","-4103.98960","69.0345","-48.7982"
"262.8730","0.6547","-4560.93454","69.0345","-48.7082"
"262.8780","0.7048","-5018.62812","69.0345","-48.5551"
"262.8830","0.7545","-4721.98486","69.0345","-48.3563"
"262.8880","0.8038","-4159.12867","69.0345","-48.2115"
"262.8930","0.8529","-3722.49818","69.0345","-48.1169"
"262.8980","0.9019","-3617.11335","69.0345","-48.0308"
"262.9030","0.9507","-3975.18563","69.0345","-47.9614"
"262.9080","0.9996","-4484.15756","69.0345","-47.8634"
"262.9090","1.0093","-4504.70924","69.0345","-47.8292"
"262.9100","1.0191","-4493.16311","69.0345","-47.7899"
"264.6930","5.1239","-3144.58323","69.0345","-39.2723"
"264.6980","5.1239","-3137.89344","69.0345","-39.2674"
"264.7030","5.1240","-3096.22884","69.0345","-39.2723"
"264.7080","5.1245","-2830.59955","69.0345","-39.2746"
"264.7130","5.1261","-2142.24625","69.0345","-39.2375"
"264.7180","5.1301","-1328.26519","69.0345","-39.1993"
"264.7230","5.1381","-720.46077","69.0345","-39.1856"
"264.7280","5.1516","-535.89666","69.0345","-39.1899"
"264.7330","5.1719","-876.50019","69.0345","-39.1520"
"264.7380","5.1998","-1475.79944","69.0345","-39.0541"
"264.7430","5.2348","-1524.12677","69.0345","-38.9216"
"264.7480","5.2762","-1310.36258","69.0345","-38.8477"
"264.7530","5.3227","-1218.67704","69.0345","-38.8185"
"264.7580","5.3728","-1438.84027","69.0345","-38.7789"
"264.7630","5.4252","-2037.76360","69.0345","-38.6862"
"264.7680","5.4787","-2531.33941","69.0345","-38.4943"
"264.7730","5.5325","-2343.51802","69.0345","-38.2644"
"264.7780","5.5860","-1909.98042","69.0345","-38.1011"
"264.7830","5.6389","-1597.98014","69.0345","-37.9980"
"264.7880","5.6910","-1588.63223","69.0345","-37.9207"
"264.7930","5.7424","-1978.24025","69.0345","-37.8241"
"264.7980","5.7931","-2451.67422","69.0345","-37.6857"
"264.8030","5.8433","-2263.47876","69.0345","-37.5351"
"264.8080","5.8930","-1779.66261","69.0345","-37.4647"
"264.8130","5.9423","-1403.17822","69.0345","-37.4405"
"264.8180","5.9914","-1325.69134","69.0345","-37.3676"
"264.8230","6.0405","-1653.54896","69.0345","-37.2485"
"264.8280","6.0894","-2174.40391","69.0345","-37.0927"
"264.8320","6.1286","-2144.17171","69.0345","-36.9503"
"264.8330","6.1384","-2079.69022","69.0345","-36.9257"
"266.6130","10.2430","-2282.14669","69.0345","-29.7923"
"266.6180","10.2430","-2274.95003","69.0345","-29.8046"
"266.6230","10.2431","-2235.36563","69.0345","-29.8080"
"266.6280","10.2436","-1980.37410","69.0345","-29.8063"
"266.6330","10.2453","-1341.75491","69.0345","-29.7678"
"266.6380","10.2493","-601.61889","69.0345","-29.7145"
"266.6430","10.2573","-40.44271","69.0345","-29.6618"
"266.6480","10.2708","152.27704","69.0345","-29.5763"
"266.6530","10.2912","-106.62140","69.0345","-29.4200"
"266.6580","10.3190","-292.30008","69.0345","-29.2553"
"266.6630","10.3540","-3.20327","69.0345","-29.2214"
"266.6680","10.3953","340.03651","69.0345","-29.2223"
"266.6730","10.4416","466.90297","69.0345","-29.1922"
"266.6780","10.4917","241.17903","69.0345","-29.0811"
"266.6830","10.5440","-265.60923","69.0345","-28.9013"
"266.6880","10.5975","-324.98968","69.0345","-28.7274"
"266.6930","10.6513","39.50318","69.0345","-28.6643"
"266.6980","10.7048","431.77760","69.0345","-28.6310"
"266.7030","10.7577","619.06838","69.0345","-28.5620"
"266.7080","10.8098","480.87662","69.0345","-28.4451"
"266.7130","10.8612","-4.22759","69.0345","-28.3002"
"266.7180","10.9119","-196.14287","69.0345","-28.1431"
"266.7230","10.9620","130.84714","69.0345","-28.0628"
"266.7280","11.0117","532.68313","69.0345","-28.0266"
"266.7330","11.0611","759.43220","69.0345","-27.9279"
"266.7380","11.1102","677.59818","69.0345","-27.7477"
"266.7430","11.1592","240.10004","69.0345","-27.5601"
"266.7480","11.2081","15.10027","69.0345","-27.3615"
"266.7520","11.2472","236.63172","69.0345","-27.2566"
"266.7530","11.2569","317.28542","69.0345","-27.2391"
"268.5330","15.3600","-1086.47847","69.0345","-21.2191"
"268.5380","15.3600","-1078.23455","69.0345","-21.2562"
"268.5430","15.3601","-1039.00957","69.0345","-21.2783"
"268.5480","15.3606","-797.13655","69.0345","-21.2741"
"268.5530","15.3624","-199.67149","69.0345","-21.2365"
"268.5580","15.3665","484.64116","69.0345","-21.1827"
"268.5630","15.3746","1000.72849","69.0345","-21.1329"
"268.5680","15.3884","1178.73418","69.0345","-21.0158"
"268.5730","15.4090","1086.95328","69.0345","-20.8300"
"268.5780","15.4370","1380.77283","69.0345","-20.7099"
"268.5830","15.4721","1909.31249","69.0345","-20.7032"
"268.5880","15.5135","2314.96239","69.0345","-20.7080"
"268.5930","15.5599","2408.40912","69.0345","-20.6317"
"268.5980","15.6100","2119.10248","69.0345","-20.4864"
"268.6030","15.6623","1877.31028","69.0345","-20.3042"
"268.6080","15.7158","2137.15267","69.0345","-20.1463"
"268.6130","15.7696","2538.52201","69.0345","-20.0343"
"268.6180","15.8232","2801.88847","69.0345","-19.9624"
"268.6230","15.8761","2798.03324","69.0345","-19.8491"
"268.6280","15.9283","2457.73864","69.0345","-19.7186"
"268.6330","15.9798","2029.84095","69.0345","-19.5650"
"268.6380","16.0305","2136.80625","69.0345","-19.4543"
"268.6430","16.0807","2515.03301","69.0345","-19.4152"
"268.6480","16.1305","2822.22629","69.0345","-19.3818"
"268.6530","16.1799","2892.23933","69.0345","-19.2769"
"268.6580","16.2290","2632.51758","69.0345","-19.1015"
"268.6630","16.2780","2221.10391","69.0345","-18.9161"
"268.6680","16.3270","2325.91987","69.0345","-18.7773"
"268.6720","16.3661","2638.79156","69.0345","-18.7287"
"268.6730","16.3759","2720.43324","69.0345","-18.7190"
"270.4530","20.4814","352.51763","69.0345","-13.1675"
"270.4580","20.4814","359.80222","69.0345","-13.1586"
"270.4630","20.4815","394.66435","69.0345","-13.1691"
"270.4680","20.4820","598.37604","69.0345","-13.1750"
"270.4730","20.4836","1136.73306","69.0345","-13.1598"
"270.4780","20.4875","1783.17571","69.0345","-13.1177"
"270.4830","20.4952","2281.15988","69.0345","-13.0264"
"270.4880","20.5086","2463.14359","69.0345","-12.8912"
"270.4930","20.5287","2617.06328","69.0345","-12.7522"
"270.4980","20.5562","3197.30663","69.0345","-12.7011"
"270.5030","20.5910","3853.74355","69.0345","-12.7164"
"270.5080","20.6320","4296.13304","69.0345","-12.7120"
"270.5130","20.6782","4374.78781","69.0345","-12.6349"
"270.5180","20.7280","4168.04695","69.0345","-12.4697"
"270.5230","20.7802","4310.85825","69.0345","-12.3240"
"270.5280","20.8336","4761.55663","69.0345","-12.2341"
"270.5330","20.8873","5183.44879","69.0345","-12.1539"
"270.5380","20.9408","5382.18260","69.0345","-12.0538"
"270.5430","20.9936","5268.38732","69.0345","-11.9148"
"270.5480","21.0458","4860.37683","69.0345","-11.7255"
"270.5530","21.0972","4728.70350","69.0345","-11.5461"
"270.5580","21.1480","5014.99319","69.0345","-11.4745"
"270.5630","21.1981","5376.79386","69.0345","-11.4528"
"270.5680","21.2479","5582.48234","69.0345","-11.3815"
"270.5730","21.2972","5511.37829","69.0345","-11.2193"
"270.5780","21.3463","5136.94620","69.0345","-10.9998"
"270.5830","21.3954","4975.05283","69.0345","-10.7992"
"270.5880","21.4444","5242.26284","69.0345","-10.7259"
"270.5920","21.4836","5527.10104","69.0345","-10.7210"
"270.5930","21.4934","5589.71310","69.0345","-10.7164"
"272.3730","25.5994","1873.30484","69.0345","-6.2396"
"272.3780","25.5994","1879.10926","69.0345","-6.2143"
"272.3830","25.5995","1912.19652","69.0345","-6.1943"
"272.3880","25.6000","2108.12116","69.0345","-6.1951"
"272.3930","25.6017","2614.50839","69.0345","-6.1730"
"272.3980","25.6058","3215.63673","69.0345","-6.0889"
"272.4030","25.6139","3674.36028","69.0345","-5.9449"
"272.4080","25.6276","3942.40618","69.0345","-5.7297"
"272.4130","25.6482","4557.51562","69.0345","-5.5221"
"272.4180","25.6761","5426.64671","69.0345","-5.4300"
"272.4230","25.7113","6179.14867","69.0345","-5.3932"
"272.4280","25.7527","6611.29236","69.0345","-5.3138"
"272.4330","25.7992","6659.04140","69.0345","-5.1497"
"272.4380","25.8494","6790.24649","69.0345","-4.9524"
"272.4430","25.9018","7265.48386","69.0345","-4.8517"
"272.4480","25.9553","7758.97646","69.0345","-4.7839"
"272.4530","26.0092","8045.43209","69.0345","-4.7097"
"272.4580","26.0628","8021.46816","69.0345","-4.6057"
"272.4630","26.1158","7652.19831","69.0345","-4.4726"
"272.4680","26.1680","7293.33496","69.0345","-4.3151"
"272.4730","26.2194","7441.74576","69.0345","-4.2011"
"272.4780","26.2701","7788.42068","69.0345","-4.1662"
"272.4830","26.3203","8030.19428","69.0345","-4.1248"
"272.4880","26.3699","8028.53966","69.0345","-4.0076"
"272.4930","26.4193","7720.22724","69.0345","-3.8160"
"272.4980","26.4684","7396.64650","69.0345","-3.5619"
"272.5030","26.5174","7593.50681","69.0345","-3.3853"
"272.5080","26.5663","8006.37722","69.0345","-3.3255"
"272.5120","26.6054","8264.01997","69.0345","-3.2994"
"272.5130","26.6152","8306.04935","69.0345","-3.2885"
"274.2950","30.7185","2454.96082","69.0345","0.7125"
"274.3000","30.7185","2460.23893","69.0345","0.7261"
"274.3050","30.7186","2487.97679","69.0345","0.7364"
"274.3100","30.7191","2647.29357","69.0345","0.7193"
"274.3150","30.7207","3111.42898","69.0345","0.7102"
"274.3200","30.7247","3714.37240","69.0345","0.7472"
"274.3250","30.7326","4262.70199","69.0345","0.8305"
"274.3300","30.7459","5034.15012","69.0345","1.0161"
"274.3350","30.7661","6229.87461","69.0345","1.2043"
"274.3400","30.7937","7425.84753","69.0345","1.3178"
"274.3450","30.8284","8305.03368","69.0345","1.3713"
"274.3500","30.8695","8734.67255","69.0345","1.4428"
"274.3550","30.9157","8939.14795","69.0345","1.6011"
"274.3600","30.9655","9482.17297","69.0345","1.7821"
"274.3650","31.0177","10170.01915","69.0345","1.8925"
"274.3700","31.0712","10678.96652","69.0345","1.9694"
"274.3750","31.1250","10846.39072","69.0345","2.0538"
"274.3800","31.1785","10634.37366","69.0345","2.1748"
"274.3850","31.2315","10249.36104","69.0345","2.3384"
"274.3900","31.2837","10257.74193","69.0345","2.5093"
"274.3950","31.3352","10610.94761","69.0345","2.6281"
"274.4000","31.3860","10931.23055","69.0345","2.6929"
"274.4050","31.4362","11024.71638","69.0345","2.7538"
"274.4100","31.4860","10803.54023","69.0345","2.8465"
"274.4150","31.5354","10389.10198","69.0345","2.9758"
"274.4200","31.5845","10323.92120","69.0345","3.1465"
"274.4250","31.6334","10657.25803","69.0345","3.2645"
"274.4300","31.6822","10994.59839","69.0345","3.3214"
"274.4340","31.7213","11116.22906","69.0345","3.3385"
"274.4350","31.7311","11118.72101","69.0345","3.3417"
"276.2170","35.8349","4338.38511","69.0345","6.9357"
"276.2220","35.8349","4342.67807","69.0345","6.9189"
"276.2270","35.8350","4368.35814","69.0345","6.9079"
"276.2320","35.8355","4515.91492","69.0345","6.8797"
"276.2370","35.8372","4961.80105","69.0345","6.8754"
"276.2420","35.8412","5574.45478","69.0345","6.9125"
"276.2470","35.8491","6308.23803","69.0345","7.0081"
"276.2520","35.8625","7486.61280","69.0345","7.1798"
"276.2570","35.8827","8921.07487","69.0345","7.3142"
"276.2620","35.9103","10170.90130","69.0345","7.3841"
"276.2670","35.9450","11009.06944","69.0345","7.4076"
"276.2720","35.9860","11399.53327","69.0345","7.4567"
"276.2770","36.0321","11833.33874","69.0345","7.5983"
"276.2820","36.0818","12554.35753","69.0345","7.7225"
"276.2870","36.1340","13219.30313","69.0345","7.8117"
"276.2920","36.1873","13596.68636","69.0345","7.8835"
"276.2970","36.2411","13596.48800","69.0345","7.9529"
"276.3020","36.2946","13248.48843","69.0345","8.0519"
"276.3070","36.3476","13007.64751","69.0345","8.2156"
"276.3120","36.3999","13225.98076","69.0345","8.3630"
"276.3170","36.4515","13583.26435","69.0345","8.4673"
"276.3220","36.5024","13793.07747","69.0345","8.5377"
"276.3270","36.5526","13731.12774","69.0345","8.6081"
"276.3320","36.6024","13369.33613","69.0345","8.6996"
"276.3370","36.6518","13068.60638","69.0345","8.8477"
"276.3420","36.7010","13257.71046","69.0345","8.9948"
"276.3470","36.7500","13639.67228","69.0345","9.0736"
"276.3520","36.7989","13893.54515","69.0345","9.0944"
"276.3560","36.8380","13910.87818","69.0345","9.1140"
"276.3570","36.8478","13884.42326","69.0345","9.1226"
"278.1440","40.9508","6856.69851","69.0345","11.9264"
"278.1490","40.9508","6860.62336","69.0345","11.9032"
"278.1540","40.9509","6883.47387","69.0345","11.8773"
"278.1590","40.9514","7018.26334","69.0345","11.8559"
"278.1640","40.9531","7423.98262","69.0345","11.8611"
"278.1690","40.9570","8046.10729","69.0345","11.9107"
"278.1740","40.9648","9047.35851","69.0345","12.0526"
"278.1790","40.9781","10530.34973","69.0345","12.2235"
"278.1840","40.9983","12050.24338","69.0345","12.3626"
"278.1890","41.0258","13260.57339","69.0345","12.4688"
"278.1940","41.0606","14004.73404","69.0345","12.5424"
"278.1990","41.1017","14476.60446","69.0345","12.6650"
"278.2040","41.1479","15171.29040","69.0345","12.8027"
"278.2090","41.1978","15936.20872","69.0345","12.9063"
"278.2140","41.2501","16489.39896","69.0345","12.9995"
"278.2190","41.3035","16691.15067","69.0345","13.0799"
"278.2240","41.3572","16514.03999","69.0345","13.1654"
"278.2290","41.4107","16139.66370","69.0345","13.2826"
"278.2340","41.4636","16090.03448","69.0345","13.4274"
"278.2390","41.5158","16362.66327","69.0345","13.5480"
"278.2440","41.5672","16625.04196","69.0345","13.6368"
"278.2490","41.6179","16690.22369","69.0345","13.7009"
"278.2540","41.6681","16477.05460","69.0345","13.7935"
"278.2590","41.7178","16072.63947","69.0345","13.9331"
"278.2640","41.7672","16026.92604","69.0345","14.1567"
"278.2690","41.8164","16385.80322","69.0345","14.3500"
"278.2740","41.8654","16776.79253","69.0345","14.4601"
"278.2790","41.9144","16982.28645","69.0345","14.4916"
"278.2830","41.9535","16943.80951","69.0345","14.5116"
"278.2840","41.9633","16901.05629","69.0345","14.5193"
"280.0640","46.0670","9810.44197","69.0345","16.2896"
"280.0690","46.0670","9809.93843","69.0345","16.2856"
"280.0740","46.0671","9829.33140","69.0345","16.2872"
"280.0790","46.0676","9956.19011","69.0345","16.2843"
"280.0840","46.0692","10371.35887","69.0345","16.2921"
"280.0890","46.0732","11240.22675","69.0345","16.3455"
"280.0940","46.0811","12678.40767","69.0345","16.4720"
"280.0990","46.0946","14345.05272","69.0345","16.6099"
"280.1040","46.1150","15817.72232","69.0345","16.7394"
"280.1090","46.1428","16873.38638","69.0345","16.8377"
"280.1140","46.1778","17465.50560","69.0345","16.9386"
"280.1190","46.2191","18031.18324","69.0345","17.1090"
"280.1240","46.2656","18819.57436","69.0345","17.2825"
"280.1290","46.3157","19511.58714","69.0345","17.4262"
"280.1340","46.3681","19900.31242","69.0345","17.5503"
"280.1390","46.4217","19913.46741","69.0345","17.6653"
"280.1440","46.4756","19602.03552","69.0345","17.8075"
"280.1490","46.5292","19440.72342","69.0345","17.9969"
"280.1540","46.5821","19681.86760","69.0345","18.1339"
"280.1590","46.6343","20013.83209","69.0345","18.2103"
"280.1640","46.6857","20198.92883","69.0345","18.2479"
"280.1690","46.7364","20131.58798","69.0345","18.2956"
"280.1740","46.7865","19788.83171","69.0345","18.3657"
"280.1790","46.8362","19522.67456","69.0345","18.5125"
"280.1840","46.8855","19713.18436","69.0345","18.6902"
"280.1890","46.9347","20060.48775","69.0345","18.8017"
"280.1940","46.9838","20291.58401","69.0345","18.8409"
"280.1990","47.0328","20283.30421","69.0345","18.8598"
"280.2030","47.0720","20061.37085","69.0345","18.8935"
"280.2040","47.0818","19983.09135","69.0345","18.9080"
"281.9840","51.1886","17915.85350","69.0345","20.7423"
"281.9890","51.1886","17915.40527","69.0345","20.7311"
"281.9940","51.1887","17932.53136","69.0345","20.6938"
"281.9990","51.1892","18053.64227","69.0345","20.6669"
"282.0040","51.1908","18468.16444","69.0345","20.6646"
"282.0090","51.1948","19335.04868","69.0345","20.6883"
"282.0140","51.2027","20446.88606","69.0345","20.7313"
"282.0190","51.2161","21448.22121","69.0345","20.7825"
"282.0240","51.2363","22119.98749","69.0345","20.8559"
"282.0290","51.2640","22372.10083","69.0345","20.9290"
"282.0340","51.2988","22381.76918","69.0345","21.0117"
"282.0390","51.3400","22640.61737","69.0345","21.1343"
"282.0440","51.3863","23044.83032","69.0345","21.2387"
"282.0490","51.4363","23326.82037","69.0345","21.3299"
"282.0540","51.4886","23351.31836","69.0345","21.4221"
"282.0590","51.5420","23081.96640","69.0345","21.5283"
"282.0640","51.5958","22706.45714","69.0345","21.6786"
"282.0690","51.6493","22704.02527","69.0345","21.8645"
"282.0740","51.7022","22994.43436","69.0345","21.9874"
"282.0790","51.7544","23273.89145","69.0345","22.0357"
"282.0840","51.8057","23376.65558","69.0345","22.0645"
"282.0890","51.8564","23221.69495","69.0345","22.1150"
"282.0940","51.9064","22940.12260","69.0345","22.2008"
"282.0990","51.9560","22998.44742","69.0345","22.3409"
"282.1040","52.0053","23345.86716","69.0345","22.4670"
"282.1090","52.0544","23673.70033","69.0345","22.5463"
"282.1140","52.1034","23816.33377","69.0345","22.5854"
"282.1190","52.1524","23697.41058","69.0345","22.6253"
"282.1230","52.1915","23454.70428","69.0345","22.6696"
"282.1240","52.2013","23403.83339","69.0345","22.6863"
"295.6100","0.0008","707.30984","59.0436","-42.2837"
"295.6150","0.0009","705.23763","59.0436","-42.2695"
"295.6200","0.0010","765.94818","59.0436","-42.2715"
"295.6250","0.0018","1061.64861","59.0436","-42.2727"
"295.6300","0.0044","1412.36687","59.0436","-42.2920"
"295.6350","0.0106","1563.21573","59.0436","-42.3816"
"295.6400","0.0220","1355.35169","59.0436","-42.5323"
"295.6450","0.0403","685.61846","59.0436","-42.6871"
"295.6500","0.0661","-498.49489","59.0436","-42.8179"
"295.6550","0.0995","-1678.40242","59.0436","-42.8662"
"295.6600","0.1395","-2147.41087","59.0436","-42.8489"
"295.6650","0.1850","-2334.36561","59.0436","-42.8473"
"295.6700","0.2345","-2566.48207","59.0436","-42.8467"
"295.6750","0.2866","-3041.80264","59.0436","-42.8075"
"295.6800","0.3400","-3851.63212","59.0436","-42.7545"
"295.6850","0.3938","-4442.10815","59.0436","-42.6605"
"295.6900","0.4474","-4320.13941","59.0436","-42.5239"
"295.6950","0.5004","-3955.08194","59.0436","-42.4407"
"295.7000","0.5526","-3681.80156","59.0436","-42.3888"
"295.7050","0.6040","-3686.67316","59.0436","-42.3205"
"295.7100","0.6547","-4087.62884","59.0436","-42.2606"
"295.7150","0.7049","-4504.33016","59.0436","-42.1238"
"295.7200","0.7545","-4249.94183","59.0436","-41.8746"
"295.7250","0.8039","-3736.42182","59.0436","-41.6791"
"295.7300","0.8530","-3318.93730","59.0436","-41.5443"
"295.7350","0.9019","-3197.45898","59.0436","-41.4373"
"295.7400","0.9508","-3500.76866","59.0436","-41.3890"
"295.7450","0.9996","-3996.45281","59.0436","-41.3158"
"295.7460","1.0094","-4026.58319","59.0436","-41.2821"
"295.7470","1.0191","-4026.71385","59.0436","-41.2413"
"297.5310","5.1234","-1885.00237","59.0436","-33.3022"
"297.5360","5.1234","-1879.60291","59.0436","-33.2928"
"297.5410","5.1235","-1839.04362","59.0436","-33.2980"
"297.5460","5.1240","-1577.64590","59.0436","-33.2989"
"297.5510","5.1256","-977.73051","59.0436","-33.2841"
"297.5560","5.1296","-327.56305","59.0436","-33.2846"
"297.5610","5.1375","121.17855","59.0436","-33.3008"
"297.5660","5.1510","188.90351","59.0436","-33.3146"
"297.5710","5.1714","-224.27158","59.0436","-33.3197"
"297.5760","5.1992","-938.04955","59.0436","-33.3033"
"297.5810","5.2342","-1133.57043","59.0436","-33.2192"
"297.5860","5.2755","-1008.11517","59.0436","-33.1416"
"297.5910","5.3220","-924.51942","59.0436","-33.0995"
"297.5960","5.3720","-1088.59897","59.0436","-33.0648"
"297.6010","5.4245","-1598.64223","59.0436","-32.9936"
"297.6060","5.4780","-2115.66067","59.0436","-32.8271"
"297.6110","5.5319","-1995.19610","59.0436","-32.5531"
"297.6160","5.5854","-1594.42174","59.0436","-32.3365"
"297.6210","5.6383","-1263.66711","59.0436","-32.2185"
"297.6260","5.6905","-1192.68858","59.0436","-32.1401"
"297.6310","5.7419","-1498.30115","59.0436","-32.0686"
"297.6360","5.7926","-1962.86309","59.0436","-31.9693"
"297.6410","5.8427","-1846.63582","59.0436","-31.8058"
"297.6460","5.8924","-1420.27915","59.0436","-31.6732"
"297.6510","5.9417","-1053.40695","59.0436","-31.5859"
"297.6560","5.9909","-937.61241","59.0436","-31.5012"
"297.6610","6.0399","-1186.36477","59.0436","-31.4299"
"297.6660","6.0889","-1662.04679","59.0436","-31.3536"
"297.6700","6.1281","-1666.38184","59.0436","-31.2226"
"297.6710","6.1379","-1612.48791","59.0436","-31.1899"
"299.4620","10.2416","-1183.46047","59.0436","-24.5040"
"299.4670","10.2416","-1178.87330","59.0436","-24.5225"
"299.4720","10.2417","-1139.93073","59.0436","-24.5427"
"299.4770","10.2422","-887.27140","59.0436","-24.5544"
"299.4820","10.2439","-301.65231","59.0436","-24.5257"
"299.4870","10.2480","343.37538","59.0436","-24.4834"
"299.4920","10.2561","800.50820","59.0436","-24.4566"
"299.4970","10.2697","907.52822","59.0436","-24.4219"
"299.5020","10.2902","592.90516","59.0436","-24.3378"
"299.5070","10.3180","315.20733","59.0436","-24.2232"
"299.5120","10.3531","514.85431","59.0436","-24.1620"
"299.5170","10.3945","786.96382","59.0436","-24.1529"
"299.5220","10.4409","872.76816","59.0436","-24.1206"
"299.5270","10.4910","646.95638","59.0436","-24.0297"
"299.5320","10.5434","159.68060","59.0436","-23.8927"
"299.5370","10.5969","93.41628","59.0436","-23.7433"
"299.5420","10.6508","442.12034","59.0436","-23.6612"
"299.5470","10.7043","815.02473","59.0436","-23.6319"
"299.5520","10.7572","992.32537","59.0436","-23.5855"
"299.5570","10.8094","870.80115","59.0436","-23.4951"
"299.5620","10.8608","423.45473","59.0436","-23.3583"
"299.5670","10.9114","226.25990","59.0436","-23.1776"
"299.5720","10.9615","536.32510","59.0436","-23.0348"
"299.5770","11.0111","928.36404","59.0436","-22.9458"
"299.5820","11.0604","1152.02737","59.0436","-22.8572"
"299.5870","11.1095","1086.92431","59.0436","-22.7200"
"299.5920","11.1585","681.50342","59.0436","-22.5766"
"299.5970","11.2073","448.14873","59.0436","-22.4296"
"299.6010","11.2465","658.62364","59.0436","-22.3389"
"299.6020","11.2562","736.30476","59.0436","-22.3220"
"301.3820","15.3582","120.74691","59.0436","-16.5635"
"301.3870","15.3582","123.15631","59.0436","-16.5671"
"301.3920","15.3583","159.94437","59.0436","-16.5596"
"301.3970","15.3589","398.53922","59.0436","-16.5237"
"301.4020","15.3606","945.56838","59.0436","-16.4631"
"301.4070","15.3648","1541.63587","59.0436","-16.4122"
"301.4120","15.3730","1956.41303","59.0436","-16.3630"
"301.4170","15.3868","2045.17698","59.0436","-16.2791"
"301.4220","15.4074","1848.68860","59.0436","-16.1339"
"301.4270","15.4354","2016.44158","59.0436","-16.0174"
"301.4320","15.4706","2453.45926","59.0436","-16.0045"
"301.4370","15.5120","2802.72079","59.0436","-16.0310"
"301.4420","15.5584","2876.23549","59.0436","-16.0130"
"301.4470","15.6085","2603.72496","59.0436","-15.9222"
"301.4520","15.6608","2346.01402","59.0436","-15.7981"
"301.4570","15.7143","2570.37115","59.0436","-15.6740"
"301.4620","15.7681","2943.47215","59.0436","-15.5559"
"301.4670","15.8217","3192.24405","59.0436","-15.4636"
"301.4720","15.8746","3186.77783","59.0436","-15.3727"
"301.4770","15.9268","2860.32057","59.0436","-15.2859"
"301.4820","15.9783","2414.30259","59.0436","-15.1706"
"301.4870","16.0290","2473.50717","59.0436","-15.0713"
"301.4920","16.0792","2825.82378","59.0436","-15.0122"
"301.4970","16.1290","3128.30949","59.0436","-14.9564"
"301.5020","16.1784","3215.59048","59.0436","-14.8596"
"301.5070","16.2276","3004.92716","59.0436","-14.7301"
"301.5120","16.2766","2616.36257","59.0436","-14.5894"
"301.5170","16.3256","2698.90475","59.0436","-14.4678"
"301.5210","16.3648","3005.69057","59.0436","-14.4246"
"301.5220","16.3746","3087.90946","59.0436","-14.4183"
"303.3040","20.4812","1249.22895","59.0436","-9.4482"
"303.3090","20.4812","1253.46100","59.0436","-9.4277"
"303.3140","20.4813","1286.05092","59.0436","-9.4194"
"303.3190","20.4818","1496.08529","59.0436","-9.4082"
"303.3240","20.4834","2020.17474","59.0436","-9.3663"
"303.3290","20.4874","2629.99225","59.0436","-9.3083"
"303.3340","20.4952","3096.51971","59.0436","-9.2347"
"303.3390","20.5085","3263.52549","59.0436","-9.1339"
"303.3440","20.5287","3384.82523","59.0436","-9.0099"
"303.3490","20.5563","3909.86633","59.0436","-8.9495"
"303.3540","20.5911","4516.33692","59.0436","-8.9509"
"303.3590","20.6321","4927.11878","59.0436","-8.9341"
"303.3640","20.6783","5004.30107","59.0436","-8.8260"
"303.3690","20.7282","4807.13797","59.0436","-8.6679"
"303.3740","20.7804","4912.40311","59.0436","-8.5565"
"303.3790","20.8338","5310.89735","59.0436","-8.4764"
"303.3840","20.8876","5688.71689","59.0436","-8.4091"
"303.3890","20.9410","5860.90088","59.0436","-8.3120"
"303.3940","20.9939","5743.45589","59.0436","-8.1828"
"303.3990","21.0461","5338.99260","59.0436","-8.0270"
"303.4040","21.0975","5186.19680","59.0436","-7.8838"
"303.4090","21.1482","5453.71199","59.0436","-7.8173"
"303.4140","21.1984","5780.96485","59.0436","-7.7993"
"303.4190","21.2481","5958.64964","59.0436","-7.7347"
"303.4240","21.2974","5878.23439","59.0436","-7.6138"
"303.4290","21.3466","5511.01208","59.0436","-7.4507"
"303.4340","21.3956","5327.44169","59.0436","-7.2977"
"303.4390","21.4446","5594.33794","59.0436","-7.2326"
"303.4430","21.4838","5879.74548","59.0436","-7.2205"
"303.4440","21.4936","5941.77628","59.0436","-7.2158"
"305.2250","25.5975","2896.32368","59.0436","-2.8409"
"305.2300","25.5975","2902.35758","59.0436","-2.8484"
"305.2350","25.5976","2933.17771","59.0436","-2.8841"
"305.2400","25.5981","3124.17364","59.0436","-2.9067"
"305.2450","25.5998","3601.63212","59.0436","-2.8893"
"305.2500","25.6038","4150.96426","59.0436","-2.8284"
"305.2550","25.6118","4564.30340","59.0436","-2.7245"
"305.2600","25.6254","4779.49572","59.0436","-2.5628"
"305.2650","25.6459","5301.69535","59.0436","-2.3787"
"305.2700","25.6738","6097.90564","59.0436","-2.2660"
"305.2750","25.7088","6790.97843","59.0436","-2.2345"
"305.2800","25.7502","7172.76192","59.0436","-2.1987"
"305.2850","25.7966","7176.31960","59.0436","-2.0980"
"305.2900","25.8467","7191.56837","59.0436","-1.9518"
"305.2950","25.8991","7607.28598","59.0436","-1.8530"
"305.3000","25.9526","8098.95515","59.0436","-1.7845"
"305.3050","26.0064","8413.68675","59.0436","-1.7020"
"305.3100","26.0600","8439.58092","59.0436","-1.5876"
"305.3150","26.1129","8144.44828","59.0436","-1.4522"
"305.3200","26.1651","7802.58226","59.0436","-1.2815"
"305.3250","26.2165","7935.64606","59.0436","-1.1370"
"305.3300","26.2672","8294.62337","59.0436","-1.0581"
"305.3350","26.3174","8559.61990","59.0436","-1.0018"
"305.3400","26.3671","8578.21274","59.0436","-0.9271"
"305.3450","26.4164","8293.15281","59.0436","-0.8216"
"305.3500","26.4656","7912.14132","59.0436","-0.6723"
"305.3550","26.5146","7999.10450","59.0436","-0.5318"
"305.3600","26.5636","8362.94270","59.0436","-0.4614"
"305.3640","26.6027","8620.26787","59.0436","-0.4450"
"305.3650","26.6125","8665.39764","59.0436","-0.4395"
"307.1440","30.7149","4390.63692","59.0436","3.5816"
"307.1490","30.7149","4396.90733","59.0436","3.5436"
"307.1540","30.7150","4425.37498","59.0436","3.5172"
"307.1590","30.7155","4595.66116","59.0436","3.5099"
"307.1640","30.7171","5038.42115","59.0436","3.5240"
"307.1690","30.7211","5559.62896","59.0436","3.5577"
"307.1740","30.7289","5952.31199","59.0436","3.6244"
"307.1790","30.7423","6392.77172","59.0436","3.7506"
"307.1840","30.7624","7265.05470","59.0436","3.8976"
"307.1890","30.7898","8247.84756","59.0436","3.9934"
"307.1940","30.8245","9025.80833","59.0436","4.0448"
"307.1990","30.8655","9432.01256","59.0436","4.0662"
"307.2040","30.9116","9529.97780","59.0436","4.0975"
"307.2090","30.9614","9881.96278","59.0436","4.1590"
"307.2140","31.0136","10471.12751","59.0436","4.2234"
"307.2190","31.0670","10974.20788","59.0436","4.2979"
"307.2240","31.1208","11207.26871","59.0436","4.3713"
"307.2290","31.1744","11090.21950","59.0436","4.4305"
"307.2340","31.2273","10702.65865","59.0436","4.5120"
"307.2390","31.2796","10598.57750","59.0436","4.6789"
"307.2440","31.3311","10887.35771","59.0436","4.8338"
"307.2490","31.3819","11217.07821","59.0436","4.9282"
"307.2540","31.4322","11372.87331","59.0436","4.9961"
"307.2590","31.4819","11244.77100","59.0436","5.0840"
"307.2640","31.5313","10837.62074","59.0436","5.1869"
"307.2690","31.5804","10655.66444","59.0436","5.3043"
"307.2740","31.6294","10923.88630","59.0436","5.4293"
"307.2790","31.6782","11287.06646","59.0436","5.5275"
"307.2830","31.7173","11474.78008","59.0436","5.5861"
"307.2840","31.7271","11498.29578","59.0436","5.5997"
"309.0640","35.8343","6090.80696","59.0436","8.8613"
"309.0690","35.8343","6097.23139","59.0436","8.8525"
"309.0740","35.8344","6123.57569","59.0436","8.8200"
"309.0790","35.8349","6271.24500","59.0436","8.7800"
"309.0840","35.8365","6696.51270","59.0436","8.7391"
"309.0890","35.8405","7238.62076","59.0436","8.7243"
"309.0940","35.8484","7758.09240","59.0436","8.7757"
"309.0990","35.8618","8632.80487","59.0436","8.8930"
"309.1040","35.8820","9830.01232","59.0436","9.0099"
"309.1090","35.9095","10937.42657","59.0436","9.0981"
"309.1140","35.9442","11719.50150","59.0436","9.1646"
"309.1190","35.9851","12079.37241","59.0436","9.2322"
"309.1240","36.0312","12379.67396","59.0436","9.3333"
"309.1290","36.0810","12985.68153","59.0436","9.4201"
"309.1340","36.1331","13599.84016","59.0436","9.5060"
"309.1390","36.1865","13987.62131","59.0436","9.6134"
"309.1440","36.2402","14045.77541","59.0436","9.7399"
"309.1490","36.2938","13757.80869","59.0436","9.8710"
"309.1540","36.3468","13439.01348","59.0436","10.0075"
"309.1590","36.3991","13550.15659","59.0436","10.1290"
"309.1640","36.4507","13869.13967","59.0436","10.2195"
"309.1690","36.5016","14099.80106","59.0436","10.2855"
"309.1740","36.5519","14100.39902","59.0436","10.3706"
"309.1790","36.6017","13804.03900","59.0436","10.4860"
"309.1840","36.6511","13437.01553","59.0436","10.5811"
"309.1890","36.7003","13535.05325","59.0436","10.6483"
"309.1940","36.7493","13898.08750","59.0436","10.7012"
"309.1990","36.7982","14199.68414","59.0436","10.7400"
"309.2030","36.8373","14283.41484","59.0436","10.7746"
"309.2040","36.8471","14277.41528","59.0436","10.7857"
"310.9850","40.9492","8302.51122","59.0436","13.5008"
"310.9900","40.9492","8305.82619","59.0436","13.5022"
"310.9950","40.9493","8326.15280","59.0436","13.4850"
"311.0000","40.9498","8460.35004","59.0436","13.4682"
"311.0050","40.9514","8859.08031","59.0436","13.4795"
"311.0100","40.9553","9397.63260","59.0436","13.5174"
"311.0150","40.9631","10121.83094","59.0436","13.6026"
"311.0200","40.9764","11338.64975","59.0436","13.7165"
"311.0250","40.9966","12701.66206","59.0436","13.8252"
"311.0300","41.0241","13853.56998","59.0436","13.9145"
"311.0350","41.0588","14608.66928","59.0436","13.9872"
"311.0400","41.0999","15023.16475","59.0436","14.0454"
"311.0450","41.1461","15599.51401","59.0436","14.0976"
"311.0500","41.1960","16298.57635","59.0436","14.1432"
"311.0550","41.2482","16842.90886","59.0436","14.2273"
"311.0600","41.3017","17080.77621","59.0436","14.3403"
"311.0650","41.3555","16961.70044","59.0436","14.4782"
"311.0700","41.4091","16567.74712","59.0436","14.6232"
"311.0750","41.4620","16399.96719","59.0436","14.7205"
"311.0800","41.5142","16611.20987","59.0436","14.7873"
"311.0850","41.5656","16891.05415","59.0436","14.8217"
"311.0900","41.6163","17026.80016","59.0436","14.8605"
"311.0950","41.6664","16911.35979","59.0436","14.9316"
"311.1000","41.7161","16535.52246","59.0436","15.0447"
"311.1050","41.7654","16364.44664","59.0436","15.2102"
"311.1100","41.8146","16646.36803","59.0436","15.3480"
"311.1150","41.8636","17040.60936","59.0436","15.4268"
"311.1200","41.9126","17298.88725","59.0436","15.4850"
"311.1240","41.9518","17327.50511","59.0436","15.5357"
"311.1250","41.9616","17305.24826","59.0436","15.5526"
"312.9030","46.0649","10643.16654","59.0436","17.7354"
"312.9080","46.0649","10646.23833","59.0436","17.7223"
"312.9130","46.0650","10665.89928","59.0436","17.7168"
"312.9180","46.0655","10788.38825","59.0436","17.7027"
"312.9230","46.0671","11172.41669","59.0436","17.6849"
"312.9280","46.0710","11839.65397","59.0436","17.6884"
"312.9330","46.0789","13012.86221","59.0436","17.7008"
"312.9380","46.0923","14531.36444","59.0436","17.7412"
"312.9430","46.1125","15960.44159","59.0436","17.7958"
"312.9480","46.1402","17047.86491","59.0436","17.8581"
"312.9530","46.1751","17690.89699","59.0436","17.9141"
"312.9580","46.2164","18170.99571","59.0436","18.0026"
"312.9630","46.2628","18898.69118","59.0436","18.1123"
"312.9680","46.3129","19614.03656","59.0436","18.2211"
"312.9730","46.3653","20086.86447","59.0436","18.3355"
"312.9780","46.4189","20219.31648","59.0436","18.4630"
"312.9830","46.4729","20005.37300","59.0436","18.5957"
"312.9880","46.5265","19748.18420","59.0436","18.7242"
"312.9930","46.5795","19885.26726","59.0436","18.8166"
"312.9980","46.6317","20202.57568","59.0436","18.8666"
"313.0030","46.6831","20436.04469","59.0436","18.9114"
"313.0080","46.7338","20453.10974","59.0436","18.9731"
"313.0130","46.7839","20199.28360","59.0436","19.0355"
"313.0180","46.8335","19871.34552","59.0436","19.1335"
"313.0230","46.8828","19966.73393","59.0436","19.2453"
"313.0280","46.9319","20299.63493","59.0436","19.3240"
"313.0330","46.9810","20578.31383","59.0436","19.3717"
"313.0380","47.0300","20652.57263","59.0436","19.4148"
"313.0420","47.0692","20519.35768","59.0436","19.4471"
"313.0430","47.0790","20456.78902","59.0436","19.4626"
"314.8210","51.1807","14757.50065","59.0436","20.9499"
"314.8260","51.1807","14759.65977","59.0436","20.9481"
"314.8310","51.1807","14778.66077","59.0436","20.9447"
"314.8360","51.1813","14900.98953","59.0436","20.9495"
"314.8410","51.1829","15317.27314","59.0436","20.9588"
"314.8460","51.1869","16243.20221","59.0436","21.0106"
"314.8510","51.1949","17651.36909","59.0436","21.0912"
"314.8560","51.2084","19136.07407","59.0436","21.1869"
"314.8610","51.2287","20375.74959","59.0436","21.2942"
"314.8660","51.2564","21205.58739","59.0436","21.3869"
"314.8710","51.2913","21628.11661","59.0436","21.4632"
"314.8760","51.3325","22128.67165","59.0436","21.5450"
"314.8810","51.3788","22786.28540","59.0436","21.6209"
"314.8860","51.4289","23318.98117","59.0436","21.6974"
"314.8910","51.4812","23574.93591","59.0436","21.7955"
"314.8960","51.5347","23503.96538","59.0436","21.9246"
"314.9010","51.5886","23160.97260","59.0436","22.0671"
"314.9060","51.6421","23028.23257","59.0436","22.2138"
"314.9110","51.6950","23267.75932","59.0436","22.3094"
"314.9160","51.7472","23574.99695","59.0436","22.3520"
"314.9210","51.7985","23748.25859","59.0436","22.3807"
"314.9260","51.8491","23686.06186","59.0436","22.4298"
"314.9310","51.8991","23375.49210","59.0436","22.4832"
"314.9360","51.9487","23246.23299","59.0436","22.5788"
"314.9410","51.9980","23516.17432","59.0436","22.6759"
"314.9460","52.0471","23864.30550","59.0436","22.7492"
"314.9510","52.0961","24075.66261","59.0436","22.7899"
"314.9560","52.1451","24052.35672","59.0436","22.8179"
"314.9600","52.1843","23834.47266","59.0436","22.8467"
"314.9610","52.1941","23763.38577","59.0436","22.8591"
"328.4430","0.0008","-8706.93970","49.0536","-35.5175"
"328.4480","0.0008","-8708.89759","49.0536","-35.5359"
"328.4530","0.0009","-8636.17325","49.0536","-35.5562"
"328.4580","0.0017","-8205.55973","49.0536","-35.6328"
"328.4630","0.0044","-7256.47926","49.0536","-35.8180"
"328.4680","0.0105","-6061.42473","49.0536","-35.9753"
"328.4730","0.0220","-4986.79066","49.0536","-36.1198"
"328.4780","0.0403","-4289.55603","49.0536","-36.2612"
"328.4830","0.0661","-4116.98389","49.0536","-36.3960"
"328.4880","0.0995","-4117.76543","49.0536","-36.4694"
"328.4930","0.1395","-3679.77715","49.0536","-36.4721"
"328.4980","0.1850","-3162.63032","49.0536","-36.4818"
"328.5030","0.2345","-2849.45917","49.0536","-36.4801"
"328.5080","0.2866","-2892.32802","49.0536","-36.4421"
"328.5130","0.3400","-3345.42680","49.0536","-36.3796"
"328.5180","0.3938","-3707.99327","49.0536","-36.2711"
"328.5230","0.4474","-3523.51975","49.0536","-36.1210"
"328.5280","0.5004","-3178.87998","49.0536","-36.0180"
"328.5330","0.5527","-2955.78599","49.0536","-35.9709"
"328.5380","0.6041","-3001.23000","49.0536","-35.9233"
"328.5430","0.6548","-3415.64012","49.0536","-35.8611"
"328.5480","0.7049","-3884.56082","49.0536","-35.7582"
"328.5530","0.7546","-3762.37535","49.0536","-35.5847"
"328.5580","0.8039","-3388.00764","49.0536","-35.4357"
"328.5630","0.8529","-3075.18983","49.0536","-35.3287"
"328.5680","0.9019","-2997.07246","49.0536","-35.2271"
"328.5730","0.9507","-3273.75031","49.0536","-35.1552"
"328.5780","0.9995","-3718.38808","49.0536","-35.0584"
"328.5790","1.0093","-3744.92002","49.0536","-35.0257"
"328.5800","1.0191","-3744.16041","49.0536","-34.9884"
"330.3600","5.1216","-1582.63755","49.0536","-27.6378"
"330.3650","5.1216","-1579.87261","49.0536","-27.6306"
"330.3700","5.1217","-1539.71231","49.0536","-27.6521"
"330.3750","5.1222","-1278.92232","49.0536","-27.6612"
"330.3800","5.1238","-707.53729","49.0536","-27.6236"
"330.3850","5.1278","-92.32014","49.0536","-27.5809"
"330.3900","5.1357","344.53920","49.0536","-27.5597"
"330.3950","5.1492","440.87961","49.0536","-27.5437"
"330.4000","5.1696","103.28577","49.0536","-27.5231"
"330.4050","5.1974","-531.23820","49.0536","-27.5055"
"330.4100","5.2323","-745.30011","49.0536","-27.4862"
"330.4150","5.2737","-670.11374","49.0536","-27.4732"
"330.4200","5.3201","-622.96361","49.0536","-27.4358"
"330.4250","5.3701","-782.60529","49.0536","-27.3400"
"330.4300","5.4225","-1241.46628","49.0536","-27.2196"
"330.4350","5.4760","-1744.64309","49.0536","-27.0676"
"330.4400","5.5299","-1681.68032","49.0536","-26.8743"
"330.4450","5.5834","-1350.59595","49.0536","-26.7155"
"330.4500","5.6364","-1059.90362","49.0536","-26.5928"
"330.4550","5.6885","-976.97204","49.0536","-26.4920"
"330.4600","5.7399","-1204.07069","49.0536","-26.4052"
"330.4650","5.7906","-1596.77267","49.0536","-26.3231"
"330.4700","5.8408","-1496.07193","49.0536","-26.1656"
"330.4750","5.8905","-1094.71846","49.0536","-25.9989"
"330.4800","5.9398","-729.71237","49.0536","-25.8750"
"330.4850","5.9889","-572.84433","49.0536","-25.7631"
"330.4900","6.0379","-733.47074","49.0536","-25.6675"
"330.4950","6.0868","-1125.56314","49.0536","-25.6001"
"330.4990","6.1260","-1134.77588","49.0536","-25.5332"
"330.5000","6.1358","-1087.30340","49.0536","-25.5164"
"332.2900","10.2389","-207.48034","49.0536","-19.7766"
"332.2950","10.2389","-202.90022","49.0536","-19.7676"
"332.3000","10.2390","-164.22492","49.0536","-19.7738"
"332.3050","10.2395","72.00267","49.0536","-19.7590"
"332.3100","10.2412","576.93809","49.0536","-19.7054"
"332.3150","10.2453","1105.34167","49.0536","-19.6368"
"332.3200","10.2534","1453.82679","49.0536","-19.5665"
"332.3250","10.2671","1474.62940","49.0536","-19.4969"
"332.3300","10.2876","1108.47390","49.0536","-19.4382"
"332.3350","10.3155","768.35477","49.0536","-19.3612"
"332.3400","10.3506","885.37145","49.0536","-19.2991"
"332.3450","10.3920","1100.22998","49.0536","-19.2779"
"332.3500","10.4385","1168.14601","49.0536","-19.2564"
"332.3550","10.4886","964.50359","49.0536","-19.2304"
"332.3600","10.5411","514.67299","49.0536","-19.1802"
"332.3650","10.5947","412.03636","49.0536","-19.0581"
"332.3700","10.6485","709.86861","49.0536","-18.8954"
"332.3750","10.7021","1049.11017","49.0536","-18.7612"
"332.3800","10.7550","1225.56722","49.0536","-18.6779"
"332.3850","10.8072","1134.22358","49.0536","-18.6081"
"332.3900","10.8585","732.95164","49.0536","-18.5260"
"332.3950","10.9092","514.03332","49.0536","-18.3955"
"332.4000","10.9592","785.78395","49.0536","-18.2547"
"332.4050","11.0088","1160.60889","49.0536","-18.1515"
"332.4100","11.0581","1405.16150","49.0536","-18.0354"
"332.4150","11.1071","1394.88852","49.0536","-17.9189"
"332.4200","11.1561","1061.76603","49.0536","-17.8311"
"332.4250","11.2050","820.63615","49.0536","-17.7245"
"332.4290","11.2441","986.01693","49.0536","-17.6133"
"332.4300","11.2539","1053.07627","49.0536","-17.5880"
"334.2180","15.3584","926.99414","49.0536","-12.3408"
"334.2230","15.3584","931.80335","49.0536","-12.3660"
"334.2280","15.3585","969.57201","49.0536","-12.4034"
"334.2330","15.3590","1204.05626","49.0536","-12.4169"
"334.2380","15.3607","1708.01330","49.0536","-12.3943"
"334.2430","15.3649","2241.85658","49.0536","-12.3542"
"334.2480","15.3731","2606.26745","49.0536","-12.3074"
"334.2530","15.3869","2666.38327","49.0536","-12.2387"
"334.2580","15.4075","2462.16989","49.0536","-12.1330"
"334.2630","15.4356","2572.94083","49.0536","-12.0305"
"334.2680","15.4707","2930.64380","49.0536","-11.9688"
"334.2730","15.5122","3224.02072","49.0536","-11.9297"
"334.2780","15.5586","3282.50670","49.0536","-11.8865"
"334.2830","15.6087","3038.94544","49.0536","-11.8004"
"334.2880","15.6611","2800.95220","49.0536","-11.7052"
"334.2930","15.7146","2993.20102","49.0536","-11.5901"
"334.2980","15.7684","3332.99327","49.0536","-11.4767"
"334.3030","15.8220","3578.80998","49.0536","-11.3548"
"334.3080","15.8750","3601.45497","49.0536","-11.2555"
"334.3130","15.9272","3328.39394","49.0536","-11.1860"
"334.3180","15.9786","2936.35464","49.0536","-11.1259"
"334.3230","16.0293","3003.21841","49.0536","-11.0475"
"334.3280","16.0795","3330.26958","49.0536","-10.9735"
"334.3330","16.1292","3617.48147","49.0536","-10.8938"
"334.3380","16.1786","3710.93082","49.0536","-10.7719"
"334.3430","16.2277","3525.66147","49.0536","-10.6459"
"334.3480","16.2767","3184.27610","49.0536","-10.5466"
"334.3530","16.3257","3264.52780","49.0536","-10.4344"
"334.3570","16.3649","3542.56582","49.0536","-10.3484"
"334.3580","16.3747","3616.62388","49.0536","-10.3287"
"336.1420","20.4802","2386.39259","49.0536","-5.6875"
"336.1470","20.4802","2392.33756","49.0536","-5.6836"
"336.1520","20.4803","2428.09796","49.0536","-5.6763"
"336.1570","20.4808","2637.85911","49.0536","-5.6467"
"336.1620","20.4824","3112.85233","49.0536","-5.5931"
"336.1670","20.4863","3635.51092","49.0536","-5.5467"
"336.1720","20.4942","4010.32543","49.0536","-5.4924"
"336.1770","20.5075","4105.48973","49.0536","-5.4025"
"336.1820","20.5278","4145.02144","49.0536","-5.2963"
"336.1870","20.5554","4559.26657","49.0536","-5.2343"
"336.1920","20.5901","5066.36477","49.0536","-5.2218"
"336.1970","20.6312","5415.44533","49.0536","-5.2286"
"336.2020","20.6774","5472.11313","49.0536","-5.2154"
"336.2070","20.7273","5280.18427","49.0536","-5.1508"
"336.2120","20.7796","5354.34198","49.0536","-5.0625"
"336.2170","20.8330","5705.10530","49.0536","-4.9687"
"336.2220","20.8867","6042.95301","49.0536","-4.8821"
"336.2270","20.9402","6195.26196","49.0536","-4.8119"
"336.2320","20.9931","6083.39739","49.0536","-4.7403"
"336.2370","21.0452","5717.29183","49.0536","-4.6543"
"336.2420","21.0965","5550.44270","49.0536","-4.5603"
"336.2470","21.1472","5777.33040","49.0536","-4.4560"
"336.2520","21.1973","6074.37897","49.0536","-4.3603"
"336.2570","21.2470","6241.23001","49.0536","-4.2359"
"336.2620","21.2963","6172.17445","49.0536","-4.0951"
"336.2670","21.3455","5842.61274","49.0536","-3.9506"
"336.2720","21.3946","5663.40542","49.0536","-3.8390"
"336.2770","21.4436","5898.29922","49.0536","-3.7652"
"336.2810","21.4829","6165.23218","49.0536","-3.7242"
"336.2820","21.4927","6224.88546","49.0536","-3.7153"
"338.0760","25.5971","4107.70226","49.0536","0.3355"
"338.0810","25.5971","4109.55667","49.0536","0.3543"
"338.0860","25.5972","4137.48407","49.0536","0.3514"
"338.0910","25.5977","4328.95041","49.0536","0.3313"
"338.0960","25.5993","4772.94922","49.0536","0.3269"
"338.1010","25.6034","5260.49566","49.0536","0.3323"
"338.1060","25.6113","5605.47066","49.0536","0.3674"
"338.1110","25.6249","5722.07546","49.0536","0.4386"
"338.1160","25.6454","6057.75785","49.0536","0.5541"
"338.1210","25.6733","6696.50745","49.0536","0.6608"
"338.1260","25.7083","7292.70363","49.0536","0.7006"
"338.1310","25.7497","7645.94173","49.0536","0.7352"
"338.1360","25.7961","7672.40572","49.0536","0.8002"
"338.1410","25.8462","7676.44596","49.0536","0.8860"
"338.1460","25.8986","8024.16325","49.0536","0.9875"
"338.1510","25.9521","8462.06474","49.0536","1.1088"
"338.1560","26.0059","8760.48946","49.0536","1.2353"
"338.1610","26.0594","8807.18517","49.0536","1.3511"
"338.1660","26.1123","8556.10752","49.0536","1.4312"
"338.1710","26.1645","8206.37894","49.0536","1.5317"
"338.1760","26.2159","8269.71245","49.0536","1.6588"
"338.1810","26.2666","8575.57583","49.0536","1.7488"
"338.1860","26.3167","8833.41885","49.0536","1.8092"
"338.1910","26.3664","8892.42744","49.0536","1.8941"
"338.1960","26.4158","8677.95563","49.0536","1.9749"
"338.2010","26.4649","8324.27692","49.0536","2.0707"
"338.2060","26.5140","8363.48438","49.0536","2.2018"
"338.2110","26.5629","8686.58161","49.0536","2.2805"
"338.2150","26.6021","8933.62713","49.0536","2.3226"
"338.2160","26.6119","8980.43156","49.0536","2.3343"
"340.0050","30.7189","5680.21393","49.0536","5.8045"
"340.0100","30.7189","5680.18770","49.0536","5.8066"
"340.0150","30.7190","5704.89025","49.0536","5.7971"
"340.0200","30.7195","5877.14863","49.0536","5.8091"
"340.0250","30.7211","6294.06261","49.0536","5.8383"
"340.0300","30.7251","6758.18586","49.0536","5.8781"
"340.0350","30.7329","7090.95573","49.0536","5.9071"
"340.0400","30.7463","7418.05792","49.0536","5.9528"
"340.0450","30.7664","8123.96336","49.0536","6.0204"
"340.0500","30.7940","8943.02654","49.0536","6.0694"
"340.0550","30.8287","9594.61308","49.0536","6.0901"
"340.0600","30.8698","9929.90398","49.0536","6.1326"
"340.0650","30.9160","9987.97607","49.0536","6.1837"
"340.0700","30.9659","10277.37236","49.0536","6.2325"
"340.0750","31.0181","10787.83894","49.0536","6.3010"
"340.0800","31.0716","11231.52447","49.0536","6.4075"
"340.0850","31.1253","11446.01917","49.0536","6.5337"
"340.0900","31.1789","11363.14678","49.0536","6.6585"
"340.0950","31.2318","11016.57009","49.0536","6.7668"
"340.1000","31.2840","10901.34716","49.0536","6.8782"
"340.1050","31.3355","11150.12550","49.0536","6.9780"
"340.1100","31.3863","11448.92406","49.0536","7.0606"
"340.1150","31.4365","11602.40936","49.0536","7.1457"
"340.1200","31.4863","11514.89162","49.0536","7.2240"
"340.1250","31.5357","11165.50159","49.0536","7.3126"
"340.1300","31.5848","10976.33553","49.0536","7.4348"
"340.1350","31.6337","11203.86028","49.0536","7.5381"
"340.1400","31.6826","11532.84359","49.0536","7.6161"
"340.1440","31.7217","11711.01093","49.0536","7.6710"
"340.1450","31.7315","11735.57663","49.0536","7.6823"
"341.9240","35.8351","7377.57111","49.0536","10.6613"
"341.9290","35.8351","7380.05877","49.0536","10.6578"
"341.9340","35.8352","7404.22392","49.0536","10.6438"
"341.9390","35.8357","7559.85689","49.0536","10.6397"
"341.9440","35.8373","7974.51115","49.0536","10.6401"
"341.9490","35.8413","8476.34125","49.0536","10.6520"
"341.9540","35.8492","8911.62872","49.0536","10.6755"
"341.9590","35.8627","9592.70573","49.0536","10.7165"
"341.9640","35.8829","10593.61267","49.0536","10.7851"
"341.9690","35.9105","11554.01802","49.0536","10.8381"
"341.9740","35.9452","12255.12791","49.0536","10.8756"
"341.9790","35.9862","12592.84401","49.0536","10.8945"
"341.9840","36.0323","12806.41079","49.0536","10.9070"
"341.9890","36.0821","13303.63941","49.0536","10.9564"
"341.9940","36.1343","13853.68633","49.0536","11.0364"
"341.9990","36.1877","14235.92091","49.0536","11.1572"
"342.0040","36.2414","14343.47248","49.0536","11.3022"
"342.0090","36.2949","14137.02297","49.0536","11.4323"
"342.0140","36.3479","13814.13651","49.0536","11.5290"
"342.0190","36.4001","13873.13747","49.0536","11.5888"
"342.0240","36.4516","14159.07288","49.0536","11.6378"
"342.0290","36.5025","14393.85509","49.0536","11.7118"
"342.0340","36.5528","14437.10327","49.0536","11.8195"
"342.0390","36.6026","14227.67353","49.0536","11.9345"
"342.0440","36.6521","13889.68754","49.0536","12.0478"
"342.0490","36.7013","13939.94236","49.0536","12.1372"
"342.0540","36.7503","14266.76655","49.0536","12.1994"
"342.0590","36.7993","14566.33568","49.0536","12.2534"
"342.0630","36.8384","14675.54665","49.0536","12.3059"
"342.0640","36.8482","14679.62551","49.0536","12.3177"
"343.8520","40.9516","9620.32127","49.0536","14.9860"
"343.8570","40.9516","9623.85273","49.0536","14.9600"
"343.8620","40.9517","9647.28260","49.0536","14.9315"
"343.8670","40.9522","9779.14047","49.0536","14.9066"
"343.8720","40.9538","10152.51637","49.0536","14.8913"
"343.8770","40.9577","10639.59026","49.0536","14.8999"
"343.8820","40.9655","11224.74670","49.0536","14.9237"
"343.8870","40.9788","12227.38743","49.0536","14.9472"
"343.8920","40.9990","13399.82128","49.0536","15.0036"
"343.8970","41.0265","14418.31684","49.0536","15.0616"
"343.9020","41.0613","15107.74612","49.0536","15.1045"
"343.9070","41.1025","15458.33302","49.0536","15.1575"
"343.9120","41.1487","15925.27676","49.0536","15.2320"
"343.9170","41.1986","16539.46686","49.0536","15.3224"
"343.9220","41.2509","17043.11943","49.0536","15.4151"
"343.9270","41.3043","17283.19550","49.0536","15.5091"
"343.9320","41.3581","17205.08003","49.0536","15.6163"
"343.9370","41.4116","16843.94073","49.0536","15.7048"
"343.9420","41.4645","16624.93706","49.0536","15.7729"
"343.9470","41.5167","16787.75787","49.0536","15.8318"
"343.9520","41.5681","17053.45917","49.0536","15.8834"
"343.9570","41.6188","17214.64920","49.0536","15.9643"
"343.9620","41.6689","17163.77068","49.0536","16.0712"
"343.9670","41.7186","16869.46297","49.0536","16.1962"
"343.9720","41.7680","16678.74718","49.0536","16.3414"
"343.9770","41.8172","16907.08160","49.0536","16.4876"
"343.9820","41.8662","17268.84460","49.0536","16.6134"
"343.9870","41.9152","17528.53584","49.0536","16.7199"
"343.9910","41.9543","17582.07893","49.0536","16.7820"
"343.9920","41.9641","17569.28635","49.0536","16.7977"
"345.7870","46.0672","11691.82205","49.0536","18.8908"
"345.7920","46.0672","11692.74616","49.0536","18.8783"
"345.7970","46.0673","11710.43491","49.0536","18.8556"
"345.8020","46.0678","11833.46462","49.0536","18.8223"
"345.8070","46.0694","12209.83315","49.0536","18.7924"
"345.8120","46.0734","12795.12405","49.0536","18.7825"
"345.8170","46.0813","13803.63655","49.0536","18.7270"
"345.8220","46.0949","15155.19047","49.0536","18.6871"
"345.8270","46.1153","16456.03561","49.0536","18.6993"
"345.8320","46.1431","17466.77971","49.0536","18.7434"
"345.8370","46.1781","18079.75006","49.0536","18.7783"
"345.8420","46.2194","18494.66515","49.0536","18.8071"
"345.8470","46.2659","19140.44571","49.0536","18.8561"
"345.8520","46.3160","19793.70880","49.0536","18.9308"
"345.8570","46.3684","20240.31258","49.0536","19.0250"
"345.8620","46.4219","20384.24301","49.0536","19.1573"
"345.8670","46.4758","20208.02498","49.0536","19.3023"
"345.8720","46.5294","19918.39600","49.0536","19.4155"
"345.8770","46.5824","19998.72017","49.0536","19.4885"
"345.8820","46.6346","20284.32655","49.0536","19.5457"
"345.8870","46.6861","20518.21518","49.0536","19.6091"
"345.8920","46.7368","20568.32314","49.0536","19.6776"
"345.8970","46.7869","20380.29099","49.0536","19.7623"
"345.9020","46.8366","20069.43321","49.0536","19.8592"
"345.9070","46.8859","20121.92535","49.0536","19.9549"
"345.9120","46.9351","20427.72865","49.0536","20.0380"
"345.9170","46.9841","20709.16557","49.0536","20.1184"
"345.9220","47.0331","20815.04059","49.0536","20.1941"
"345.9260","47.0722","20733.02269","49.0536","20.2465"
"345.9270","47.0820","20686.44524","49.0536","20.2638"
"347.7160","51.1878","15382.85351","49.0536","22.5641"
"347.7210","51.1878","15381.11496","49.0536","22.5260"
"347.7260","51.1879","15397.39132","49.0536","22.4980"
"347.7310","51.1884","15513.01575","49.0536","22.4674"
"347.7360","51.1900","15892.65823","49.0536","22.4192"
"347.7410","51.1940","16734.73549","49.0536","22.3116"
"347.7460","51.2019","18041.98647","49.0536","22.1856"
"347.7510","51.2154","19426.45454","49.0536","22.1057"
"347.7560","51.2357","20589.12659","49.0536","22.0689"
"347.7610","51.2633","21378.82042","49.0536","22.0586"
"347.7660","51.2981","21786.67450","49.0536","22.0371"
"347.7710","51.3393","22259.96208","49.0536","22.0103"
"347.7760","51.3856","22886.41357","49.0536","22.0251"
"347.7810","51.4356","23397.22633","49.0536","22.0860"
"347.7860","51.4879","23650.56610","49.0536","22.1595"
"347.7910","51.5414","23600.83771","49.0536","22.2576"
"347.7960","51.5952","23282.26471","49.0536","22.3607"
"347.8010","51.6487","23125.13542","49.0536","22.4552"
"347.8060","51.7016","23326.28441","49.0536","22.5239"
"347.8110","51.7538","23610.13603","49.0536","22.5721"
"347.8160","51.8051","23783.11348","49.0536","22.6379"
"347.8210","51.8557","23753.30162","49.0536","22.7228"
"347.8260","51.9058","23499.83978","49.0536","22.8205"
"347.8310","51.9554","23383.16154","49.0536","22.9154"
"347.8360","52.0047","23635.24628","49.0536","23.0165"
"347.8410","52.0539","23978.27530","49.0536","23.1114"
"347.8460","52.1029","24203.96423","49.0536","23.1964"
"347.8510","52.1519","24219.00558","49.0536","23.2683"
"347.8550","52.1911","24049.41940","49.0536","23.3193"
"347.8560","52.2009","23990.21339","49.0536","23.3303"
"361.3420","0.0008","-7995.76283","39.0627","-30.0795"
"361.3470","0.0008","-7994.05003","39.0627","-30.0943"
"361.3520","0.0010","-7919.57045","39.0627","-30.1315"
"361.3570","0.0018","-7495.80812","39.0627","-30.2298"
"361.3620","0.0044","-6590.52277","39.0627","-30.4041"
"361.3670","0.0106","-5468.59121","39.0627","-30.5450"
"361.3720","0.0220","-4467.93461","39.0627","-30.6489"
"361.3770","0.0403","-3807.07955","39.0627","-30.7124"
"361.3820","0.0662","-3605.07202","39.0627","-30.7467"
"361.3870","0.0995","-3553.73979","39.0627","-30.7431"
"361.3920","0.1396","-3128.61896","39.0627","-30.7082"
"361.3970","0.1851","-2662.25219","39.0627","-30.6782"
"361.4020","0.2346","-2395.66302","39.0627","-30.6194"
"361.4070","0.2866","-2451.64156","39.0627","-30.5342"
"361.4120","0.3401","-2858.87861","39.0627","-30.4413"
"361.4170","0.3939","-3141.65354","39.0627","-30.3177"
"361.4220","0.4475","-2968.32800","39.0627","-30.1879"
"361.4270","0.5005","-2677.76608","39.0627","-30.0929"
"361.4320","0.5528","-2500.19622","39.0627","-30.0312"
"361.4370","0.6042","-2561.24353","39.0627","-29.9738"
"361.4420","0.6549","-2943.48216","39.0627","-29.9015"
"361.4470","0.7051","-3364.38704","39.0627","-29.8153"
"361.4520","0.7547","-3242.81144","39.0627","-29.7029"
"361.4570","0.8040","-2907.71770","39.0627","-29.6041"
"361.4620","0.8531","-2638.83281","39.0627","-29.5119"
"361.4670","0.9020","-2588.77015","39.0627","-29.4056"
"361.4720","0.9508","-2856.33945","39.0627","-29.3332"
"361.4770","0.9995","-3255.97477","39.0627","-29.2599"
"361.4780","1.0093","-3276.87740","39.0627","-29.2417"
"361.4790","1.0191","-3273.79465","39.0627","-29.2208"
"363.2730","5.1232","-1159.71386","39.0627","-22.4729"
"363.2780","5.1232","-1155.58207","39.0627","-22.4618"
"363.2830","5.1233","-1115.37993","39.0627","-22.4784"
"363.2880","5.1238","-869.99059","39.0627","-22.4727"
"363.2930","5.1254","-365.14649","39.0627","-22.4176"
"363.2980","5.1294","157.18357","39.0627","-22.3629"
"363.3030","5.1373","508.68368","39.0627","-22.3089"
"363.3080","5.1508","553.29472","39.0627","-22.2495"
"363.3130","5.1712","225.68613","39.0627","-22.1860"
"363.3180","5.1990","-317.18522","39.0627","-22.1366"
"363.3230","5.2340","-452.21940","39.0627","-22.0905"
"363.3280","5.2754","-361.04625","39.0627","-22.0706"
"363.3330","5.3219","-321.72883","39.0627","-22.0578"
"363.3380","5.3720","-482.64706","39.0627","-22.0104"
"363.3430","5.4244","-914.98560","39.0627","-21.9403"
"363.3480","5.4780","-1344.71714","39.0627","-21.8539"
"363.3530","5.5319","-1255.01120","39.0627","-21.7356"
"363.3580","5.5854","-956.05499","39.0627","-21.6327"
"363.3630","5.6383","-714.00774","39.0627","-21.5376"
"363.3680","5.6904","-664.71493","39.0627","-21.4396"
"363.3730","5.7418","-886.65009","39.0627","-21.3660"
"363.3780","5.7924","-1200.91569","39.0627","-21.2943"
"363.3830","5.8426","-1058.69877","39.0627","-21.1777"
"363.3880","5.8922","-700.75506","39.0627","-21.0881"
"363.3930","5.9415","-407.49535","39.0627","-21.0194"
"363.3980","5.9906","-315.28151","39.0627","-20.9322"
"363.4030","6.0396","-511.81537","39.0627","-20.8634"
"363.4080","6.0886","-894.15145","39.0627","-20.8009"
"363.4120","6.1278","-895.06978","39.0627","-20.7155"
"363.4130","6.1376","-851.95297","39.0627","-20.6949"
"365.1950","10.2407","153.40096","39.0627","-15.1730"
"365.2000","10.2407","159.01752","39.0627","-15.1936"
"365.2050","10.2408","199.35626","39.0627","-15.2230"
"365.2100","10.2413","442.37754","39.0627","-15.2283"
"365.2150","10.2430","933.06273","39.0627","-15.1986"
"365.2200","10.2471","1437.24096","39.0627","-15.1634"
"365.2250","10.2552","1775.05493","39.0627","-15.1225"
"365.2300","10.2688","1821.37489","39.0627","-15.0786"
"365.2350","10.2893","1523.80252","39.0627","-15.0204"
"365.2400","10.3172","1252.31946","39.0627","-14.9598"
"365.2450","10.3522","1380.88429","39.0627","-14.9097"
"365.2500","10.3936","1589.69450","39.0627","-14.8801"
"365.2550","10.4400","1660.23457","39.0627","-14.8367"
"365.2600","10.4901","1479.16090","39.0627","-14.7755"
"365.2650","10.5425","1069.43548","39.0627","-14.7101"
"365.2700","10.5960","990.51243","39.0627","-14.5858"
"365.2750","10.6499","1248.23439","39.0627","-14.4501"
"365.2800","10.7035","1532.19819","39.0627","-14.3445"
"365.2850","10.7564","1666.76188","39.0627","-14.2714"
"365.2900","10.8086","1562.91401","39.0627","-14.2016"
"365.2950","10.8600","1185.60243","39.0627","-14.1350"
"365.3000","10.9107","992.11222","39.0627","-14.0439"
"365.3050","10.9607","1236.29987","39.0627","-13.9253"
"365.3100","11.0103","1566.86962","39.0627","-13.8118"
"365.3150","11.0596","1783.25427","39.0627","-13.6945"
"365.3200","11.1087","1776.14677","39.0627","-13.5913"
"365.3250","11.1576","1484.07912","39.0627","-13.5174"
"365.3300","11.2065","1292.35756","39.0627","-13.4516"
"365.3340","11.2456","1463.61661","39.0627","-13.3990"
"365.3350","11.2554","1527.60911","39.0627","-13.3858"
"367.1160","15.3586","1574.08547","39.0627","-8.5375"
"367.1210","15.3586","1579.39756","39.0627","-8.5364"
"367.1260","15.3587","1615.86785","39.0627","-8.5308"
"367.1310","15.3593","1845.89624","39.0627","-8.5033"
"367.1360","15.3610","2315.63568","39.0627","-8.4582"
"367.1410","15.3651","2804.37422","39.0627","-8.4090"
"367.1460","15.3732","3138.51881","39.0627","-8.3877"
"367.1510","15.3869","3195.50490","39.0627","-8.3704"
"367.1560","15.4075","3001.21188","39.0627","-8.3398"
"367.1610","15.4354","3075.70982","39.0627","-8.2934"
"367.1660","15.4704","3382.03812","39.0627","-8.2489"
"367.1710","15.5117","3638.78369","39.0627","-8.2030"
"367.1760","15.5581","3688.86995","39.0627","-8.1350"
"367.1810","15.6081","3465.11340","39.0627","-8.0394"
"367.1860","15.6604","3232.43380","39.0627","-7.9436"
"367.1910","15.7139","3406.79741","39.0627","-7.8266"
"367.1960","15.7677","3725.55208","39.0627","-7.6942"
"367.2010","15.8213","3959.85031","39.0627","-7.5791"
"367.2060","15.8742","3992.59281","39.0627","-7.4946"
"367.2110","15.9264","3760.21099","39.0627","-7.4288"
"367.2160","15.9779","3406.94976","39.0627","-7.3489"
"367.2210","16.0286","3463.04274","39.0627","-7.2376"
"367.2260","16.0788","3763.86261","39.0627","-7.1489"
"367.2310","16.1285","4032.72676","39.0627","-7.0648"
"367.2360","16.1779","4126.80197","39.0627","-6.9806"
"367.2410","16.2271","3967.05413","39.0627","-6.9092"
"367.2460","16.2761","3644.72961","39.0627","-6.8579"
"367.2510","16.3251","3703.98235","39.0627","-6.7985"
"367.2550","16.3643","3950.56009","39.0627","-6.7525"
"367.2560","16.3741","4016.93249","39.0627","-6.7421"
"369.0460","20.4796","3027.35090","39.0627","-2.4491"
"369.0510","20.4796","3029.38271","39.0627","-2.4846"
"369.0560","20.4797","3063.11536","39.0627","-2.5165"
"369.0610","20.4802","3274.46747","39.0627","-2.5267"
"369.0660","20.4818","3733.08182","39.0627","-2.4974"
"369.0710","20.4857","4230.52502","39.0627","-2.4396"
"369.0760","20.4935","4589.83183","39.0627","-2.3730"
"369.0810","20.5069","4686.69319","39.0627","-2.3137"
"369.0860","20.5271","4711.63940","39.0627","-2.2550"
"369.0910","20.5547","5071.23327","39.0627","-2.1960"
"369.0960","20.5895","5519.70482","39.0627","-2.1729"
"369.1010","20.6306","5831.54392","39.0627","-2.1671"
"369.1060","20.6768","5885.03981","39.0627","-2.1394"
"369.1110","20.7267","5689.67342","39.0627","-2.0934"
"369.1160","20.7789","5715.23762","39.0627","-2.0065"
"369.1210","20.8324","6033.40721","39.0627","-1.8659"
"369.1260","20.8862","6364.56966","39.0627","-1.7354"
"369.1310","20.9397","6538.50842","39.0627","-1.6381"
"369.1360","20.9926","6480.40962","39.0627","-1.5648"
"369.1410","21.0447","6176.80931","39.0627","-1.5239"
"369.1460","21.0961","6026.77965","39.0627","-1.4790"
"369.1510","21.1468","6239.74180","39.0627","-1.4024"
"369.1560","21.1970","6524.89948","39.0627","-1.3350"
"369.1610","21.2466","6691.15591","39.0627","-1.2561"
"369.1660","21.2960","6645.37096","39.0627","-1.1673"
"369.1710","21.3451","6350.61646","39.0627","-1.0902"
"369.1760","21.3942","6161.64637","39.0627","-1.0170"
"369.1810","21.4432","6356.65512","39.0627","-0.9439"
"369.1850","21.4825","6590.24048","39.0627","-0.8816"
"369.1860","21.4923","6642.85612","39.0627","-0.8631"
"370.9660","25.5945","5135.56290","39.0627","2.9144"
"370.9710","25.5945","5142.69733","39.0627","2.8873"
"370.9760","25.5946","5176.80883","39.0627","2.8636"
"370.9810","25.5951","5370.53061","39.0627","2.8516"
"370.9860","25.5968","5775.88320","39.0627","2.8844"
"370.9910","25.6008","6202.31771","39.0627","2.9419"
"370.9960","25.6087","6495.02707","39.0627","3.0116"
"371.0010","25.6223","6566.56456","39.0627","3.0930"
"371.0060","25.6426","6784.07907","39.0627","3.1805"
"371.0110","25.6704","7277.64940","39.0627","3.2672"
"371.0160","25.7054","7750.85974","39.0627","3.3194"
"371.0210","25.7466","8032.73010","39.0627","3.3569"
"371.0260","25.7930","8038.89561","39.0627","3.3908"
"371.0310","25.8431","7967.19837","39.0627","3.4163"
"371.0360","25.8954","8218.30845","39.0627","3.4661"
"371.0410","25.9490","8592.54742","39.0627","3.5374"
"371.0460","26.0028","8872.79224","39.0627","3.6312"
"371.0510","26.0563","8950.90008","39.0627","3.7167"
"371.0560","26.1093","8779.74987","39.0627","3.7935"
"371.0610","26.1614","8471.12274","39.0627","3.8576"
"371.0660","26.2128","8496.49143","39.0627","3.9458"
"371.0710","26.2635","8760.97393","39.0627","4.0374"
"371.0760","26.3136","9000.97370","39.0627","4.1417"
"371.0810","26.3633","9081.47907","39.0627","4.2590"
"371.0860","26.4127","8935.43148","39.0627","4.3639"
"371.0910","26.4618","8629.48704","39.0627","4.4524"
"371.0960","26.5108","8626.05858","39.0627","4.5514"
"371.1010","26.5598","8900.16365","39.0627","4.6392"
"371.1050","26.5990","9126.91116","39.0627","4.7006"
"371.1060","26.6088","9172.18399","39.0627","4.7158"
"372.8860","30.7126","6928.33185","39.0627","7.8715"
"372.8910","30.7126","6932.10220","39.0627","7.8651"
"372.8960","30.7127","6961.40051","39.0627","7.8755"
"372.9010","30.7132","7137.21323","39.0627","7.8942"
"372.9060","30.7149","7520.98942","39.0627","7.9254"
"372.9110","30.7188","7933.59995","39.0627","7.9537"
"372.9160","30.7267","8222.22424","39.0627","7.9810"
"372.9210","30.7400","8417.42611","39.0627","8.0010"
"372.9260","30.7602","8929.36993","39.0627","8.0480"
"372.9310","30.7877","9593.64891","39.0627","8.1004"
"372.9360","30.8224","10148.44894","39.0627","8.1510"
"372.9410","30.8635","10450.55485","39.0627","8.2045"
"372.9460","30.9096","10491.81366","39.0627","8.2237"
"372.9510","30.9595","10666.42570","39.0627","8.2324"
"372.9560","31.0118","11073.73047","39.0627","8.3199"
"372.9610","31.0652","11466.48979","39.0627","8.4383"
"372.9660","31.1190","11684.93271","39.0627","8.5547"
"372.9710","31.1726","11660.89058","39.0627","8.6530"
"372.9760","31.2255","11382.46346","39.0627","8.7275"
"372.9810","31.2777","11194.56005","39.0627","8.7850"
"372.9860","31.3292","11361.52744","39.0627","8.8679"
"372.9910","31.3800","11629.20952","39.0627","8.9626"
"372.9960","31.4302","11805.35984","39.0627","9.0579"
"373.0010","31.4799","11792.27924","39.0627","9.1336"
"373.0060","31.5293","11547.29652","39.0627","9.1960"
"373.0110","31.5784","11322.71194","39.0627","9.2389"
"373.0160","31.6274","11477.55146","39.0627","9.2952"
"373.0210","31.6763","11774.37973","39.0627","9.3674"
"373.0250","31.7154","11960.89268","39.0627","9.4332"
"373.0260","31.7252","11991.74881","39.0627","9.4462"
"374.8050","35.8323","8899.87087","39.0627","12.1189"
"374.8100","35.8323","8901.55506","39.0627","12.1005"
"374.8150","35.8324","8924.69978","39.0627","12.0909"
"374.8200","35.8329","9082.85046","39.0627","12.0857"
"374.8250","35.8346","9457.59392","39.0627","12.0951"
"374.8300","35.8386","9879.78935","39.0627","12.1302"
"374.8350","35.8465","10208.02593","39.0627","12.1898"
"374.8400","35.8600","10660.13050","39.0627","12.2288"
"374.8450","35.8802","11425.43888","39.0627","12.3144"
"374.8500","35.9078","12204.13303","39.0627","12.4136"
"374.8550","35.9425","12790.70187","39.0627","12.4757"
"374.8600","35.9836","13081.05373","39.0627","12.5120"
"374.8650","36.0297","13222.11266","39.0627","12.5244"
"374.8700","36.0796","13606.19354","39.0627","12.5369"
"374.8750","36.1318","14066.75816","39.0627","12.6046"
"374.8800","36.1852","14403.56159","39.0627","12.7008"
"374.8850","36.2389","14514.65988","39.0627","12.8307"
"374.8900","36.2925","14363.59406","39.0627","12.9453"
"374.8950","36.3454","14069.93294","39.0627","13.0328"
"374.9000","36.3977","14077.50702","39.0627","13.0921"
"374.9050","36.4491","14329.34380","39.0627","13.1439"
"374.9100","36.5000","14572.62230","39.0627","13.2107"
"374.9150","36.5502","14667.41943","39.0627","13.3432"
"374.9200","36.6000","14549.09897","39.0627","13.4876"
"374.9250","36.6494","14268.92471","39.0627","13.5943"
"374.9300","36.6987","14262.61616","39.0627","13.6588"
"374.9350","36.7478","14532.07874","39.0627","13.7145"
"374.9400","36.7967","14813.87997","39.0627","13.7805"
"374.9440","36.8359","14937.12616","39.0627","13.8301"
"374.9450","36.8457","14948.53497","39.0627","13.8422"
"376.7250","40.9485","10953.76205","39.0627","16.0889"
"376.7300","40.9485","10953.38249","39.0627","16.0819"
"376.7350","40.9486","10970.85285","39.0627","16.0500"
"376.7400","40.9491","11100.87395","39.0627","16.0017"
"376.7450","40.9507","11455.14870","39.0627","15.9700"
"376.7500","40.9546","11888.10825","39.0627","15.9643"
"376.7550","40.9624","12347.35584","39.0627","15.9776"
"376.7600","40.9756","13116.08410","39.0627","15.9825"
"376.7650","40.9957","14073.05050","39.0627","16.0265"
"376.7700","41.0231","14932.34539","39.0627","16.1016"
"376.7750","41.0578","15522.08710","39.0627","16.1715"
"376.7800","41.0988","15799.38602","39.0627","16.2116"
"376.7850","41.1450","16125.70572","39.0627","16.2264"
"376.7900","41.1948","16647.07947","39.0627","16.2843"
"376.7950","41.2471","17125.50926","39.0627","16.3776"
"376.8000","41.3005","17403.51677","39.0627","16.5008"
"376.8050","41.3543","17413.80501","39.0627","16.6483"
"376.8100","41.4078","17159.66034","39.0627","16.7835"
"376.8150","41.4607","16951.93100","39.0627","16.8316"
"376.8200","41.5129","17089.40125","39.0627","16.8434"
"376.8250","41.5643","17356.08864","39.0627","16.8757"
"376.8300","41.6150","17544.97528","39.0627","16.9393"
"376.8350","41.6652","17547.39952","39.0627","17.0288"
"376.8400","41.7149","17326.98250","39.0627","17.1163"
"376.8450","41.7642","17079.53262","39.0627","17.1776"
"376.8500","41.8134","17187.28447","39.0627","17.2081"
"376.8550","41.8624","17469.08379","39.0627","17.2514"
"376.8600","41.9114","17696.09070","39.0627","17.3271"
"376.8640","41.9506","17756.52695","39.0627","17.3947"
"376.8650","41.9604","17750.47302","39.0627","17.4128"
"378.6440","46.0626","13114.00223","39.0627","19.7740"
"378.6490","46.0626","13114.30931","39.0627","19.7732"
"378.6540","46.0627","13131.88267","39.0627","19.7492"
"378.6590","46.0632","13251.86634","39.0627","19.7086"
"378.6640","46.0647","13608.10566","39.0627","19.6808"
"378.6690","46.0686","14106.66370","39.0627","19.6577"
"378.6740","46.0764","14850.34370","39.0627","19.5946"
"378.6790","46.0897","15931.90575","39.0627","19.5532"
"378.6840","46.1099","17039.14833","39.0627","19.5507"
"378.6890","46.1375","17928.18451","39.0627","19.5668"
"378.6940","46.1723","18483.87718","39.0627","19.5752"
"378.6990","46.2135","18789.67476","39.0627","19.5447"
"378.7040","46.2599","19278.07236","39.0627","19.5121"
"378.7090","46.3099","19843.69850","39.0627","19.5487"
"378.7140","46.3623","20277.95601","39.0627","19.6367"
"378.7190","46.4159","20468.71567","39.0627","19.7698"
"378.7240","46.4698","20385.10132","39.0627","19.9019"
"378.7290","46.5233","20121.59538","39.0627","20.0173"
"378.7340","46.5763","20114.58969","39.0627","20.0719"
"378.7390","46.6284","20357.13196","39.0627","20.1269"
"378.7440","46.6798","20608.49571","39.0627","20.2142"
"378.7490","46.7305","20717.85736","39.0627","20.3365"
"378.7540","46.7807","20625.26703","39.0627","20.4481"
"378.7590","46.8303","20360.63957","39.0627","20.5474"
"378.7640","46.8797","20324.83101","39.0627","20.6083"
"378.7690","46.9289","20574.27597","39.0627","20.6681"
"378.7740","46.9779","20858.01888","39.0627","20.7345"
"378.7790","47.0270","21009.08089","39.0627","20.8128"
"378.7830","47.0662","20985.70061","39.0627","20.8527"
"378.7840","47.0760","20956.61926","39.0627","20.8622"
"380.5640","51.1811","16031.93855","39.0627","23.0307"
"380.5690","51.1811","16033.22983","39.0627","23.0189"
"380.5740","51.1812","16052.70195","39.0627","23.0074"
"380.5790","51.1817","16172.36900","39.0627","22.9893"
"380.5840","51.1834","16530.75409","39.0627","22.9662"
"380.5890","51.1874","17211.97510","39.0627","22.9038"
"380.5940","51.1953","18306.34689","39.0627","22.8117"
"380.5990","51.2088","19559.77058","39.0627","22.7446"
"380.6040","51.2291","20674.19624","39.0627","22.7032"
"380.6090","51.2568","21484.54666","39.0627","22.6733"
"380.6140","51.2917","21943.04657","39.0627","22.6380"
"380.6190","51.3329","22340.81650","39.0627","22.5779"
"380.6240","51.3792","22919.05212","39.0627","22.5422"
"380.6290","51.4292","23441.89262","39.0627","22.5573"
"380.6340","51.4816","23755.32532","39.0627","22.6305"
"380.6390","51.5351","23798.44284","39.0627","22.7379"
"380.6440","51.5889","23579.50211","39.0627","22.8465"
"380.6490","51.6425","23382.98988","39.0627","22.9267"
"380.6540","51.6954","23521.75903","39.0627","22.9864"
"380.6590","51.7475","23783.06580","39.0627","23.0402"
"380.6640","51.7988","23971.24100","39.0627","23.1215"
"380.6690","51.8494","23987.58888","39.0627","23.2181"
"380.6740","51.8994","23792.51289","39.0627","23.2978"
"380.6790","51.9490","23589.59389","39.0627","23.3434"
"380.6840","51.9983","23739.58588","39.0627","23.3634"
"380.6890","52.0475","24049.51477","39.0627","23.4137"
"380.6940","52.0965","24300.10605","39.0627","23.4953"
"380.6990","52.1455","24379.59099","39.0627","23.5694"
"380.7030","52.1846","24287.37259","39.0627","23.6037"
"380.7040","52.1944","24242.82074","39.0627","23.6103"
"394.1920","0.0009","-7055.36318","29.0718","-25.5920"
"394.1970","0.0009","-7051.90897","29.0718","-25.5399"
"394.2020","0.0010","-6976.25160","29.0718","-25.5206"
"394.2070","0.0018","-6555.00364","29.0718","-25.5898"
"394.2120","0.0044","-5703.84741","29.0718","-25.6981"
"394.2170","0.0106","-4704.49686","29.0718","-25.7374"
"394.2220","0.0221","-3841.95065","29.0718","-25.7280"
"394.2270","0.0404","-3298.10953","29.0718","-25.7032"
"394.2320","0.0663","-3164.32428","29.0718","-25.6889"
"394.2370","0.0996","-3147.27807","29.0718","-25.6711"
"394.2420","0.1397","-2807.83772","29.0718","-25.6336"
"394.2470","0.1852","-2440.61136","29.0718","-25.5998"
"394.2520","0.2348","-2251.36518","29.0718","-25.5500"
"394.2570","0.2868","-2340.19566","29.0718","-25.4610"
"394.2620","0.3402","-2734.26366","29.0718","-25.3354"
"394.2670","0.3940","-3038.82861","29.0718","-25.1886"
"394.2720","0.4476","-2900.12479","29.0718","-25.0435"
"394.2770","0.5006","-2628.55172","29.0718","-24.9279"
"394.2820","0.5528","-2443.21752","29.0718","-24.8495"
"394.2870","0.6042","-2461.12537","29.0718","-24.7958"
"394.2920","0.6549","-2754.69971","29.0718","-24.7560"
"394.2970","0.7050","-3058.43163","29.0718","-24.7240"
"394.3020","0.7547","-2929.60262","29.0718","-24.6451"
"394.3070","0.8040","-2643.35370","29.0718","-24.5666"
"394.3120","0.8531","-2431.96011","29.0718","-24.4638"
"394.3170","0.9021","-2418.17975","29.0718","-24.3651"
"394.3220","0.9509","-2680.66239","29.0718","-24.3158"
"394.3270","0.9998","-3043.78152","29.0718","-24.2624"
"394.3280","1.0096","-3064.03422","29.0718","-24.2496"
"394.3290","1.0193","-3063.12156","29.0718","-24.2333"
"396.1230","5.1251","-804.28433","29.0718","-18.2391"
"396.1280","5.1251","-798.69342","29.0718","-18.2405"
"396.1330","5.1252","-758.66544","29.0718","-18.2514"
"396.1380","5.1257","-528.05322","29.0718","-18.2367"
"396.1430","5.1274","-88.49081","29.0718","-18.1827"
"396.1480","5.1314","350.68890","29.0718","-18.1045"
"396.1530","5.1393","632.89601","29.0718","-18.0203"
"396.1580","5.1528","645.06257","29.0718","-17.9337"
"396.1630","5.1731","333.30384","29.0718","-17.8519"
"396.1680","5.2010","-161.85342","29.0718","-17.7961"
"396.1730","5.2360","-301.27481","29.0718","-17.7441"
"396.1780","5.2774","-236.04830","29.0718","-17.7078"
"396.1830","5.3239","-206.46663","29.0718","-17.6605"
"396.1880","5.3740","-345.82081","29.0718","-17.5962"
"396.1930","5.4264","-716.51995","29.0718","-17.5317"
"396.1980","5.4800","-1065.11641","29.0718","-17.4381"
"396.2030","5.5338","-983.19489","29.0718","-17.3045"
"396.2080","5.5873","-729.01547","29.0718","-17.1860"
"396.2130","5.6402","-521.67571","29.0718","-17.1050"
"396.2180","5.6923","-482.25909","29.0718","-17.0392"
"396.2230","5.7437","-682.06465","29.0718","-16.9664"
"396.2280","5.7944","-969.53565","29.0718","-16.8805"
"396.2330","5.8445","-868.96378","29.0718","-16.7819"
"396.2380","5.8942","-580.76739","29.0718","-16.6724"
"396.2430","5.9435","-341.09089","29.0718","-16.5609"
"396.2480","5.9927","-269.94258","29.0718","-16.4626"
"396.2530","6.0417","-443.15523","29.0718","-16.4069"
"396.2580","6.0907","-767.36498","29.0718","-16.3779"
"396.2620","6.1299","-760.84024","29.0718","-16.3474"
"396.2630","6.1397","-720.25585","29.0718","-16.3414"
"398.0430","10.2431","484.77501","29.0718","-11.5080"
"398.0480","10.2431","488.40326","29.0718","-11.4879"
"398.0530","10.2431","525.40201","29.0718","-11.4732"
"398.0580","10.2437","754.10336","29.0718","-11.4338"
"398.0630","10.2453","1210.02376","29.0718","-11.3728"
"398.0680","10.2494","1681.75781","29.0718","-11.3036"
"398.0730","10.2573","2008.04639","29.0718","-11.2454"
"398.0780","10.2709","2073.05312","29.0718","-11.1766"
"398.0830","10.2912","1830.24764","29.0718","-11.1008"
"398.0880","10.3189","1590.54077","29.0718","-11.0401"
"398.0930","10.3539","1694.67080","29.0718","-10.9965"
"398.0980","10.3951","1875.65041","29.0718","-10.9750"
"398.1030","10.4414","1942.09659","29.0718","-10.9417"
"398.1080","10.4914","1792.61661","29.0718","-10.8955"
"398.1130","10.5438","1442.14773","29.0718","-10.8465"
"398.1180","10.5973","1361.90820","29.0718","-10.7782"
"398.1230","10.6511","1595.20257","29.0718","-10.6877"
"398.1280","10.7046","1862.24222","29.0718","-10.5904"
"398.1330","10.7575","2005.49817","29.0718","-10.4945"
"398.1380","10.8097","1944.36097","29.0718","-10.4156"
"398.1430","10.8611","1644.98317","29.0718","-10.3509"
"398.1480","10.9118","1480.01838","29.0718","-10.2962"
"398.1530","10.9619","1685.39953","29.0718","-10.2145"
"398.1580","11.0115","1960.84869","29.0718","-10.1234"
"398.1630","11.0609","2129.68183","29.0718","-10.0184"
"398.1680","11.1100","2102.89288","29.0718","-9.9364"
"398.1730","11.1590","1832.66616","29.0718","-9.8830"
"398.1780","11.2079","1650.38431","29.0718","-9.8177"
"398.1820","11.2471","1795.29631","29.0718","-9.7552"
"398.1830","11.2569","1850.65246","29.0718","-9.7409"
"399.9620","15.3589","2251.56474","29.0718","-5.3558"
"399.9670","15.3589","2255.24902","29.0718","-5.3630"
"399.9720","15.3590","2289.51073","29.0718","-5.3924"
"399.9770","15.3596","2504.38023","29.0718","-5.3889"
"399.9820","15.3613","2913.94782","29.0718","-5.3215"
"399.9870","15.3654","3323.53187","29.0718","-5.2442"
"399.9920","15.3736","3586.84444","29.0718","-5.1702"
"399.9970","15.3873","3603.46055","29.0718","-5.0903"
"400.0020","15.4079","3397.54486","29.0718","-5.0187"
"400.0070","15.4358","3426.26238","29.0718","-4.9754"
"400.0120","15.4709","3674.75605","29.0718","-4.9478"
"400.0170","15.5122","3886.59787","29.0718","-4.9299"
"400.0220","15.5586","3925.81105","29.0718","-4.8781"
"400.0270","15.6086","3733.37913","29.0718","-4.8259"
"400.0320","15.6609","3530.44534","29.0718","-4.7745"
"400.0370","15.7144","3663.29670","29.0718","-4.6996"
"400.0420","15.7682","3916.27431","29.0718","-4.5982"
"400.0470","15.8218","4096.38977","29.0718","-4.4992"
"400.0520","15.8748","4106.71329","29.0718","-4.4243"
"400.0570","15.9270","3899.30654","29.0718","-4.3851"
"400.0620","15.9784","3592.59963","29.0718","-4.3485"
"400.0670","16.0292","3640.36202","29.0718","-4.2721"
"400.0720","16.0793","3905.14922","29.0718","-4.2021"
"400.0770","16.1291","4141.15047","29.0718","-4.1237"
"400.0820","16.1785","4224.43962","29.0718","-4.0383"
"400.0870","16.2276","4088.12189","29.0718","-3.9588"
"400.0920","16.2767","3806.34141","29.0718","-3.8909"
"400.0970","16.3257","3845.80922","29.0718","-3.8326"
"400.1010","16.3649","4058.59709","29.0718","-3.7749"
"400.1020","16.3747","4116.52565","29.0718","-3.7569"
"401.8810","20.4778","3709.67650","29.0718","0.0471"
"401.8860","20.4778","3712.14318","29.0718","0.0547"
"401.8910","20.4779","3745.07642","29.0718","0.0447"
"401.8960","20.4784","3950.44303","29.0718","0.0537"
"401.9010","20.4800","4374.15981","29.0718","0.0973"
"401.9060","20.4839","4825.39225","29.0718","0.1545"
"401.9110","20.4917","5149.23096","29.0718","0.2239"
"401.9160","20.5051","5240.58151","29.0718","0.3146"
"401.9210","20.5253","5237.39719","29.0718","0.4067"
"401.9260","20.5529","5517.29345","29.0718","0.4820"
"401.9310","20.5876","5886.80220","29.0718","0.5334"
"401.9360","20.6287","6146.19303","29.0718","0.5833"
"401.9410","20.6749","6189.87417","29.0718","0.6273"
"401.9460","20.7248","6020.83445","29.0718","0.6594"
"401.9510","20.7770","6030.53761","29.0718","0.6867"
"401.9560","20.8304","6296.88120","29.0718","0.7468"
"401.9610","20.8842","6579.54025","29.0718","0.8351"
"401.9660","20.9377","6730.86596","29.0718","0.9438"
"401.9710","20.9905","6686.30600","29.0718","1.0492"
"401.9760","21.0427","6427.83546","29.0718","1.1331"
"401.9810","21.0940","6268.72206","29.0718","1.2055"
"401.9860","21.1447","6440.94658","29.0718","1.2794"
"401.9910","21.1949","6695.18137","29.0718","1.3608"
"401.9960","21.2445","6856.56118","29.0718","1.4753"
"402.0010","21.2939","6838.87672","29.0718","1.5697"
"402.0060","21.3430","6608.28066","29.0718","1.6480"
"402.0110","21.3920","6443.16244","29.0718","1.6835"
"402.0160","21.4410","6612.94127","29.0718","1.6923"
"402.0200","21.4803","6822.12639","29.0718","1.7147"
"402.0210","21.4901","6869.00330","29.0718","1.7243"
"403.8000","25.5942","5679.96168","29.0718","5.0300"
"403.8050","25.5942","5682.19233","29.0718","5.0384"
"403.8100","25.5943","5713.01937","29.0718","5.0368"
"403.8150","25.5948","5901.93605","29.0718","5.0423"
"403.8200","25.5964","6281.59475","29.0718","5.0550"
"403.8250","25.6004","6673.51913","29.0718","5.0906"
"403.8300","25.6083","6944.10563","29.0718","5.1512"
"403.8350","25.6218","7026.89886","29.0718","5.2228"
"403.8400","25.6422","7227.91529","29.0718","5.2892"
"403.8450","25.6700","7658.69379","29.0718","5.3481"
"403.8500","25.7050","8076.97582","29.0718","5.3899"
"403.8550","25.7463","8329.46301","29.0718","5.4376"
"403.8600","25.7926","8341.66431","29.0718","5.4734"
"403.8650","25.8427","8286.00025","29.0718","5.5088"
"403.8700","25.8950","8512.67624","29.0718","5.5651"
"403.8750","25.9485","8851.90964","29.0718","5.6520"
"403.8800","26.0024","9112.78439","29.0718","5.7709"
"403.8850","26.0559","9194.26918","29.0718","5.8776"
"403.8900","26.1089","9053.52020","29.0718","5.9474"
"403.8950","26.1610","8794.32297","29.0718","6.0100"
"403.9000","26.2125","8804.32701","29.0718","6.0733"
"403.9050","26.2632","9025.81596","29.0718","6.1443"
"403.9100","26.3133","9233.98876","29.0718","6.2281"
"403.9150","26.3630","9309.65042","29.0718","6.3366"
"403.9200","26.4123","9191.69712","29.0718","6.4385"
"403.9250","26.4614","8938.43174","29.0718","6.5286"
"403.9300","26.5104","8941.57028","29.0718","6.5902"
"403.9350","26.5594","9178.97224","29.0718","6.6369"
"403.9390","26.5985","9373.98243","29.0718","6.6882"
"403.9400","26.6083","9412.12654","29.0718","6.7055"
"405.7200","30.7103","7725.14057","29.0718","9.5256"
"405.7250","30.7103","7727.20718","29.0718","9.5105"
"405.7300","30.7104","7756.76155","29.0718","9.4867"
"405.7350","30.7109","7940.32574","29.0718","9.4835"
"405.7400","30.7126","8311.62548","29.0718","9.5062"
"405.7450","30.7166","8699.47624","29.0718","9.5396"
"405.7500","30.7245","8971.97247","29.0718","9.5958"
"405.7550","30.7380","9142.97104","29.0718","9.6642"
"405.7600","30.7583","9546.77773","29.0718","9.7208"
"405.7650","30.7859","10089.64252","29.0718","9.7863"
"405.7700","30.8207","10547.98508","29.0718","9.8264"
"405.7750","30.8619","10801.24187","29.0718","9.8614"
"405.7800","30.9081","10828.48740","29.0718","9.9024"
"405.7850","30.9581","10942.23595","29.0718","9.9199"
"405.7900","31.0103","11265.31410","29.0718","9.9830"
"405.7950","31.0638","11589.38980","29.0718","10.0979"
"405.8000","31.1176","11776.27373","29.0718","10.2570"
"405.8050","31.1712","11766.76178","29.0718","10.3987"
"405.8100","31.2241","11549.24393","29.0718","10.4784"
"405.8150","31.2763","11379.73690","29.0718","10.5132"
"405.8200","31.3277","11517.39311","29.0718","10.5218"
"405.8250","31.3785","11751.85776","29.0718","10.5764"
"405.8300","31.4287","11908.47206","29.0718","10.6919"
"405.8350","31.4784","11903.80573","29.0718","10.8131"
"405.8400","31.5278","11703.72677","29.0718","10.9099"
"405.8450","31.5770","11492.28096","29.0718","10.9517"
"405.8500","31.6259","11605.69572","29.0718","10.9808"
"405.8550","31.6749","11867.35153","29.0718","11.0344"
"405.8590","31.7140","12043.81371","29.0718","11.0990"
"405.8600","31.7238","12075.25921","29.0718","11.1152"
"407.6400","35.8261","9900.21420","29.0718","13.3904"
"407.6450","35.8261","9901.61324","29.0718","13.3633"
"407.6500","35.8262","9927.41203","29.0718","13.3566"
"407.6550","35.8267","10093.33992","29.0718","13.3584"
"407.6600","35.8284","10442.79194","29.0718","13.3860"
"407.6650","35.8324","10817.02614","29.0718","13.4326"
"407.6700","35.8403","11091.08067","29.0718","13.4829"
"407.6750","35.8538","11416.06522","29.0718","13.5117"
"407.6800","35.8741","12012.69722","29.0718","13.5585"
"407.6850","35.9017","12652.22836","29.0718","13.6253"
"407.6900","35.9364","13144.53125","29.0718","13.6795"
"407.6950","35.9775","13391.26778","29.0718","13.7242"
"407.7000","36.0237","13464.11514","29.0718","13.7540"
"407.7050","36.0735","13723.29998","29.0718","13.7613"
"407.7100","36.1257","14104.18892","29.0718","13.8202"
"407.7150","36.1792","14415.08102","29.0718","13.9339"
"407.7200","36.2329","14549.71504","29.0718","14.0895"
"407.7250","36.2865","14469.05422","29.0718","14.2248"
"407.7300","36.3394","14238.82103","29.0718","14.3254"
"407.7350","36.3917","14216.42208","29.0718","14.3876"
"407.7400","36.4432","14421.12827","29.0718","14.4684"
"407.7450","36.4940","14641.00456","29.0718","14.5526"
"407.7500","36.5443","14741.72592","29.0718","14.6631"
"407.7550","36.5940","14661.58104","29.0718","14.7824"
"407.7600","36.6435","14419.82841","29.0718","14.8768"
"407.7650","36.6927","14359.10034","29.0718","14.9045"
"407.7700","36.7418","14558.07686","29.0718","14.9222"
"407.7750","36.7907","14792.45758","29.0718","14.9620"
"407.7790","36.8299","14903.60546","29.0718","15.0080"
"407.7800","36.8397","14915.65132","29.0718","15.0239"
"409.5610","40.9449","12027.98748","29.0718","16.9685"
"409.5660","40.9449","12028.00655","29.0718","16.9756"
"409.5710","40.9450","12052.73914","29.0718","16.9703"
"409.5760","40.9455","12209.76353","29.0718","16.9688"
"409.5810","40.9471","12564.51988","29.0718","16.9789"
"409.5860","40.9510","12966.60328","29.0718","16.9680"
"409.5910","40.9588","13359.14612","29.0718","16.9585"
"409.5960","40.9720","13967.65041","29.0718","16.9355"
"409.6010","40.9921","14737.47730","29.0718","16.9592"
"409.6060","41.0196","15433.97713","29.0718","17.0164"
"409.6110","41.0542","15913.46931","29.0718","17.0771"
"409.6160","41.0953","16131.87790","29.0718","17.1238"
"409.6210","41.1414","16342.63611","29.0718","17.1504"
"409.6260","41.1913","16737.26463","29.0718","17.2074"
"409.6310","41.2435","17134.60922","29.0718","17.2932"
"409.6360","41.2969","17385.07843","29.0718","17.3997"
"409.6410","41.3507","17417.83142","29.0718","17.5307"
"409.6460","41.4042","17224.47014","29.0718","17.6437"
"409.6510","41.4571","17014.88304","29.0718","17.6865"
"409.6560","41.5092","17093.07861","29.0718","17.7001"
"409.6610","41.5606","17317.85393","29.0718","17.7579"
"409.6660","41.6113","17504.17519","29.0718","17.8745"
"409.6710","41.6615","17547.45483","29.0718","17.9926"
"409.6760","41.7112","17402.84348","29.0718","18.0985"
"409.6810","41.7606","17201.75552","29.0718","18.1767"
"409.6860","41.8098","17275.81978","29.0718","18.2067"
"409.6910","41.8588","17526.29852","29.0718","18.2488"
"409.6960","41.9078","17749.18365","29.0718","18.3167"
"409.7000","41.9469","17826.78032","29.0718","18.3885"
"409.7010","41.9567","17827.99149","29.0718","18.4050"
"411.4800","46.0638","14370.18299","29.0718","20.1918"
"411.4850","46.0638","14369.03095","29.0718","20.1654"
"411.4900","46.0639","14388.81969","29.0718","20.1318"
"411.4950","46.0644","14524.39213","29.0718","20.1034"
"411.5000","46.0660","14863.82580","29.0718","20.0920"
"411.5050","46.0699","15285.45856","29.0718","20.0837"
"411.5100","46.0777","15885.75935","29.0718","20.0542"
"411.5150","46.0911","16752.61688","29.0718","20.0351"
"411.5200","46.1113","17644.02580","29.0718","20.0572"
"411.5250","46.1390","18362.21504","29.0718","20.1122"
"411.5300","46.1739","18810.33897","29.0718","20.1539"
"411.5350","46.2152","19076.29585","29.0718","20.1572"
"411.5400","46.2615","19483.34885","29.0718","20.1404"
"411.5450","46.3116","19956.86531","29.0718","20.1801"
"411.5500","46.3640","20320.54901","29.0718","20.2711"
"411.5550","46.4176","20473.64998","29.0718","20.3878"
"411.5600","46.4714","20386.68823","29.0718","20.5113"
"411.5650","46.5250","20133.76617","29.0718","20.6108"
"411.5700","46.5779","20085.52933","29.0718","20.6519"
"411.5750","46.6301","20283.42056","29.0718","20.6797"
"411.5800","46.6814","20515.48195","29.0718","20.7343"
"411.5850","46.7321","20640.96832","29.0718","20.8418"
"411.5900","46.7823","20593.51158","29.0718","20.9502"
"411.5950","46.8320","20394.96803","29.0718","21.0506"
"411.6000","46.8814","20376.94359","29.0718","21.1173"
"411.6050","46.9305","20600.42572","29.0718","21.1568"
"411.6100","46.9796","20861.42921","29.0718","21.1867"
"411.6150","47.0286","21011.83510","29.0718","21.2264"
"411.6190","47.0678","21007.88116","29.0718","21.2494"
"411.6200","47.0776","20986.88698","29.0718","21.2563"
"413.4010","51.1805","17346.94099","29.0718","23.0414"
"413.4060","51.1805","17348.04916","29.0718","23.0478"
"413.4110","51.1806","17367.45262","29.0718","23.0408"
"413.4160","51.1811","17485.97717","29.0718","23.0352"
"413.4210","51.1828","17788.24234","29.0718","23.0442"
"413.4260","51.1868","18287.09030","29.0718","23.0443"
"413.4310","51.1947","19125.48065","29.0718","23.0065"
"413.4360","51.2083","20149.11079","29.0718","22.9964"
"413.4410","51.2286","21090.63148","29.0718","23.0180"
"413.4460","51.2563","21789.00528","29.0718","23.0387"
"413.4510","51.2912","22182.22809","29.0718","23.0315"
"413.4560","51.3325","22495.14389","29.0718","22.9603"
"413.4610","51.3788","22977.54669","29.0718","22.8973"
"413.4660","51.4288","23455.31845","29.0718","22.8954"
"413.4710","51.4811","23772.12906","29.0718","22.9392"
"413.4760","51.5346","23855.82542","29.0718","23.0214"
"413.4810","51.5884","23699.41902","29.0718","23.1131"
"413.4860","51.6419","23513.87215","29.0718","23.1928"
"413.4910","51.6947","23613.06953","29.0718","23.2317"
"413.4960","51.7469","23852.52380","29.0718","23.2713"
"413.5010","51.7982","24053.04337","29.0718","23.3504"
"413.5060","51.8488","24106.61507","29.0718","23.4487"
"413.5110","51.8989","23970.78514","29.0718","23.5272"
"413.5160","51.9485","23789.77394","29.0718","23.5960"
"413.5210","51.9978","23889.96696","29.0718","23.6527"
"413.5260","52.0469","24153.81241","29.0718","23.7288"
"413.5310","52.0959","24387.54082","29.0718","23.8089"
"413.5360","52.1448","24475.96550","29.0718","23.8889"
"413.5400","52.1840","24408.24890","29.0718","23.9404"
"413.5410","52.1937","24371.31310","29.0718","23.9536"
"427.0270","0.0008","-8519.37103","19.0809","-21.5640"
"427.0320","0.0008","-8522.34268","19.0809","-21.5658"
"427.0370","0.0009","-8454.65755","19.0809","-21.5809"
"427.0420","0.0017","-8075.84286","19.0809","-21.6341"
"427.0470","0.0044","-7232.83482","19.0809","-21.7013"
"427.0520","0.0105","-6151.44396","19.0809","-21.6951"
"427.0570","0.0220","-5130.93328","19.0809","-21.5892"
"427.0620","0.0402","-4363.10148","19.0809","-21.4454"
"427.0670","0.0661","-3950.42729","19.0809","-21.3005"
"427.0720","0.0994","-3653.52559","19.0809","-21.1827"
"427.0770","0.1395","-3133.65316","19.0809","-21.0882"
"427.0820","0.1850","-2624.87674","19.0809","-20.9811"
"427.0870","0.2345","-2298.85817","19.0809","-20.8477"
"427.0920","0.2865","-2245.74256","19.0809","-20.7246"
"427.0970","0.3400","-2481.54497","19.0809","-20.6026"
"427.1020","0.3938","-2658.04887","19.0809","-20.4944"
"427.1070","0.4474","-2503.25680","19.0809","-20.3916"
"427.1120","0.5003","-2261.97028","19.0809","-20.3014"
"427.1170","0.5525","-2099.72692","19.0809","-20.2180"
"427.1220","0.6039","-2114.89129","19.0809","-20.1589"
"427.1270","0.6546","-2368.10088","19.0809","-20.0949"
"427.1320","0.7047","-2629.63581","19.0809","-20.0322"
"427.1370","0.7544","-2537.35495","19.0809","-19.9697"
"427.1420","0.8037","-2314.96239","19.0809","-19.9053"
"427.1470","0.8528","-2149.36996","19.0809","-19.8056"
"427.1520","0.9018","-2142.93933","19.0809","-19.7122"
"427.1570","0.9506","-2368.55292","19.0809","-19.6450"
"427.1620","0.9994","-2653.00727","19.0809","-19.5847"
"427.1630","1.0092","-2665.49563","19.0809","-19.5748"
"427.1640","1.0190","-2660.84361","19.0809","-19.5620"
"428.9580","5.1250","-877.11436","19.0809","-14.2321"
"428.9630","5.1250","-873.80022","19.0809","-14.2638"
"428.9680","5.1251","-834.88923","19.0809","-14.3013"
"428.9730","5.1256","-613.62493","19.0809","-14.2994"
"428.9780","5.1272","-186.49974","19.0809","-14.2280"
"428.9830","5.1312","254.01270","19.0809","-14.1298"
"428.9880","5.1391","560.61733","19.0809","-14.0117"
"428.9930","5.1526","634.18758","19.0809","-13.8838"
"428.9980","5.1730","421.54607","19.0809","-13.7644"
"429.0030","5.2008","47.07896","19.0809","-13.6966"
"429.0080","5.2358","-44.71311","19.0809","-13.6742"
"429.0130","5.2772","31.72468","19.0809","-13.6464"
"429.0180","5.3237","73.85878","19.0809","-13.6059"
"429.0230","5.3738","-32.77183","19.0809","-13.5501"
"429.0280","5.4263","-339.98081","19.0809","-13.5075"
"429.0330","5.4798","-611.03839","19.0809","-13.4497"
"429.0380","5.5337","-540.35342","19.0809","-13.3434"
"429.0430","5.5872","-341.55953","19.0809","-13.2141"
"429.0480","5.6401","-190.02365","19.0809","-13.0932"
"429.0530","5.6922","-182.33758","19.0809","-12.9923"
"429.0580","5.7435","-378.60820","19.0809","-12.9155"
"429.0630","5.7942","-622.64627","19.0809","-12.8525"
"429.0680","5.8443","-523.41318","19.0809","-12.7998"
"429.0730","5.8940","-265.52257","19.0809","-12.7415"
"429.0780","5.9433","-50.83065","19.0809","-12.6606"
"429.0830","5.9925","16.06392","19.0809","-12.5977"
"429.0880","6.0416","-135.24556","19.0809","-12.5411"
"429.0930","6.0906","-392.14620","19.0809","-12.4941"
"429.0970","6.1298","-384.15429","19.0809","-12.4632"
"429.0980","6.1396","-351.75189","19.0809","-12.4582"
"430.8760","10.2423","820.79834","19.0809","-7.9258"
"430.8810","10.2423","826.01941","19.0809","-7.8942"
"430.8860","10.2424","864.50845","19.0809","-7.9011"
"430.8910","10.2429","1080.00410","19.0809","-7.8946"
"430.8960","10.2446","1489.53831","19.0809","-7.8518"
"430.9010","10.2487","1908.82564","19.0809","-7.8008"
"430.9060","10.2567","2199.28908","19.0809","-7.7334"
"430.9110","10.2703","2264.62340","19.0809","-7.6387"
"430.9160","10.2908","2064.42666","19.0809","-7.5289"
"430.9210","10.3186","1864.46524","19.0809","-7.4636"
"430.9260","10.3537","1948.95744","19.0809","-7.4222"
"430.9310","10.3951","2100.91305","19.0809","-7.3978"
"430.9360","10.4415","2158.78963","19.0809","-7.3601"
"430.9410","10.4916","2033.44178","19.0809","-7.3122"
"430.9460","10.5441","1739.81583","19.0809","-7.2652"
"430.9510","10.5976","1657.69839","19.0809","-7.2009"
"430.9560","10.6515","1835.79540","19.0809","-7.1222"
"430.9610","10.7050","2046.57030","19.0809","-7.0433"
"430.9660","10.7579","2159.69753","19.0809","-6.9484"
"430.9710","10.8101","2106.27365","19.0809","-6.8819"
"430.9760","10.8615","1865.53657","19.0809","-6.8364"
"430.9810","10.9121","1745.58175","19.0809","-6.7780"
"430.9860","10.9622","1922.69576","19.0809","-6.7207"
"430.9910","11.0118","2159.66415","19.0809","-6.6429"
"430.9960","11.0611","2309.38029","19.0809","-6.5298"
"431.0010","11.1102","2292.89675","19.0809","-6.4379"
"431.0060","11.1592","2074.39137","19.0809","-6.3777"
"431.0110","11.2081","1935.22930","19.0809","-6.3364"
"431.0150","11.2472","2064.51821","19.0809","-6.2904"
"431.0160","11.2570","2114.22968","19.0809","-6.2762"
"432.8020","15.3611","2529.37984","19.0809","-2.5388"
"432.8070","15.3611","2531.26597","19.0809","-2.5151"
"432.8120","15.3612","2563.25221","19.0809","-2.5209"
"432.8170","15.3617","2764.15801","19.0809","-2.5132"
"432.8220","15.3634","3142.40527","19.0809","-2.4628"
"432.8270","15.3675","3526.64423","19.0809","-2.3914"
"432.8320","15.3757","3787.14585","19.0809","-2.2991"
"432.8370","15.3894","3834.78928","19.0809","-2.1965"
"432.8420","15.4099","3698.36020","19.0809","-2.1135"
"432.8470","15.4379","3762.57920","19.0809","-2.0722"
"432.8520","15.4730","4014.22310","19.0809","-2.0495"
"432.8570","15.5144","4234.71069","19.0809","-2.0125"
"432.8620","15.5608","4300.52185","19.0809","-1.9538"
"432.8670","15.6109","4160.31313","19.0809","-1.8885"
"432.8720","15.6633","4018.23664","19.0809","-1.8113"
"432.8770","15.7168","4140.27691","19.0809","-1.7124"
"432.8820","15.7707","4355.05438","19.0809","-1.6107"
"432.8870","15.8242","4503.26538","19.0809","-1.5071"
"432.8920","15.8772","4507.65610","19.0809","-1.4244"
"432.8970","15.9294","4324.74136","19.0809","-1.3835"
"432.9020","15.9808","4082.92055","19.0809","-1.3478"
"432.9070","16.0315","4112.70046","19.0809","-1.3189"
"432.9120","16.0817","4310.91976","19.0809","-1.2836"
"432.9170","16.1314","4482.78332","19.0809","-1.2097"
"432.9220","16.1808","4529.41275","19.0809","-1.0973"
"432.9270","16.2299","4396.43860","19.0809","-0.9815"
"432.9320","16.2790","4159.55734","19.0809","-0.9050"
"432.9370","16.3280","4191.53214","19.0809","-0.8662"
"432.9410","16.3671","4365.42892","19.0809","-0.8162"
"432.9420","16.3769","4412.50801","19.0809","-0.7999"
"434.7300","20.4835","4048.90728","19.0809","2.6324"
"434.7350","20.4835","4053.37763","19.0809","2.6521"
"434.7400","20.4836","4086.83062","19.0809","2.6580"
"434.7450","20.4841","4277.93455","19.0809","2.6617"
"434.7500","20.4857","4658.89406","19.0809","2.6954"
"434.7550","20.4896","5062.87527","19.0809","2.7533"
"434.7600","20.4975","5355.78823","19.0809","2.8093"
"434.7650","20.5109","5447.81256","19.0809","2.8697"
"434.7700","20.5311","5493.58940","19.0809","2.9228"
"434.7750","20.5587","5773.99588","19.0809","2.9464"
"434.7800","20.5935","6122.58911","19.0809","2.9697"
"434.7850","20.6346","6372.46180","19.0809","3.0074"
"434.7900","20.6807","6430.44901","19.0809","3.0607"
"434.7950","20.7305","6322.21603","19.0809","3.0976"
"434.8000","20.7827","6381.51026","19.0809","3.1334"
"434.8050","20.8360","6632.29942","19.0809","3.2243"
"434.8100","20.8898","6876.57642","19.0809","3.3532"
"434.8150","20.9432","7003.17192","19.0809","3.5038"
"434.8200","20.9961","6956.64978","19.0809","3.6041"
"434.8250","21.0483","6734.47943","19.0809","3.6772"
"434.8300","21.0997","6629.73309","19.0809","3.7204"
"434.8350","21.1505","6783.03576","19.0809","3.7621"
"434.8400","21.2007","6995.26644","19.0809","3.8188"
"434.8450","21.2504","7125.22364","19.0809","3.9204"
"434.8500","21.2998","7102.49996","19.0809","4.0357"
"434.8550","21.3490","6903.82671","19.0809","4.1385"
"434.8600","21.3980","6785.85672","19.0809","4.1968"
"434.8650","21.4471","6934.21936","19.0809","4.2264"
"434.8690","21.4863","7108.14285","19.0809","4.2699"
"434.8700","21.4962","7146.76046","19.0809","4.2861"
"436.6490","25.5997","6230.78489","19.0809","7.1650"
"436.6540","25.5997","6237.07533","19.0809","7.1733"
"436.6590","25.5998","6270.90979","19.0809","7.1720"
"436.6640","25.6003","6448.19403","19.0809","7.1867"
"436.6690","25.6020","6779.46615","19.0809","7.2149"
"436.6740","25.6061","7112.81347","19.0809","7.2583"
"436.6790","25.6142","7337.49008","19.0809","7.3069"
"436.6840","25.6279","7407.78208","19.0809","7.3444"
"436.6890","25.6485","7610.33916","19.0809","7.3857"
"436.6940","25.6765","8000.96130","19.0809","7.4436"
"436.6990","25.7116","8379.74262","19.0809","7.4889"
"436.7040","25.7531","8615.00835","19.0809","7.5413"
"436.7090","25.7996","8643.08453","19.0809","7.5902"
"436.7140","25.8497","8642.78889","19.0809","7.6075"
"436.7190","25.9022","8858.52146","19.0809","7.6241"
"436.7240","25.9557","9143.64338","19.0809","7.6939"
"436.7290","26.0096","9345.92819","19.0809","7.8253"
"436.7340","26.0632","9390.45906","19.0809","7.9546"
"436.7390","26.1161","9245.32795","19.0809","8.0395"
"436.7440","26.1683","9038.83266","19.0809","8.1195"
"436.7490","26.2197","9077.69299","19.0809","8.1942"
"436.7540","26.2703","9273.18382","19.0809","8.2672"
"436.7590","26.3204","9443.13812","19.0809","8.3346"
"436.7640","26.3701","9487.07294","19.0809","8.4359"
"436.7690","26.4194","9364.10809","19.0809","8.5352"
"436.7740","26.4685","9140.67078","19.0809","8.6122"
"436.7790","26.5175","9153.69797","19.0809","8.6693"
"436.7840","26.5665","9360.30865","19.0809","8.7164"
"436.7880","26.6056","9526.44920","19.0809","8.7723"
"436.7890","26.6154","9558.78925","19.0809","8.7892"
"438.5690","30.7185","8144.00768","19.0809","11.2057"
"438.5740","30.7185","8147.34173","19.0809","11.2113"
"438.5790","30.7186","8178.09010","19.0809","11.2048"
"438.5840","30.7192","8347.04685","19.0809","11.2252"
"438.5890","30.7208","8684.34429","19.0809","11.2788"
"438.5940","30.7248","9039.09016","19.0809","11.3299"
"438.5990","30.7327","9294.29722","19.0809","11.3819"
"438.6040","30.7461","9483.07037","19.0809","11.4405"
"438.6090","30.7663","9869.66705","19.0809","11.4968"
"438.6140","30.7939","10358.67119","19.0809","11.5702"
"438.6190","30.8286","10774.27864","19.0809","11.6430"
"438.6240","30.8698","11012.63332","19.0809","11.6880"
"438.6290","30.9160","11072.47162","19.0809","11.7115"
"438.6340","30.9658","11223.29998","19.0809","11.7069"
"438.6390","31.0181","11519.93084","19.0809","11.7358"
"438.6440","31.0716","11799.10183","19.0809","11.7990"
"438.6490","31.1254","11948.06194","19.0809","11.8832"
"438.6540","31.1789","11922.52541","19.0809","11.9699"
"438.6590","31.2319","11726.89533","19.0809","12.0352"
"438.6640","31.2842","11623.46077","19.0809","12.0625"
"438.6690","31.3356","11758.43620","19.0809","12.0797"
"438.6740","31.3865","11964.77032","19.0809","12.1404"
"438.6790","31.4367","12094.58923","19.0809","12.2276"
"438.6840","31.4864","12077.12364","19.0809","12.3022"
"438.6890","31.5358","11891.02364","19.0809","12.3621"
"438.6940","31.5848","11745.65887","19.0809","12.4124"
"438.6990","31.6338","11861.29665","19.0809","12.4216"
"438.7040","31.6826","12076.27106","19.0809","12.4395"
"438.7080","31.7217","12206.87485","19.0809","12.4959"
"438.7090","31.7315","12227.16713","19.0809","12.5107"
"440.4890","35.8339","10394.39297","19.0809","14.7866"
"440.4940","35.8339","10397.46952","19.0809","14.7739"
"440.4990","35.8340","10422.12963","19.0809","14.7585"
"440.5040","35.8345","10571.09261","19.0809","14.7624"
"440.5090","35.8361","10881.18839","19.0809","14.8137"
"440.5140","35.8401","11213.47809","19.0809","14.8803"
"440.5190","35.8481","11473.34290","19.0809","14.9490"
"440.5240","35.8615","11828.32813","19.0809","14.9939"
"440.5290","35.8817","12369.71283","19.0809","15.0440"
"440.5340","35.9093","12922.94216","19.0809","15.0858"
"440.5390","35.9440","13340.80982","19.0809","15.1109"
"440.5440","35.9851","13548.37990","19.0809","15.1369"
"440.5490","36.0312","13651.36337","19.0809","15.1316"
"440.5540","36.0810","13905.57289","19.0809","15.1242"
"440.5590","36.1332","14231.96125","19.0809","15.1708"
"440.5640","36.1866","14478.63483","19.0809","15.2691"
"440.5690","36.2403","14563.98201","19.0809","15.3843"
"440.5740","36.2939","14463.61828","19.0809","15.4828"
"440.5790","36.3469","14279.36268","19.0809","15.5647"
"440.5840","36.3992","14294.69681","19.0809","15.6038"
"440.5890","36.4507","14485.19611","19.0809","15.6545"
"440.5940","36.5015","14683.88081","19.0809","15.7332"
"440.5990","36.5517","14774.70112","19.0809","15.8375"
"440.6040","36.6015","14708.12988","19.0809","15.9294"
"440.6090","36.6509","14537.27531","19.0809","16.0101"
"440.6140","36.7001","14541.53347","19.0809","16.0528"
"440.6190","36.7492","14721.19141","19.0809","16.0817"
"440.6240","36.7981","14908.20599","19.0809","16.1221"
"440.6280","36.8373","14982.47814","19.0809","16.1572"
"440.6290","36.8471","14986.74583","19.0809","16.1647"
"442.4090","40.9490","12784.33132","19.0809","17.9348"
"442.4140","40.9490","12787.21905","19.0809","17.9569"
"442.4190","40.9491","12809.95941","19.0809","17.9666"
"442.4240","40.9496","12950.21057","19.0809","17.9829"
"442.4290","40.9513","13253.08990","19.0809","18.0186"
"442.4340","40.9551","13588.00507","19.0809","18.0593"
"442.4390","40.9629","13930.35221","19.0809","18.0802"
"442.4440","40.9762","14458.68206","19.0809","18.0621"
"442.4490","40.9963","15106.71234","19.0809","18.0643"
"442.4540","41.0238","15690.86838","19.0809","18.1001"
"442.4590","41.0585","16092.40150","19.0809","18.1281"
"442.4640","41.0996","16282.59850","19.0809","18.1481"
"442.4690","41.1458","16497.63107","19.0809","18.1821"
"442.4740","41.1958","16836.77483","19.0809","18.2244"
"442.4790","41.2480","17166.16249","19.0809","18.2776"
"442.4840","41.3014","17362.58125","19.0809","18.3569"
"442.4890","41.3552","17374.60327","19.0809","18.4540"
"442.4940","41.4087","17206.70700","19.0809","18.5264"
"442.4990","41.4616","17070.77217","19.0809","18.5899"
"442.5040","41.5138","17158.26607","19.0809","18.6419"
"442.5090","41.5652","17354.44832","19.0809","18.7162"
"442.5140","41.6159","17508.26263","19.0809","18.7924"
"442.5190","41.6660","17534.94835","19.0809","18.8834"
"442.5240","41.7157","17402.44675","19.0809","18.9869"
"442.5290","41.7651","17266.03317","19.0809","19.0822"
"442.5340","41.8143","17367.69867","19.0809","19.1396"
"442.5390","41.8633","17605.25894","19.0809","19.1748"
"442.5440","41.9123","17813.29155","19.0809","19.2209"
"442.5480","41.9514","17891.42990","19.0809","19.2762"
"442.5490","41.9612","17895.42198","19.0809","19.2925"
"444.3300","46.0635","15276.65901","19.0809","20.7604"
"444.3350","46.0635","15277.03571","19.0809","20.7508"
"444.3400","46.0636","15298.12431","19.0809","20.7420"
"444.3450","46.0641","15433.74252","19.0809","20.7538"
"444.3500","46.0657","15742.08736","19.0809","20.7784"
"444.3550","46.0696","16109.74693","19.0809","20.7842"
"444.3600","46.0774","16622.94006","19.0809","20.7687"
"444.3650","46.0908","17337.20589","19.0809","20.7644"
"444.3700","46.1110","18074.74518","19.0809","20.8024"
"444.3750","46.1387","18669.07310","19.0809","20.8690"
"444.3800","46.1736","19040.20119","19.0809","20.8981"
"444.3850","46.2148","19252.56729","19.0809","20.8898"
"444.3900","46.2612","19573.08388","19.0809","20.8846"
"444.3950","46.3113","19962.01515","19.0809","20.9271"
"444.4000","46.3637","20269.77730","19.0809","20.9918"
"444.4050","46.4173","20408.00095","19.0809","21.0896"
"444.4100","46.4712","20349.28322","19.0809","21.2059"
"444.4150","46.5247","20171.13876","19.0809","21.3108"
"444.4200","46.5777","20159.14726","19.0809","21.3586"
"444.4250","46.6298","20316.49590","19.0809","21.3790"
"444.4300","46.6812","20497.34688","19.0809","21.4267"
"444.4350","46.7319","20583.99963","19.0809","21.5118"
"444.4400","46.7820","20530.26581","19.0809","21.5918"
"444.4450","46.8317","20359.75266","19.0809","21.6813"
"444.4500","46.8810","20318.63976","19.0809","21.7483"
"444.4550","46.9302","20494.55261","19.0809","21.7926"
"444.4600","46.9792","20727.04506","19.0809","21.8518"
"444.4650","47.0282","20880.82886","19.0809","21.9141"
"444.4690","47.0674","20903.77998","19.0809","21.9593"
"444.4700","47.0772","20893.16177","19.0809","21.9697"
"446.2510","51.1801","18288.33580","19.0809","23.5399"
"446.2560","51.1801","18288.09738","19.0809","23.5498"
"446.2610","51.1802","18307.41310","19.0809","23.5451"
"446.2660","51.1807","18432.94525","19.0809","23.5449"
"446.2710","51.1824","18729.24995","19.0809","23.5592"
"446.2760","51.1864","19173.75374","19.0809","23.5743"
"446.2810","51.1943","19871.67740","19.0809","23.5573"
"446.2860","51.2079","20720.49904","19.0809","23.5496"
"446.2910","51.2282","21516.42609","19.0809","23.5892"
"446.2960","51.2560","22117.60712","19.0809","23.6327"
"446.3010","51.2909","22467.17644","19.0809","23.6402"
"446.3060","51.3322","22731.86684","19.0809","23.6324"
"446.3110","51.3785","23124.99046","19.0809","23.6189"
"446.3160","51.4286","23523.10753","19.0809","23.6482"
"446.3210","51.4809","23800.27580","19.0809","23.7285"
"446.3260","51.5344","23887.85172","19.0809","23.8278"
"446.3310","51.5882","23772.54105","19.0809","23.9314"
"446.3360","51.6417","23620.42618","19.0809","24.0116"
"446.3410","51.6946","23691.42342","19.0809","24.0307"
"446.3460","51.7467","23884.36317","19.0809","24.0248"
"446.3510","51.7980","24053.12157","19.0809","24.0313"
"446.3560","51.8486","24105.61562","19.0809","24.0832"
"446.3610","51.8987","24001.72806","19.0809","24.1355"
"446.3660","51.9483","23861.21750","19.0809","24.1925"
"446.3710","51.9976","23954.06151","19.0809","24.2362"
"446.3760","52.0468","24179.84772","19.0809","24.2768"
"446.3810","52.0958","24388.33809","19.0809","24.3261"
"446.3860","52.1448","24480.50117","19.0809","24.3920"
"446.3900","52.1840","24438.70926","19.0809","24.4514"
"446.3910","52.1938","24410.34508","19.0809","24.4633"
"459.8730","0.0008","-10967.19360","9.0882","-17.6488"
"459.8780","0.0008","-10970.01266","9.0882","-17.6388"
"459.8830","0.0010","-10908.42342","9.0882","-17.6523"
"459.8880","0.0017","-10523.62919","9.0882","-17.7076"
"459.8930","0.0044","-9575.69695","9.0882","-17.7650"
"459.8980","0.0105","-8273.11230","9.0882","-17.7258"
"459.9030","0.0220","-6949.58496","9.0882","-17.5902"
"459.9080","0.0403","-5826.22290","9.0882","-17.4286"
"459.9130","0.0661","-5024.02830","9.0882","-17.2538"
"459.9180","0.0995","-4377.68602","9.0882","-17.1074"
"459.9230","0.1396","-3644.99784","9.0882","-17.0060"
"459.9280","0.1851","-2982.33676","9.0882","-16.9101"
"459.9330","0.2347","-2531.67844","9.0882","-16.7792"
"459.9380","0.2868","-2353.77884","9.0882","-16.6374"
"459.9430","0.3402","-2453.52268","9.0882","-16.5124"
"459.9480","0.3940","-2565.79995","9.0882","-16.3986"
"459.9530","0.4476","-2435.26316","9.0882","-16.2960"
"459.9580","0.5006","-2232.45263","9.0882","-16.2057"
"459.9630","0.5528","-2098.71078","9.0882","-16.1330"
"459.9680","0.6041","-2109.58600","9.0882","-16.0538"
"459.9730","0.6548","-2310.62889","9.0882","-15.9680"
"459.9780","0.7049","-2526.54648","9.0882","-15.8837"
"459.9830","0.7546","-2472.95618","9.0882","-15.8233"
"459.9880","0.8039","-2293.83135","9.0882","-15.7553"
"459.9930","0.8530","-2147.10355","9.0882","-15.6755"
"459.9980","0.9019","-2115.97419","9.0882","-15.6199"
"460.0030","0.9508","-2266.96801","9.0882","-15.5723"
"460.0080","0.9996","-2461.80677","9.0882","-15.5240"
"460.0090","1.0093","-2472.64028","9.0882","-15.5155"
"460.0100","1.0191","-2471.02427","9.0882","-15.5038"
"461.7920","5.1246","-757.68644","9.0882","-10.8273"
"461.7970","5.1246","-755.76830","9.0882","-10.8257"
"461.8020","5.1247","-719.27136","9.0882","-10.8260"
"461.8070","5.1252","-517.40688","9.0882","-10.7979"
"461.8120","5.1268","-129.76266","9.0882","-10.7167"
"461.8170","5.1308","279.95655","9.0882","-10.6097"
"461.8220","5.1387","578.95786","9.0882","-10.4780"
"461.8270","5.1522","676.11539","9.0882","-10.3387"
"461.8320","5.1726","525.93851","9.0882","-10.1964"
"461.8370","5.2004","235.92465","9.0882","-10.0938"
"461.8420","5.2355","149.30862","9.0882","-10.0572"
"461.8470","5.2768","210.81425","9.0882","-10.0450"
"461.8520","5.3233","243.72375","9.0882","-10.0274"
"461.8570","5.3734","150.83630","9.0882","-10.0024"
"461.8620","5.4259","-110.66666","9.0882","-9.9736"
"461.8670","5.4795","-361.13116","9.0882","-9.9199"
"461.8720","5.5333","-353.64920","9.0882","-9.8573"
"461.8770","5.5869","-199.08416","9.0882","-9.7766"
"461.8820","5.6398","-60.75507","9.0882","-9.6935"
"461.8870","5.6919","-28.10688","9.0882","-9.6313"
"461.8920","5.7433","-160.09200","9.0882","-9.5763"
"461.8970","5.7939","-334.79288","9.0882","-9.5130"
"461.9020","5.8440","-265.83883","9.0882","-9.4555"
"461.9070","5.8936","-49.46524","9.0882","-9.3822"
"461.9120","5.9430","141.38788","9.0882","-9.2717"
"461.9170","5.9921","215.85895","9.0882","-9.1724"
"461.9220","6.0411","112.69215","9.0882","-9.0977"
"461.9270","6.0901","-83.21578","9.0882","-9.0335"
"461.9310","6.1293","-88.32430","9.0882","-9.0055"
"461.9320","6.1391","-63.86911","9.0882","-9.0010"
"463.7120","10.2419","1160.02035","9.0882","-5.0621"
"463.7170","10.2419","1162.39965","9.0882","-5.0676"
"463.7220","10.2420","1196.32685","9.0882","-5.0794"
"463.7270","10.2426","1385.52439","9.0882","-5.0364"
"463.7320","10.2442","1737.91182","9.0882","-4.9550"
"463.7370","10.2483","2096.81630","9.0882","-4.8451"
"463.7420","10.2563","2343.29796","9.0882","-4.7301"
"463.7470","10.2699","2393.81719","9.0882","-4.6203"
"463.7520","10.2903","2219.24567","9.0882","-4.5116"
"463.7570","10.3182","2023.05984","9.0882","-4.4625"
"463.7620","10.3532","2065.25517","9.0882","-4.4676"
"463.7670","10.3946","2196.96522","9.0882","-4.4726"
"463.7720","10.4410","2263.27229","9.0882","-4.4502"
"463.7770","10.4912","2185.27484","9.0882","-4.4211"
"463.7820","10.5436","1976.52960","9.0882","-4.3771"
"463.7870","10.5972","1920.28546","9.0882","-4.2975"
"463.7920","10.6510","2076.50805","9.0882","-4.2075"
"463.7970","10.7046","2267.99822","9.0882","-4.1013"
"463.8020","10.7575","2377.23565","9.0882","-3.9954"
"463.8070","10.8096","2344.48504","9.0882","-3.9412"
"463.8120","10.8610","2155.92122","9.0882","-3.8844"
"463.8170","10.9116","2051.09262","9.0882","-3.8383"
"463.8220","10.9617","2179.79717","9.0882","-3.8083"
"463.8270","11.0113","2380.68700","9.0882","-3.7534"
"463.8320","11.0605","2519.10663","9.0882","-3.6607"
"463.8370","11.1096","2526.60418","9.0882","-3.5587"
"463.8420","11.1585","2363.51657","9.0882","-3.4754"
"463.8470","11.2074","2243.78920","9.0882","-3.4111"
"463.8510","11.2465","2332.07464","9.0882","-3.3680"
"463.8520","11.2563","2370.35131","9.0882","-3.3530"
"465.6310","15.3593","2963.04941","9.0882","-0.0908"
"465.6360","15.3593","2963.66310","9.0882","-0.0982"
"465.6410","15.3594","2993.70766","9.0882","-0.0941"
"465.6460","15.3599","3174.98612","9.0882","-0.0783"
"465.6510","15.3616","3514.58240","9.0882","-0.0323"
"465.6560","15.3658","3858.89769","9.0882","0.0567"
"465.6610","15.3739","4092.64469","9.0882","0.1735"
"465.6660","15.3877","4139.16254","9.0882","0.2989"
"465.6710","15.4083","4019.98568","9.0882","0.4137"
"465.6760","15.4363","4033.06723","9.0882","0.4693"
"465.6810","15.4714","4206.41327","9.0882","0.4772"
"465.6860","15.5129","4373.48366","9.0882","0.4896"
"465.6910","15.5593","4424.87001","9.0882","0.5348"
"465.6960","15.6094","4309.46827","9.0882","0.5900"
"465.7010","15.6617","4181.42796","9.0882","0.6483"
"465.7060","15.7152","4254.07171","9.0882","0.7147"
"465.7110","15.7690","4438.33971","9.0882","0.8054"
"465.7160","15.8226","4589.09082","9.0882","0.8966"
"465.7210","15.8755","4625.88644","9.0882","0.9729"
"465.7260","15.9277","4510.28776","9.0882","1.0265"
"465.7310","15.9791","4346.67253","9.0882","1.0859"
"465.7360","16.0299","4383.21447","9.0882","1.1235"
"465.7410","16.0800","4563.83419","9.0882","1.1774"
"465.7460","16.1298","4731.10819","9.0882","1.2604"
"465.7510","16.1791","4793.80751","9.0882","1.3631"
"465.7560","16.2283","4702.88038","9.0882","1.4575"
"465.7610","16.2773","4513.45873","9.0882","1.5299"
"465.7660","16.3263","4491.71829","9.0882","1.5501"
"465.7700","16.3655","4606.80151","9.0882","1.5660"
"465.7710","16.3753","4641.84523","9.0882","1.5737"
"467.5510","20.4822","4721.27676","9.0882","4.6223"
"467.5560","20.4822","4723.65856","9.0882","4.6328"
"467.5610","20.4823","4753.63350","9.0882","4.6326"
"467.5660","20.4828","4920.38822","9.0882","4.6555"
"467.5710","20.4844","5235.06594","9.0882","4.7071"
"467.5760","20.4883","5558.67386","9.0882","4.7696"
"467.5810","20.4961","5786.05413","9.0882","4.8415"
"467.5860","20.5095","5841.67480","9.0882","4.9197"
"467.5910","20.5297","5838.59777","9.0882","4.9764"
"467.5960","20.5573","6018.09406","9.0882","5.0103"
"467.6010","20.5921","6276.73626","9.0882","5.0057"
"467.6060","20.6332","6468.66322","9.0882","4.9927"
"467.6110","20.6793","6511.81698","9.0882","5.0204"
"467.6160","20.7292","6421.17929","9.0882","5.0638"
"467.6210","20.7814","6448.37093","9.0882","5.1153"
"467.6260","20.8348","6639.94122","9.0882","5.2132"
"467.6310","20.8885","6853.03879","9.0882","5.3477"
"467.6360","20.9419","6977.98967","9.0882","5.4779"
"467.6410","20.9947","6961.82728","9.0882","5.5512"
"467.6460","21.0468","6801.93901","9.0882","5.5955"
"467.6510","21.0982","6721.15850","9.0882","5.6457"
"467.6560","21.1489","6833.51517","9.0882","5.6637"
"467.6610","21.1991","7017.29059","9.0882","5.6993"
"467.6660","21.2488","7143.01777","9.0882","5.7877"
"467.6710","21.2981","7147.24255","9.0882","5.8814"
"467.6760","21.3473","7011.20377","9.0882","5.9617"
"467.6810","21.3964","6938.34448","9.0882","6.0124"
"467.6860","21.4455","7063.36021","9.0882","6.0144"
"467.6900","21.4847","7222.70727","9.0882","6.0286"
"467.6910","21.4945","7259.99975","9.0882","6.0381"
"469.4730","25.6005","6756.73246","9.0882","8.7090"
"469.4780","25.6005","6758.46100","9.0882","8.6938"
"469.4830","25.6006","6787.86039","9.0882","8.6841"
"469.4880","25.6011","6954.43916","9.0882","8.7119"
"469.4930","25.6028","7256.88791","9.0882","8.7829"
"469.4980","25.6069","7558.73394","9.0882","8.8666"
"469.5030","25.6150","7761.37638","9.0882","8.9475"
"469.5080","25.6288","7827.36969","9.0882","9.0349"
"469.5130","25.6494","7989.98880","9.0882","9.1121"
"469.5180","25.6775","8303.00236","9.0882","9.1579"
"469.5230","25.7127","8610.75115","9.0882","9.1680"
"469.5280","25.7542","8800.96054","9.0882","9.1850"
"469.5330","25.8007","8825.46329","9.0882","9.1981"
"469.5380","25.8508","8835.35767","9.0882","9.2199"
"469.5430","25.9033","9001.94454","9.0882","9.2596"
"469.5480","25.9568","9232.94640","9.0882","9.3479"
"469.5530","26.0107","9400.88558","9.0882","9.4751"
"469.5580","26.0642","9437.46185","9.0882","9.5815"
"469.5630","26.1172","9318.78853","9.0882","9.6455"
"469.5680","26.1693","9160.50148","9.0882","9.7149"
"469.5730","26.2208","9185.75382","9.0882","9.7799"
"469.5780","26.2715","9344.79046","9.0882","9.8239"
"469.5830","26.3216","9492.58709","9.0882","9.8731"
"469.5880","26.3712","9541.00037","9.0882","9.9567"
"469.5930","26.4206","9453.56274","9.0882","10.0434"
"469.5980","26.4697","9296.23318","9.0882","10.1310"
"469.6030","26.5186","9316.08391","9.0882","10.1700"
"469.6080","26.5675","9491.39404","9.0882","10.2137"
"469.6120","26.6067","9632.53307","9.0882","10.2619"
"469.6130","26.6164","9659.83105","9.0882","10.2745"
"471.3920","30.7197","8585.79063","9.0882","12.3927"
"471.3970","30.7197","8589.53571","9.0882","12.3884"
"471.4020","30.7198","8616.96053","9.0882","12.3875"
"471.4070","30.7203","8767.79938","9.0882","12.4184"
"471.4120","30.7220","9074.66316","9.0882","12.4901"
"471.4170","30.7260","9403.54729","9.0882","12.5617"
"471.4220","30.7339","9651.69048","9.0882","12.6247"
"471.4270","30.7473","9843.94550","9.0882","12.6758"
"471.4320","30.7675","10183.12168","9.0882","12.7143"
"471.4370","30.7951","10608.77228","9.0882","12.7491"
"471.4420","30.8299","10977.68402","9.0882","12.7934"
"471.4470","30.8711","11195.15800","9.0882","12.8214"
"471.4520","30.9173","11268.41450","9.0882","12.8373"
"471.4570","30.9673","11422.13058","9.0882","12.8596"
"471.4620","31.0195","11676.90754","9.0882","12.8804"
"471.4670","31.0730","11916.22448","9.0882","12.9285"
"471.4720","31.1268","12046.59557","9.0882","13.0244"
"471.4770","31.1803","12025.96664","9.0882","13.1302"
"471.4820","31.2333","11863.25455","9.0882","13.2172"
"471.4870","31.2855","11774.70589","9.0882","13.2990"
"471.4920","31.3369","11872.34116","9.0882","13.3611"
"471.4970","31.3877","12033.54645","9.0882","13.4298"
"471.5020","31.4379","12140.40661","9.0882","13.5130"
"471.5070","31.4876","12132.89261","9.0882","13.5962"
"471.5120","31.5370","11990.65781","9.0882","13.6797"
"471.5170","31.5861","11886.50131","9.0882","13.7429"
"471.5220","31.6350","11978.81508","9.0882","13.7558"
"471.5270","31.6839","12159.28936","9.0882","13.7646"
"471.5310","31.7229","12274.10126","9.0882","13.8088"
"471.5320","31.7327","12292.52911","9.0882","13.8224"
"473.3150","35.8383","10942.97886","9.0882","15.6169"
"473.3200","35.8383","10946.36631","9.0882","15.6097"
"473.3250","35.8384","10971.51470","9.0882","15.6051"
"473.3300","35.8389","11113.97743","9.0882","15.6299"
"473.3350","35.8405","11393.80264","9.0882","15.7009"
"473.3400","35.8445","11688.22575","9.0882","15.7895"
"473.3450","35.8523","11921.76819","9.0882","15.8766"
"473.3500","35.8656","12225.75474","9.0882","15.9348"
"473.3550","35.8857","12679.98600","9.0882","15.9666"
"473.3600","35.9132","13144.42444","9.0882","15.9913"
"473.3650","35.9478","13499.96471","9.0882","16.0093"
"473.3700","35.9888","13685.62698","9.0882","16.0437"
"473.3750","36.0349","13799.40319","9.0882","16.0691"
"473.3800","36.0847","14022.96162","9.0882","16.0809"
"473.3850","36.1369","14294.67487","9.0882","16.1336"
"473.3900","36.1903","14501.64318","9.0882","16.2159"
"473.3950","36.2441","14574.12243","9.0882","16.3171"
"473.4000","36.2976","14491.63628","9.0882","16.4061"
"473.4050","36.3506","14344.24114","9.0882","16.4804"
"473.4100","36.4028","14361.65619","9.0882","16.5281"
"473.4150","36.4544","14517.62009","9.0882","16.5466"
"473.4200","36.5052","14678.60794","9.0882","16.6028"
"473.4250","36.5554","14747.06459","9.0882","16.6822"
"473.4300","36.6052","14685.61077","9.0882","16.7622"
"473.4350","36.6546","14544.69204","9.0882","16.8347"
"473.4400","36.7038","14548.51055","9.0882","16.8951"
"473.4450","36.7528","14703.10402","9.0882","16.9226"
"473.4500","36.8017","14878.01647","9.0882","16.9747"
"473.4540","36.8409","14958.72211","9.0882","17.0261"
"473.4550","36.8506","14966.75014","9.0882","17.0348"
"475.2340","40.9527","13369.26556","9.0882","18.6414"
"475.2390","40.9527","13371.73653","9.0882","18.6186"
"475.2440","40.9528","13392.77744","9.0882","18.5899"
"475.2490","40.9533","13521.77715","9.0882","18.5909"
"475.2540","40.9549","13791.94355","9.0882","18.6240"
"475.2590","40.9588","14089.35928","9.0882","18.6548"
"475.2640","40.9666","14401.84116","9.0882","18.6795"
"475.2690","40.9799","14871.42944","9.0882","18.7050"
"475.2740","41.0001","15420.78018","9.0882","18.7439"
"475.2790","41.0276","15907.15504","9.0882","18.7915"
"475.2840","41.0624","16238.81531","9.0882","18.8303"
"475.2890","41.1036","16402.10152","9.0882","18.8525"
"475.2940","41.1498","16601.68076","9.0882","18.8754"
"475.2990","41.1997","16892.17567","9.0882","18.8987"
"475.3040","41.2520","17163.89847","9.0882","18.9445"
"475.3090","41.3055","17322.45445","9.0882","19.0265"
"475.3140","41.3593","17324.63837","9.0882","19.1491"
"475.3190","41.4128","17182.27959","9.0882","19.2472"
"475.3240","41.4657","17081.20346","9.0882","19.3127"
"475.3290","41.5178","17163.71918","9.0882","19.3607"
"475.3340","41.5692","17329.80156","9.0882","19.4134"
"475.3390","41.6199","17458.76503","9.0882","19.4819"
"475.3440","41.6700","17476.14288","9.0882","19.5580"
"475.3490","41.7197","17361.00578","9.0882","19.6153"
"475.3540","41.7691","17253.23677","9.0882","19.6515"
"475.3590","41.8182","17334.59663","9.0882","19.6641"
"475.3640","41.8673","17527.51541","9.0882","19.6703"
"475.3690","41.9162","17694.59343","9.0882","19.6900"
"475.3730","41.9554","17751.73378","9.0882","19.7197"
"475.3740","41.9652","17752.70081","9.0882","19.7270"
"477.1520","46.0693","15970.31403","9.0882","21.2678"
"477.1570","46.0693","15970.90435","9.0882","21.2643"
"477.1620","46.0694","15989.56776","9.0882","21.2620"
"477.1670","46.0699","16114.86816","9.0882","21.2729"
"477.1720","46.0716","16381.42586","9.0882","21.3053"
"477.1770","46.0756","16704.02145","9.0882","21.3335"
"477.1820","46.0835","17172.49298","9.0882","21.3605"
"477.1870","46.0971","17792.51671","9.0882","21.3624"
"477.1920","46.1176","18414.99329","9.0882","21.3802"
"477.1970","46.1455","18913.62762","9.0882","21.4137"
"477.2020","46.1805","19226.31264","9.0882","21.4369"
"477.2070","46.2220","19433.22563","9.0882","21.4397"
"477.2120","46.2684","19738.97362","9.0882","21.4319"
"477.2170","46.3186","20080.39474","9.0882","21.4462"
"477.2220","46.3711","20340.99197","9.0882","21.5022"
"477.2270","46.4247","20451.28822","9.0882","21.5988"
"477.2320","46.4786","20394.03343","9.0882","21.7033"
"477.2370","46.5322","20261.98196","9.0882","21.8001"
"477.2420","46.5851","20281.92520","9.0882","21.8523"
"477.2470","46.6373","20432.81364","9.0882","21.8600"
"477.2520","46.6886","20595.10422","9.0882","21.9039"
"477.2570","46.7393","20671.53549","9.0882","21.9677"
"477.2620","46.7894","20619.76433","9.0882","22.0354"
"477.2670","46.8391","20476.07994","9.0882","22.1399"
"477.2720","46.8884","20465.37018","9.0882","22.2334"
"477.2770","46.9375","20622.87331","9.0882","22.2613"
"477.2820","46.9865","20813.32207","9.0882","22.2946"
"477.2870","47.0355","20931.98586","9.0882","22.3512"
"477.2910","47.0747","20938.79890","9.0882","22.3869"
"477.2920","47.0845","20926.68533","9.0882","22.3959"
"479.0720","51.1876","18892.48657","9.0882","23.6939"
"479.0770","51.1876","18891.25061","9.0882","23.6964"
"479.0820","51.1877","18908.55789","9.0882","23.7004"
"479.0870","51.1882","19024.95766","9.0882","23.7251"
"479.0920","51.1899","19288.90419","9.0882","23.7669"
"479.0970","51.1939","19716.59660","9.0882","23.8040"
"479.1020","51.2018","20371.79947","9.0882","23.7974"
"479.1070","51.2153","21131.87027","9.0882","23.7886"
"479.1120","51.2356","21821.83647","9.0882","23.8235"
"479.1170","51.2633","22336.70807","9.0882","23.8675"
"479.1220","51.2981","22635.49042","9.0882","23.8897"
"479.1270","51.3394","22894.08493","9.0882","23.8995"
"479.1320","51.3857","23263.35335","9.0882","23.8880"
"479.1370","51.4357","23621.60683","9.0882","23.8925"
"479.1420","51.4880","23862.87880","9.0882","23.9401"
"479.1470","51.5415","23932.81746","9.0882","24.0288"
"479.1520","51.5953","23826.49422","9.0882","24.1388"
"479.1570","51.6488","23715.96527","9.0882","24.2329"
"479.1620","51.7017","23800.56953","9.0882","24.2818"
"479.1670","51.7538","23978.04832","9.0882","24.3016"
"479.1720","51.8052","24127.72751","9.0882","24.3594"
"479.1770","51.8558","24174.66164","9.0882","24.4216"
"479.1820","51.9059","24090.57236","9.0882","24.4824"
"479.1870","51.9555","24003.98064","9.0882","24.5351"
"479.1920","52.0048","24112.65564","9.0882","24.5809"
"479.1970","52.0538","24318.12096","9.0882","24.6180"
"479.2020","52.1028","24498.96240","9.0882","24.6759"
"479.2070","52.1518","24572.34001","9.0882","24.7405"
"479.2110","52.1909","24531.24046","9.0882","24.7938"
"479.2120","52.2007","24507.50160","9.0882","24.8074"
"492.6970","0.0009","-14531.57139","-0.9036","-13.6832"
"492.7020","0.0009","-14528.06187","-0.9036","-13.6649"
"492.7070","0.0010","-14465.64293","-0.9036","-13.6611"
"492.7120","0.0018","-14082.43179","-0.9036","-13.7032"
"492.7170","0.0044","-13033.87451","-0.9036","-13.7803"
"492.7220","0.0105","-11449.44763","-0.9036","-13.7874"
"492.7270","0.0220","-9727.74792","-0.9036","-13.7038"
"492.7320","0.0403","-8133.73661","-0.9036","-13.5465"
"492.7370","0.0661","-6814.70823","-0.9036","-13.3681"
"492.7420","0.0994","-5700.14286","-0.9036","-13.2239"
"492.7470","0.1394","-4615.93676","-0.9036","-13.1112"
"492.7520","0.1849","-3684.52835","-0.9036","-12.9890"
"492.7570","0.2344","-3013.15665","-0.9036","-12.8312"
"492.7620","0.2865","-2640.04564","-0.9036","-12.6749"
"492.7670","0.3399","-2556.21791","-0.9036","-12.5190"
"492.7720","0.3938","-2575.88077","-0.9036","-12.3701"
"492.7770","0.4473","-2469.12432","-0.9036","-12.2541"
"492.7820","0.5003","-2306.56028","-0.9036","-12.1549"
"492.7870","0.5525","-2196.23542","-0.9036","-12.0552"
"492.7920","0.6039","-2197.03460","-0.9036","-11.9710"
"492.7970","0.6546","-2346.04931","-0.9036","-11.8798"
"492.8020","0.7047","-2534.10888","-0.9036","-11.7891"
"492.8070","0.7543","-2535.98642","-0.9036","-11.7251"
"492.8120","0.8036","-2420.30931","-0.9036","-11.6637"
"492.8170","0.8527","-2316.26129","-0.9036","-11.5970"
"492.8220","0.9017","-2292.99998","-0.9036","-11.5516"
"492.8270","0.9505","-2397.89557","-0.9036","-11.5016"
"492.8320","0.9994","-2552.05941","-0.9036","-11.4658"
"492.8330","1.0091","-2568.28761","-0.9036","-11.4635"
"492.8340","1.0189","-2575.05822","-0.9036","-11.4592"
"494.6300","5.1230","-458.77901","-0.9036","-7.2519"
"494.6350","5.1230","-455.89602","-0.9036","-7.2324"
"494.6400","5.1230","-425.04328","-0.9036","-7.2164"
"494.6450","5.1236","-266.65965","-0.9036","-7.1796"
"494.6500","5.1252","27.54982","-0.9036","-7.1296"
"494.6550","5.1292","328.99219","-0.9036","-7.0773"
"494.6600","5.1371","539.90269","-0.9036","-7.0196"
"494.6650","5.1506","593.87064","-0.9036","-6.9408"
"494.6700","5.1709","458.37399","-0.9036","-6.8469"
"494.6750","5.1987","201.05475","-0.9036","-6.7649"
"494.6800","5.2337","84.72193","-0.9036","-6.7344"
"494.6850","5.2750","112.93005","-0.9036","-6.7400"
"494.6900","5.3214","144.47460","-0.9036","-6.7374"
"494.6950","5.3715","93.34541","-0.9036","-6.7040"
"494.7000","5.4239","-82.48276","-0.9036","-6.6465"
"494.7050","5.4775","-267.77080","-0.9036","-6.5683"
"494.7100","5.5314","-270.41823","-0.9036","-6.4952"
"494.7150","5.5849","-141.15213","-0.9036","-6.4194"
"494.7200","5.6378","-12.15581","-0.9036","-6.3496"
"494.7250","5.6900","40.33432","-0.9036","-6.3113"
"494.7300","5.7414","-36.70165","-0.9036","-6.2780"
"494.7350","5.7921","-181.09387","-0.9036","-6.2216"
"494.7400","5.8422","-190.99195","-0.9036","-6.1911"
"494.7450","5.8918","-50.42930","-0.9036","-6.1401"
"494.7500","5.9411","101.98411","-0.9036","-6.0607"
"494.7550","5.9902","183.42257","-0.9036","-5.9747"
"494.7600","6.0392","138.70308","-0.9036","-5.9076"
"494.7650","6.0882","7.57255","-0.9036","-5.8468"
"494.7690","6.1274","-17.66417","-0.9036","-5.8219"
"494.7700","6.1372","-4.69664","-0.9036","-5.8185"
"496.5480","10.2401","1571.62952","-0.9036","-2.1532"
"496.5530","10.2401","1573.85767","-0.9036","-2.1406"
"496.5580","10.2402","1603.15573","-0.9036","-2.1576"
"496.5630","10.2407","1760.82397","-0.9036","-2.1477"
"496.5680","10.2424","2037.43219","-0.9036","-2.0956"
"496.5730","10.2465","2311.00059","-0.9036","-2.0348"
"496.5780","10.2546","2490.72456","-0.9036","-1.9655"
"496.5830","10.2682","2515.29574","-0.9036","-1.8857"
"496.5880","10.2887","2363.19208","-0.9036","-1.8000"
"496.5930","10.3166","2172.23597","-0.9036","-1.7362"
"496.5980","10.3516","2141.90626","-0.9036","-1.7356"
"496.6030","10.3930","2206.58731","-0.9036","-1.7418"
"496.6080","10.4395","2240.65566","-0.9036","-1.6988"
"496.6130","10.4896","2174.95990","-0.9036","-1.6468"
"496.6180","10.5420","2008.20899","-0.9036","-1.5954"
"496.6230","10.5955","1918.71309","-0.9036","-1.5557"
"496.6280","10.6494","1999.13120","-0.9036","-1.5158"
"496.6330","10.7029","2140.30600","-0.9036","-1.4439"
"496.6380","10.7558","2238.66439","-0.9036","-1.3665"
"496.6430","10.8079","2242.43665","-0.9036","-1.3082"
"496.6480","10.8593","2130.21159","-0.9036","-1.2266"
"496.6530","10.9099","2061.71751","-0.9036","-1.1467"
"496.6580","10.9600","2147.04061","-0.9036","-1.0964"
"496.6630","11.0096","2308.17652","-0.9036","-1.0245"
"496.6680","11.0588","2432.02543","-0.9036","-0.9285"
"496.6730","11.1079","2462.45003","-0.9036","-0.8524"
"496.6780","11.1569","2365.19837","-0.9036","-0.7874"
"496.6830","11.2058","2279.67334","-0.9036","-0.7273"
"496.6870","11.2450","2319.76008","-0.9036","-0.6933"
"496.6880","11.2548","2343.73879","-0.9036","-0.6825"
"498.4700","15.3594","3369.61484","-0.9036","2.4281"
"498.4750","15.3594","3371.07229","-0.9036","2.4440"
"498.4800","15.3595","3402.51732","-0.9036","2.4353"
"498.4850","15.3601","3564.58592","-0.9036","2.4462"
"498.4900","15.3618","3840.93213","-0.9036","2.4918"
"498.4950","15.3660","4111.19652","-0.9036","2.5553"
"498.5000","15.3741","4285.84909","-0.9036","2.6235"
"498.5050","15.3879","4306.37932","-0.9036","2.6955"
"498.5100","15.4085","4196.49649","-0.9036","2.7791"
"498.5150","15.4365","4166.70561","-0.9036","2.8268"
"498.5200","15.4716","4271.90399","-0.9036","2.8243"
"498.5250","15.5130","4393.79072","-0.9036","2.8388"
"498.5300","15.5594","4437.59298","-0.9036","2.8821"
"498.5350","15.6095","4357.39040","-0.9036","2.9294"
"498.5400","15.6618","4260.07986","-0.9036","2.9838"
"498.5450","15.7154","4285.82430","-0.9036","3.0373"
"498.5500","15.7692","4411.32641","-0.9036","3.1114"
"498.5550","15.8228","4522.79854","-0.9036","3.2088"
"498.5600","15.8757","4554.76189","-0.9036","3.3062"
"498.5650","15.9279","4472.27716","-0.9036","3.3693"
"498.5700","15.9794","4343.27698","-0.9036","3.4174"
"498.5750","16.0301","4345.34454","-0.9036","3.4440"
"498.5800","16.0803","4476.68648","-0.9036","3.4780"
"498.5850","16.1300","4620.40854","-0.9036","3.5341"
"498.5900","16.1794","4694.24820","-0.9036","3.6019"
"498.5950","16.2285","4655.47371","-0.9036","3.6656"
"498.6000","16.2776","4543.39838","-0.9036","3.7356"
"498.6050","16.3266","4541.40329","-0.9036","3.7676"
"498.6090","16.3657","4634.21059","-0.9036","3.8078"
"498.6100","16.3755","4663.10644","-0.9036","3.8227"
"500.4020","20.4823","5229.53176","-0.9036","6.6137"
"500.4070","20.4823","5233.32977","-0.9036","6.6219"
"500.4120","20.4824","5260.60486","-0.9036","6.6399"
"500.4170","20.4829","5409.79004","-0.9036","6.6958"
"500.4220","20.4845","5669.55137","-0.9036","6.7714"
"500.4270","20.4885","5927.85406","-0.9036","6.8429"
"500.4320","20.4963","6099.34282","-0.9036","6.9034"
"500.4370","20.5097","6131.05154","-0.9036","6.9685"
"500.4420","20.5299","6111.17363","-0.9036","7.0493"
"500.4470","20.5576","6211.14254","-0.9036","7.1139"
"500.4520","20.5924","6392.15946","-0.9036","7.1549"
"500.4570","20.6335","6538.26380","-0.9036","7.1775"
"500.4620","20.6797","6578.72343","-0.9036","7.2113"
"500.4670","20.7295","6520.09773","-0.9036","7.2522"
"500.4720","20.7817","6536.93295","-0.9036","7.2861"
"500.4770","20.8351","6667.57202","-0.9036","7.3237"
"500.4820","20.8888","6828.67575","-0.9036","7.4051"
"500.4870","20.9423","6928.71761","-0.9036","7.4992"
"500.4920","20.9951","6927.44827","-0.9036","7.5307"
"500.4970","21.0473","6819.20958","-0.9036","7.5460"
"500.5020","21.0986","6769.22131","-0.9036","7.5686"
"500.5070","21.1494","6844.55729","-0.9036","7.5801"
"500.5120","21.1995","6981.15396","-0.9036","7.6237"
"500.5170","21.2492","7078.44925","-0.9036","7.7189"
"500.5220","21.2986","7087.53872","-0.9036","7.8236"
"500.5270","21.3478","6988.17444","-0.9036","7.9153"
"500.5320","21.3968","6930.12333","-0.9036","7.9914"
"500.5370","21.4459","7006.63519","-0.9036","8.0217"
"500.5410","21.4851","7128.75986","-0.9036","8.0417"
"500.5420","21.4949","7158.95081","-0.9036","8.0474"
"502.3220","25.6007","7400.68054","-0.9036","10.3095"
"502.3270","25.6007","7401.84116","-0.9036","10.3067"
"502.3320","25.6008","7428.41768","-0.9036","10.3019"
"502.3370","25.6013","7571.23661","-0.9036","10.3229"
"502.3420","25.6030","7805.62592","-0.9036","10.3871"
"502.3470","25.6071","8027.09675","-0.9036","10.4446"
"502.3520","25.6152","8165.51399","-0.9036","10.5232"
"502.3570","25.6289","8196.67625","-0.9036","10.6201"
"502.3620","25.6495","8288.86318","-0.9036","10.7157"
"502.3670","25.6775","8491.86993","-0.9036","10.7809"
"502.3720","25.7127","8712.00180","-0.9036","10.8279"
"502.3770","25.7541","8855.14736","-0.9036","10.8703"
"502.3820","25.8007","8879.31728","-0.9036","10.9099"
"502.3870","25.8508","8898.61584","-0.9036","10.9508"
"502.3920","25.9032","9012.93945","-0.9036","10.9953"
"502.3970","25.9568","9182.45220","-0.9036","11.0459"
"502.4020","26.0106","9316.18404","-0.9036","11.1186"
"502.4070","26.0642","9357.62501","-0.9036","11.2072"
"502.4120","26.1171","9285.34031","-0.9036","11.2664"
"502.4170","26.1692","9179.38137","-0.9036","11.3079"
"502.4220","26.2206","9198.74859","-0.9036","11.3346"
"502.4270","26.2713","9320.00828","-0.9036","11.3784"
"502.4320","26.3215","9442.75761","-0.9036","11.4511"
"502.4370","26.3712","9491.03260","-0.9036","11.5337"
"502.4420","26.4205","9435.94933","-0.9036","11.6210"
"502.4470","26.4697","9324.92447","-0.9036","11.7064"
"502.4520","26.5187","9339.48898","-0.9036","11.7262"
"502.4570","26.5676","9469.80286","-0.9036","11.7499"
"502.4610","26.6067","9589.51759","-0.9036","11.7939"
"502.4620","26.6165","9614.34174","-0.9036","11.8083"
"504.2430","30.7233","9440.84072","-0.9036","13.7518"
"504.2480","30.7233","9443.38608","-0.9036","13.7339"
"504.2530","30.7234","9470.09754","-0.9036","13.7088"
"504.2580","30.7239","9603.73878","-0.9036","13.7066"
"504.2630","30.7256","9827.78358","-0.9036","13.7250"
"504.2680","30.7296","10044.69109","-0.9036","13.7394"
"504.2730","30.7375","10187.03651","-0.9036","13.7573"
"504.2780","30.7510","10293.47610","-0.9036","13.7992"
"504.2830","30.7713","10514.39857","-0.9036","13.8590"
"504.2880","30.7990","10805.17387","-0.9036","13.9167"
"504.2930","30.8338","11059.22699","-0.9036","13.9686"
"504.2980","30.8750","11203.94516","-0.9036","14.0174"
"504.3030","30.9213","11248.16895","-0.9036","14.0580"
"504.3080","30.9713","11370.09144","-0.9036","14.1022"
"504.3130","31.0235","11570.26100","-0.9036","14.1560"
"504.3180","31.0770","11767.02499","-0.9036","14.2520"
"504.3230","31.1308","11882.52163","-0.9036","14.3725"
"504.3280","31.1843","11880.97477","-0.9036","14.4667"
"504.3330","31.2372","11772.59254","-0.9036","14.5410"
"504.3380","31.2894","11739.87770","-0.9036","14.6048"
"504.3430","31.3409","11835.25848","-0.9036","14.6346"
"504.3480","31.3917","11976.22395","-0.9036","14.6839"
"504.3530","31.4419","12071.37012","-0.9036","14.7700"
"504.3580","31.4917","12073.01998","-0.9036","14.8574"
"504.3630","31.5411","11974.55311","-0.9036","14.9303"
"504.3680","31.5902","11930.02987","-0.9036","15.0062"
"504.3730","31.6392","12018.92376","-0.9036","15.0385"
"504.3780","31.6880","12161.59248","-0.9036","15.0679"
"504.3820","31.7271","12248.54946","-0.9036","15.1050"
"504.3830","31.7369","12261.54900","-0.9036","15.1115"
"506.1650","35.8405","11591.59279","-0.9036","16.7638"
"506.1700","35.8405","11592.80968","-0.9036","16.7660"
"506.1750","35.8406","11617.56897","-0.9036","16.7578"
"506.1800","35.8411","11751.73092","-0.9036","16.7704"
"506.1850","35.8428","11992.39635","-0.9036","16.8151"
"506.1900","35.8467","12239.74991","-0.9036","16.8715"
"506.1950","35.8544","12425.43316","-0.9036","16.9191"
"506.2000","35.8677","12661.70120","-0.9036","16.9758"
"506.2050","35.8877","13004.20380","-0.9036","17.0164"
"506.2100","35.9151","13356.42338","-0.9036","17.0418"
"506.2150","35.9497","13629.28200","-0.9036","17.0573"
"506.2200","35.9906","13772.51911","-0.9036","17.0662"
"506.2250","36.0367","13870.76473","-0.9036","17.0800"
"506.2300","36.0864","14074.38087","-0.9036","17.1012"
"506.2350","36.1386","14311.31268","-0.9036","17.1509"
"506.2400","36.1919","14491.43314","-0.9036","17.2363"
"506.2450","36.2457","14556.30398","-0.9036","17.3436"
"506.2500","36.2992","14495.45765","-0.9036","17.4397"
"506.2550","36.3521","14379.34113","-0.9036","17.5134"
"506.2600","36.4044","14401.38054","-0.9036","17.5462"
"506.2650","36.4559","14522.79758","-0.9036","17.5393"
"506.2700","36.5068","14653.60260","-0.9036","17.5798"
"506.2750","36.5570","14718.33229","-0.9036","17.6407"
"506.2800","36.6068","14686.15818","-0.9036","17.7093"
"506.2850","36.6563","14586.21597","-0.9036","17.7987"
"506.2900","36.7055","14609.17091","-0.9036","17.8807"
"506.2950","36.7546","14748.01826","-0.9036","17.9293"
"506.3000","36.8035","14900.34771","-0.9036","18.0028"
"506.3040","36.8426","14973.54031","-0.9036","18.0609"
"506.3050","36.8524","14981.64082","-0.9036","18.0719"
"508.0830","40.9559","14143.81790","-0.9036","19.4039"
"508.0880","40.9559","14144.53030","-0.9036","19.3943"
"508.0930","40.9560","14166.30173","-0.9036","19.3991"
"508.0980","40.9565","14287.79125","-0.9036","19.4216"
"508.1030","40.9581","14507.11250","-0.9036","19.4701"
"508.1080","40.9620","14731.89354","-0.9036","19.5506"
"508.1130","40.9697","14953.70770","-0.9036","19.6329"
"508.1180","40.9831","15309.80492","-0.9036","19.6637"
"508.1230","41.0032","15726.96877","-0.9036","19.6760"
"508.1280","41.0307","16099.85924","-0.9036","19.6817"
"508.1330","41.0655","16357.33223","-0.9036","19.6850"
"508.1380","41.1066","16484.56383","-0.9036","19.6809"
"508.1430","41.1528","16649.70207","-0.9036","19.6896"
"508.1480","41.2026","16899.97292","-0.9036","19.6869"
"508.1530","41.2549","17133.60596","-0.9036","19.7172"
"508.1580","41.3083","17274.36256","-0.9036","19.8099"
"508.1630","41.3621","17288.96713","-0.9036","19.9199"
"508.1680","41.4156","17184.37958","-0.9036","19.9919"
"508.1730","41.4685","17115.32211","-0.9036","20.0275"
"508.1780","41.5207","17193.88771","-0.9036","20.0378"
"508.1830","41.5721","17331.27975","-0.9036","20.0520"
"508.1880","41.6228","17441.12206","-0.9036","20.0918"
"508.1930","41.6730","17463.47427","-0.9036","20.1734"
"508.1980","41.7227","17382.19070","-0.9036","20.2695"
"508.2030","41.7721","17301.85890","-0.9036","20.3612"
"508.2080","41.8213","17384.26781","-0.9036","20.3974"
"508.2130","41.8703","17548.89297","-0.9036","20.4130"
"508.2180","41.9193","17693.04657","-0.9036","20.4630"
"508.2220","41.9584","17749.25613","-0.9036","20.5030"
"508.2230","41.9682","17752.45667","-0.9036","20.5136"
"510.0050","46.0729","16912.81891","-0.9036","21.9284"
"510.0100","46.0729","16912.62627","-0.9036","21.9238"
"510.0150","46.0730","16929.90494","-0.9036","21.9164"
"510.0200","46.0735","17037.19330","-0.9036","21.9193"
"510.0250","46.0752","17235.83412","-0.9036","21.9347"
"510.0300","46.0792","17456.87675","-0.9036","21.9628"
"510.0350","46.0872","17787.86469","-0.9036","21.9881"
"510.0400","46.1008","18266.05606","-0.9036","22.0159"
"510.0450","46.1212","18752.21062","-0.9036","22.0562"
"510.0500","46.1491","19146.64078","-0.9036","22.0923"
"510.0550","46.1842","19398.98109","-0.9036","22.1189"
"510.0600","46.2256","19568.84384","-0.9036","22.1173"
"510.0650","46.2721","19834.42879","-0.9036","22.0927"
"510.0700","46.3222","20123.40927","-0.9036","22.0837"
"510.0750","46.3747","20336.80725","-0.9036","22.1183"
"510.0800","46.4283","20424.03793","-0.9036","22.1877"
"510.0850","46.4822","20375.01717","-0.9036","22.2825"
"510.0900","46.5359","20249.83406","-0.9036","22.3751"
"510.0950","46.5888","20268.58902","-0.9036","22.4229"
"510.1000","46.6410","20416.31699","-0.9036","22.4506"
"510.1050","46.6924","20567.85965","-0.9036","22.4836"
"510.1100","46.7431","20647.91679","-0.9036","22.5415"
"510.1150","46.7932","20621.70982","-0.9036","22.6011"
"510.1200","46.8428","20511.57761","-0.9036","22.6646"
"510.1250","46.8920","20515.06996","-0.9036","22.7314"
"510.1300","46.9411","20663.77831","-0.9036","22.7666"
"510.1350","46.9901","20832.25060","-0.9036","22.7992"
"510.1400","47.0390","20935.93597","-0.9036","22.8559"
"510.1440","47.0782","20946.32339","-0.9036","22.9013"
"510.1450","47.0880","20937.25395","-0.9036","22.9126"
"511.9270","51.1901","19795.45021","-0.9036","24.0207"
"511.9320","51.1901","19794.63196","-0.9036","24.0344"
"511.9370","51.1902","19812.16431","-0.9036","24.0128"
"511.9420","51.1907","19919.20280","-0.9036","23.9894"
"511.9470","51.1924","20138.85689","-0.9036","23.9734"
"511.9520","51.1964","20465.36255","-0.9036","23.9873"
"511.9570","51.2043","20994.45915","-0.9036","24.0232"
"511.9620","51.2179","21626.53732","-0.9036","24.0860"
"511.9670","51.2382","22205.90591","-0.9036","24.1639"
"511.9720","51.2659","22645.38956","-0.9036","24.2241"
"511.9770","51.3008","22911.81183","-0.9036","24.2558"
"511.9820","51.3421","23143.74161","-0.9036","24.2828"
"511.9870","51.3884","23487.47444","-0.9036","24.3282"
"511.9920","51.4384","23825.64545","-0.9036","24.3979"
"511.9970","51.4908","24063.60245","-0.9036","24.4806"
"512.0020","51.5443","24156.70967","-0.9036","24.5691"
"512.0070","51.5981","24098.26088","-0.9036","24.6707"
"512.0120","51.6517","24018.04733","-0.9036","24.7963"
"512.0170","51.7045","24115.68260","-0.9036","24.9010"
"512.0220","51.7566","24290.28320","-0.9036","24.9487"
"512.0270","51.8080","24437.33215","-0.9036","24.9991"
"512.0320","51.8586","24499.25995","-0.9036","25.0568"
"512.0370","51.9086","24453.58849","-0.9036","25.1141"
"512.0420","51.9582","24392.94434","-0.9036","25.1904"
"512.0470","52.0075","24510.00214","-0.9036","25.2744"
"512.0520","52.0566","24719.49387","-0.9036","25.3702"
"512.0570","52.1057","24904.77753","-0.9036","25.4647"
"512.0620","52.1546","24998.07930","-0.9036","25.5453"
"512.0660","52.1938","24988.32893","-0.9036","25.6038"
"512.0670","52.2036","24973.40012","-0.9036","25.6171"
"525.5450","0.0008","-16970.77370","-10.8945","-10.5182"
"525.5500","0.0008","-16970.54482","-10.8945","-10.5033"
"525.5550","0.0010","-16918.13660","-10.8945","-10.5170"
"525.5600","0.0018","-16591.26854","-10.8945","-10.5550"
"525.5650","0.0044","-15563.54237","-10.8945","-10.5883"
"525.5700","0.0105","-13862.48112","-10.8945","-10.5562"
"525.5750","0.0220","-11915.29465","-10.8945","-10.4351"
"525.5800","0.0403","-10018.47553","-10.8945","-10.2599"
"525.5850","0.0661","-8348.66333","-10.8945","-10.0698"
"525.5900","0.0994","-6931.45561","-10.8945","-9.9000"
"525.5950","0.1394","-5633.67414","-10.8945","-9.7616"
"525.6000","0.1849","-4497.65825","-10.8945","-9.5933"
"525.6050","0.2344","-3625.73957","-10.8945","-9.3760"
"525.6100","0.2864","-3051.24378","-10.8945","-9.1460"
"525.6150","0.3398","-2759.43756","-10.8945","-8.9108"
"525.6200","0.3936","-2650.28214","-10.8945","-8.6909"
"525.6250","0.4472","-2537.24885","-10.8945","-8.5169"
"525.6300","0.5002","-2393.59546","-10.8945","-8.3770"
"525.6350","0.5524","-2296.94080","-10.8945","-8.2600"
"525.6400","0.6038","-2284.82866","-10.8945","-8.1577"
"525.6450","0.6545","-2376.73283","-10.8945","-8.0617"
"525.6500","0.7046","-2526.36743","-10.8945","-7.9739"
"525.6550","0.7543","-2575.98853","-10.8945","-7.9236"
"525.6600","0.8036","-2515.49864","-10.8945","-7.8750"
"525.6650","0.8527","-2443.69078","-10.8945","-7.8206"
"525.6700","0.9016","-2414.92724","-10.8945","-7.7604"
"525.6750","0.9505","-2468.09435","-10.8945","-7.7004"
"525.6800","0.9993","-2579.42986","-10.8945","-7.6408"
"525.6810","1.0091","-2598.26159","-10.8945","-7.6356"
"525.6820","1.0189","-2612.16426","-10.8945","-7.6294"
"527.4650","5.1225","-1790.97664","-10.8945","-4.0261"
"527.4700","5.1225","-1790.70568","-10.8945","-4.0101"
"527.4750","5.1226","-1769.93275","-10.8945","-4.0031"
"527.4800","5.1231","-1656.60810","-10.8945","-4.0045"
"527.4850","5.1248","-1386.19471","-10.8945","-4.0214"
"527.4900","5.1288","-1015.90097","-10.8945","-4.0345"
"527.4950","5.1367","-663.46568","-10.8945","-4.0260"
"527.5000","5.1502","-412.60937","-10.8945","-3.9805"
"527.5050","5.1706","-305.89527","-10.8945","-3.9094"
"527.5100","5.1983","-316.12015","-10.8945","-3.8501"
"527.5150","5.2333","-295.12614","-10.8945","-3.8265"
"527.5200","5.2746","-181.77287","-10.8945","-3.8257"
"527.5250","5.3210","-71.37469","-10.8945","-3.8249"
"527.5300","5.3711","-31.44687","-10.8945","-3.7830"
"527.5350","5.4235","-95.06453","-10.8945","-3.7414"
"527.5400","5.4770","-232.84917","-10.8945","-3.6874"
"527.5450","5.5309","-312.27091","-10.8945","-3.6440"
"527.5500","5.5844","-260.34874","-10.8945","-3.6035"
"527.5550","5.6373","-170.62192","-10.8945","-3.5626"
"527.5600","5.6895","-111.62011","-10.8945","-3.5308"
"527.5650","5.7409","-120.40459","-10.8945","-3.4780"
"527.5700","5.7916","-190.01192","-10.8945","-3.3904"
"527.5750","5.8417","-204.69286","-10.8945","-3.3370"
"527.5800","5.8913","-94.84140","-10.8945","-3.2866"
"527.5850","5.9407","50.48669","-10.8945","-3.2008"
"527.5900","5.9899","160.69688","-10.8945","-3.1102"
"527.5950","6.0389","192.37553","-10.8945","-3.0338"
"527.6000","6.0879","137.14771","-10.8945","-2.9511"
"527.6040","6.1271","99.33905","-10.8945","-2.8970"
"527.6050","6.1369","100.91951","-10.8945","-2.8914"
"529.3870","10.2408","1750.04578","-10.8945","0.3384"
"529.3920","10.2408","1752.93899","-10.8945","0.3401"
"529.3970","10.2409","1777.65357","-10.8945","0.3486"
"529.4020","10.2414","1895.16008","-10.8945","0.3848"
"529.4070","10.2431","2098.23346","-10.8945","0.4480"
"529.4120","10.2472","2298.16461","-10.8945","0.5107"
"529.4170","10.2553","2430.30000","-10.8945","0.5583"
"529.4220","10.2690","2451.50805","-10.8945","0.6146"
"529.4270","10.2895","2349.49064","-10.8945","0.6933"
"529.4320","10.3174","2197.61777","-10.8945","0.7341"
"529.4370","10.3524","2131.26445","-10.8945","0.7268"
"529.4420","10.3938","2158.61773","-10.8945","0.7332"
"529.4470","10.4403","2186.51676","-10.8945","0.7857"
"529.4520","10.4904","2160.55179","-10.8945","0.8615"
"529.4570","10.5428","2062.35051","-10.8945","0.9618"
"529.4620","10.5963","1977.48911","-10.8945","1.0660"
"529.4670","10.6502","1989.01021","-10.8945","1.1671"
"529.4720","10.7037","2077.94929","-10.8945","1.2643"
"529.4770","10.7566","2163.14554","-10.8945","1.3455"
"529.4820","10.8088","2197.69239","-10.8945","1.4093"
"529.4870","10.8601","2161.17120","-10.8945","1.4701"
"529.4920","10.9108","2126.79148","-10.8945","1.5051"
"529.4970","10.9608","2170.65549","-10.8945","1.5145"
"529.5020","11.0104","2293.76388","-10.8945","1.5400"
"529.5070","11.0597","2409.95455","-10.8945","1.5984"
"529.5120","11.1088","2468.87469","-10.8945","1.6709"
"529.5170","11.1578","2441.22362","-10.8945","1.7387"
"529.5220","11.2067","2387.85958","-10.8945","1.7814"
"529.5260","11.2459","2393.04972","-10.8945","1.7855"
"529.5270","11.2557","2405.22170","-10.8945","1.7873"
"531.3210","15.3600","3849.96557","-10.8945","4.7151"
"531.3260","15.3600","3851.14050","-10.8945","4.7125"
"531.3310","15.3601","3871.34862","-10.8945","4.6923"
"531.3360","15.3606","3974.91789","-10.8945","4.6880"
"531.3410","15.3623","4145.40195","-10.8945","4.6904"
"531.3460","15.3665","4307.36351","-10.8945","4.6960"
"531.3510","15.3747","4402.25172","-10.8945","4.7032"
"531.3560","15.3884","4391.37506","-10.8945","4.7604"
"531.3610","15.4091","4283.93745","-10.8945","4.8560"
"531.3660","15.4371","4205.85346","-10.8945","4.9317"
"531.3710","15.4722","4231.33898","-10.8945","4.9677"
"531.3760","15.5136","4299.63589","-10.8945","4.9845"
"531.3810","15.5601","4335.95085","-10.8945","5.0244"
"531.3860","15.6101","4302.30474","-10.8945","5.0907"
"531.3910","15.6625","4247.75076","-10.8945","5.1836"
"531.3960","15.7160","4257.18069","-10.8945","5.2620"
"531.4010","15.7698","4349.91264","-10.8945","5.3329"
"531.4060","15.8233","4454.18835","-10.8945","5.4217"
"531.4110","15.8763","4514.03904","-10.8945","5.4793"
"531.4160","15.9285","4503.04890","-10.8945","5.5199"
"531.4210","15.9799","4442.32559","-10.8945","5.5846"
"531.4260","16.0307","4430.00603","-10.8945","5.6158"
"531.4310","16.0808","4506.56557","-10.8945","5.6337"
"531.4360","16.1306","4615.65065","-10.8945","5.6914"
"531.4410","16.1800","4685.55927","-10.8945","5.7700"
"531.4460","16.2292","4684.30233","-10.8945","5.8495"
"531.4510","16.2783","4625.05960","-10.8945","5.9340"
"531.4560","16.3273","4610.78691","-10.8945","5.9747"
"531.4600","16.3665","4661.74412","-10.8945","5.9933"
"531.4610","16.3763","4681.12946","-10.8945","6.0012"
"533.2550","20.4831","5662.86755","-10.8945","8.4213"
"533.2600","20.4831","5666.95642","-10.8945","8.4190"
"533.2650","20.4832","5694.53144","-10.8945","8.4129"
"533.2700","20.4837","5819.44275","-10.8945","8.4334"
"533.2750","20.4854","6019.18364","-10.8945","8.4918"
"533.2800","20.4893","6213.24158","-10.8945","8.5486"
"533.2850","20.4972","6341.69865","-10.8945","8.5906"
"533.2900","20.5106","6368.15596","-10.8945","8.6439"
"533.2950","20.5308","6345.93964","-10.8945","8.7344"
"533.3000","20.5585","6395.45584","-10.8945","8.7918"
"533.3050","20.5933","6519.40298","-10.8945","8.8117"
"533.3100","20.6344","6637.02059","-10.8945","8.8297"
"533.3150","20.6806","6689.22853","-10.8945","8.8701"
"533.3200","20.7305","6669.80934","-10.8945","8.9055"
"533.3250","20.7827","6662.32443","-10.8945","8.9306"
"533.3300","20.8361","6715.42549","-10.8945","8.9790"
"533.3350","20.8899","6807.79982","-10.8945","9.0615"
"533.3400","20.9433","6875.58079","-10.8945","9.1559"
"533.3450","20.9962","6882.56884","-10.8945","9.2322"
"533.3500","21.0483","6822.46113","-10.8945","9.3017"
"533.3550","21.0997","6787.10365","-10.8945","9.3654"
"533.3600","21.1503","6833.32300","-10.8945","9.3862"
"533.3650","21.2005","6947.33810","-10.8945","9.4382"
"533.3700","21.2501","7049.08943","-10.8945","9.5169"
"533.3750","21.2995","7091.19892","-10.8945","9.5845"
"533.3800","21.3487","7059.75628","-10.8945","9.6609"
"533.3850","21.3978","7031.34775","-10.8945","9.7139"
"533.3900","21.4468","7079.60320","-10.8945","9.7357"
"533.3940","21.4861","7164.73055","-10.8945","9.7715"
"533.3950","21.4959","7187.08467","-10.8945","9.7850"
"535.1910","25.5990","7898.58198","-10.8945","11.8925"
"535.1960","25.5990","7898.59819","-10.8945","11.8712"
"535.2010","25.5991","7921.52643","-10.8945","11.8535"
"535.2060","25.5996","8035.60543","-10.8945","11.8816"
"535.2110","25.6013","8219.38801","-10.8945","11.9470"
"535.2160","25.6053","8394.25850","-10.8945","12.0126"
"535.2210","25.6134","8503.24059","-10.8945","12.0680"
"535.2260","25.6270","8529.60300","-10.8945","12.1335"
"535.2310","25.6475","8561.64360","-10.8945","12.1807"
"535.2360","25.6755","8669.32201","-10.8945","12.2171"
"535.2410","25.7106","8819.17953","-10.8945","12.2492"
"535.2460","25.7520","8938.10177","-10.8945","12.2735"
"535.2510","25.7985","8988.41190","-10.8945","12.3034"
"535.2560","25.8486","9014.97364","-10.8945","12.3456"
"535.2610","25.9010","9093.68992","-10.8945","12.3859"
"535.2660","25.9545","9210.39772","-10.8945","12.4315"
"535.2710","26.0084","9317.21592","-10.8945","12.5007"
"535.2760","26.0619","9366.06407","-10.8945","12.5747"
"535.2810","26.1148","9337.52632","-10.8945","12.6085"
"535.2860","26.1669","9272.61734","-10.8945","12.6322"
"535.2910","26.2183","9282.69196","-10.8945","12.6531"
"535.2960","26.2691","9370.76855","-10.8945","12.6739"
"535.3010","26.3192","9482.01561","-10.8945","12.7113"
"535.3060","26.3689","9549.50523","-10.8945","12.7708"
"535.3110","26.4183","9546.80252","-10.8945","12.8385"
"535.3160","26.4675","9495.37468","-10.8945","12.9007"
"535.3210","26.5165","9509.25255","-10.8945","12.9428"
"535.3260","26.5655","9601.69601","-10.8945","12.9635"
"535.3300","26.6046","9692.18731","-10.8945","12.9984"
"535.3310","26.6144","9711.95793","-10.8945","13.0124"
"537.1210","30.7212","9927.22511","-10.8945","14.8715"
"537.1260","30.7212","9929.61311","-10.8945","14.8587"
"537.1310","30.7212","9954.50783","-10.8945","14.8652"
"537.1360","30.7218","10071.68865","-10.8945","14.8906"
"537.1410","30.7234","10264.63795","-10.8945","14.9304"
"537.1460","30.7274","10454.53644","-10.8945","14.9694"
"537.1510","30.7353","10585.49404","-10.8945","15.0251"
"537.1560","30.7487","10673.90156","-10.8945","15.1150"
"537.1610","30.7690","10827.33250","-10.8945","15.2056"
"537.1660","30.7966","11032.49550","-10.8945","15.2774"
"537.1710","30.8314","11227.01550","-10.8945","15.3222"
"537.1760","30.8727","11354.38442","-10.8945","15.3549"
"537.1810","30.9189","11408.90217","-10.8945","15.3763"
"537.1860","30.9689","11499.12930","-10.8945","15.3941"
"537.1910","31.0212","11645.48969","-10.8945","15.4170"
"537.1960","31.0747","11795.13931","-10.8945","15.4557"
"537.2010","31.1285","11890.03277","-10.8945","15.5420"
"537.2060","31.1820","11902.46105","-10.8945","15.6331"
"537.2110","31.2350","11838.13953","-10.8945","15.7045"
"537.2160","31.2871","11788.46645","-10.8945","15.7464"
"537.2210","31.3386","11833.18996","-10.8945","15.7701"
"537.2260","31.3894","11933.95996","-10.8945","15.8091"
"537.2310","31.4396","12023.90194","-10.8945","15.8842"
"537.2360","31.4893","12057.16038","-10.8945","15.9444"
"537.2410","31.5387","12021.36230","-10.8945","16.0088"
"537.2460","31.5879","11995.50724","-10.8945","16.0639"
"537.2510","31.6368","12067.08527","-10.8945","16.0914"
"537.2560","31.6857","12191.48350","-10.8945","16.1146"
"537.2600","31.7248","12282.51171","-10.8945","16.1482"
"537.2610","31.7345","12299.69788","-10.8945","16.1579"
"539.0420","35.8405","12251.48582","-10.8945","17.7110"
"539.0470","35.8405","12251.36280","-10.8945","17.6991"
"539.0520","35.8406","12271.66843","-10.8945","17.6796"
"539.0570","35.8411","12379.18854","-10.8945","17.6678"
"539.0620","35.8427","12567.52777","-10.8945","17.6781"
"539.0670","35.8466","12761.26575","-10.8945","17.6938"
"539.0720","35.8544","12911.41510","-10.8945","17.7257"
"539.0770","35.8677","13081.67839","-10.8945","17.7620"
"539.0820","35.8877","13327.56710","-10.8945","17.7878"
"539.0870","35.9151","13590.55901","-10.8945","17.8263"
"539.0920","35.9497","13804.82197","-10.8945","17.8731"
"539.0970","35.9907","13931.35452","-10.8945","17.9184"
"539.1020","36.0368","14021.87538","-10.8945","17.9378"
"539.1070","36.0866","14176.26953","-10.8945","17.9438"
"539.1120","36.1387","14350.41332","-10.8945","17.9699"
"539.1170","36.1921","14488.01613","-10.8945","18.0579"
"539.1220","36.2459","14548.05470","-10.8945","18.1802"
"539.1270","36.2994","14520.64228","-10.8945","18.2945"
"539.1320","36.3523","14449.82910","-10.8945","18.3683"
"539.1370","36.4046","14457.58438","-10.8945","18.4058"
"539.1420","36.4561","14544.67487","-10.8945","18.4105"
"539.1470","36.5070","14644.15836","-10.8945","18.4483"
"539.1520","36.5572","14700.22774","-10.8945","18.4957"
"539.1570","36.6070","14685.28652","-10.8945","18.5593"
"539.1620","36.6565","14626.01089","-10.8945","18.6270"
"539.1670","36.7057","14639.42909","-10.8945","18.6781"
"539.1720","36.7548","14748.76785","-10.8945","18.7011"
"539.1770","36.8037","14879.06933","-10.8945","18.7294"
"539.1810","36.8428","14952.57664","-10.8945","18.7624"
"539.1820","36.8526","14963.88340","-10.8945","18.7674"
"540.9630","40.9571","14807.71160","-10.8945","20.1501"
"540.9680","40.9571","14808.21896","-10.8945","20.1674"
"540.9730","40.9572","14828.07064","-10.8945","20.1721"
"540.9780","40.9577","14928.47538","-10.8945","20.1898"
"540.9830","40.9593","15101.13621","-10.8945","20.2496"
"540.9880","40.9632","15276.83449","-10.8945","20.2993"
"540.9930","40.9710","15447.62993","-10.8945","20.3330"
"540.9980","40.9843","15705.09720","-10.8945","20.3663"
"541.0030","41.0044","16020.43724","-10.8945","20.4082"
"541.0080","41.0320","16308.19321","-10.8945","20.4468"
"541.0130","41.0668","16515.15579","-10.8945","20.4721"
"541.0180","41.1079","16631.89697","-10.8945","20.4719"
"541.0230","41.1542","16774.36638","-10.8945","20.4503"
"541.0280","41.2041","16985.15701","-10.8945","20.4146"
"541.0330","41.2564","17182.45506","-10.8945","20.4178"
"541.0380","41.3098","17308.49457","-10.8945","20.4650"
"541.0430","41.3636","17337.56447","-10.8945","20.5458"
"541.0480","41.4171","17276.56746","-10.8945","20.6176"
"541.0530","41.4700","17234.76219","-10.8945","20.6713"
"541.0580","41.5222","17300.53139","-10.8945","20.6938"
"541.0630","41.5736","17412.40311","-10.8945","20.7101"
"541.0680","41.6243","17499.47357","-10.8945","20.7593"
"541.0730","41.6745","17519.99474","-10.8945","20.8242"
"541.0780","41.7242","17468.61458","-10.8945","20.9036"
"541.0830","41.7736","17420.82596","-10.8945","20.9956"
"541.0880","41.8228","17493.29758","-10.8945","21.0442"
"541.0930","41.8718","17634.72366","-10.8945","21.0673"
"541.0980","41.9207","17764.23454","-10.8945","21.1008"
"541.1020","41.9599","17819.78607","-10.8945","21.1403"
"541.1030","41.9697","17825.04845","-10.8945","21.1545"
"542.8820","46.0716","17560.26840","-10.8945","22.4510"
"542.8870","46.0716","17560.71281","-10.8945","22.4131"
"542.8920","46.0716","17580.53589","-10.8945","22.3753"
"542.8970","46.0722","17681.28395","-10.8945","22.3483"
"542.9020","46.0738","17858.98209","-10.8945","22.3386"
"542.9070","46.0778","18049.86191","-10.8945","22.3331"
"542.9120","46.0858","18301.90468","-10.8945","22.3343"
"542.9170","46.0994","18669.11888","-10.8945","22.3668"
"542.9220","46.1198","19056.24962","-10.8945","22.4323"
"542.9270","46.1477","19375.74577","-10.8945","22.5140"
"542.9320","46.1828","19592.08107","-10.8945","22.5585"
"542.9370","46.2242","19743.35670","-10.8945","22.5778"
"542.9420","46.2707","19959.81407","-10.8945","22.6189"
"542.9470","46.3208","20211.84731","-10.8945","22.6883"
"542.9520","46.3733","20408.74481","-10.8945","22.7474"
"542.9570","46.4269","20502.96783","-10.8945","22.8164"
"542.9620","46.4808","20486.53030","-10.8945","22.8934"
"542.9670","46.5345","20410.48813","-10.8945","22.9534"
"542.9720","46.5875","20415.37666","-10.8945","22.9746"
"542.9770","46.6397","20531.80695","-10.8945","22.9977"
"542.9820","46.6911","20665.38620","-10.8945","23.0314"
"542.9870","46.7418","20748.35014","-10.8945","23.0948"
"542.9920","46.7919","20753.64494","-10.8945","23.1778"
"542.9970","46.8415","20700.56152","-10.8945","23.2779"
"543.0020","46.8908","20722.30721","-10.8945","23.3484"
"543.0070","46.9399","20859.13467","-10.8945","23.4170"
"543.0120","46.9889","21015.58685","-10.8945","23.4876"
"543.0170","47.0378","21117.39159","-10.8945","23.5491"
"543.0210","47.0770","21136.69968","-10.8945","23.5964"
"543.0220","47.0868","21131.88171","-10.8945","23.6099"
"544.8060","51.1900","21073.51112","-10.8945","25.1219"
"544.8110","51.1900","21070.76454","-10.8945","25.0926"
"544.8160","51.1900","21084.74922","-10.8945","25.0387"
"544.8210","51.1906","21181.08749","-10.8945","24.9925"
"544.8260","51.1922","21362.58125","-10.8945","24.9638"
"544.8310","51.1963","21619.47823","-10.8945","24.9432"
"544.8360","51.2042","22023.91434","-10.8945","24.9447"
"544.8410","51.2178","22522.64977","-10.8945","24.9930"
"544.8460","51.2381","22995.92972","-10.8945","25.0900"
"544.8510","51.2658","23371.80138","-10.8945","25.1767"
"544.8560","51.3008","23625.35667","-10.8945","25.2393"
"544.8610","51.3420","23843.55927","-10.8945","25.2727"
"544.8660","51.3884","24143.68439","-10.8945","25.2893"
"544.8710","51.4384","24447.20268","-10.8945","25.3324"
"544.8760","51.4908","24670.40062","-10.8945","25.4094"
"544.8810","51.5443","24776.22032","-10.8945","25.4993"
"544.8860","51.5981","24767.21001","-10.8945","25.5929"
"544.8910","51.6516","24744.46297","-10.8945","25.6687"
"544.8960","51.7045","24849.88022","-10.8945","25.7095"
"544.9010","51.7566","25026.53503","-10.8945","25.7510"
"544.9060","51.8080","25182.05261","-10.8945","25.8232"
"544.9110","51.8586","25265.96832","-10.8945","25.9339"
"544.9160","51.9087","25257.48634","-10.8945","26.0629"
"544.9210","51.9583","25228.09601","-10.8945","26.1895"
"544.9260","52.0076","25324.65744","-10.8945","26.3079"
"544.9310","52.0566","25497.75696","-10.8945","26.4050"
"544.9360","52.1056","25651.81732","-10.8945","26.4636"
"544.9410","52.1545","25728.21236","-10.8945","26.5056"
"544.9450","52.1936","25720.04700","-10.8945","26.5443"
"544.9460","52.2034","25707.62634","-10.8945","26.5552"
"558.4280","0.0008","-20921.42677","-20.8854","-7.6304"
"558.4330","0.0008","-20919.65675","-20.8854","-7.6450"
"558.4380","0.0009","-20870.04662","-20.8854","-7.6683"
"558.4430","0.0017","-20556.61964","-20.8854","-7.6958"
"558.4480","0.0044","-19550.28915","-20.8854","-7.7080"
"558.4530","0.0105","-17658.29277","-20.8854","-7.6751"
"558.4580","0.0220","-15321.30909","-20.8854","-7.5442"
"558.4630","0.0402","-12923.94447","-20.8854","-7.3167"
"558.4680","0.0660","-10702.59571","-20.8854","-7.0194"
"558.4730","0.0993","-8771.70181","-20.8854","-6.7166"
"558.4780","0.1393","-7085.27517","-20.8854","-6.4524"
"558.4830","0.1847","-5623.85750","-20.8854","-6.2128"
"558.4880","0.2342","-4467.48734","-20.8854","-5.9448"
"558.4930","0.2862","-3641.25967","-20.8854","-5.6287"
"558.4980","0.3396","-3125.00501","-20.8854","-5.2818"
"558.5030","0.3934","-2863.71875","-20.8854","-4.9324"
"558.5080","0.4470","-2714.74242","-20.8854","-4.6291"
"558.5130","0.5000","-2557.60384","-20.8854","-4.3816"
"558.5180","0.5523","-2441.80369","-20.8854","-4.1804"
"558.5230","0.6037","-2395.35666","-20.8854","-4.0052"
"558.5280","0.6544","-2430.25732","-20.8854","-3.8479"
"558.5330","0.7046","-2544.16585","-20.8854","-3.6982"
"558.5380","0.7542","-2652.21334","-20.8854","-3.5826"
"558.5430","0.8035","-2636.53278","-20.8854","-3.4848"
"558.5480","0.8526","-2568.00175","-20.8854","-3.4060"
"558.5530","0.9016","-2503.18527","-20.8854","-3.3553"
"558.5580","0.9504","-2479.51603","-20.8854","-3.3279"
"558.5630","0.9992","-2523.12469","-20.8854","-3.2935"
"558.5640","1.0090","-2537.20093","-20.8854","-3.2866"
"558.5650","1.0187","-2550.71521","-20.8854","-3.2778"
"560.3640","5.1248","-1293.42830","-20.8854","-1.1808"
"560.3690","5.1248","-1293.12110","-20.8854","-1.1870"
"560.3740","5.1249","-1278.40436","-20.8854","-1.2076"
"560.3790","5.1254","-1207.94630","-20.8854","-1.2386"
"560.3840","5.1271","-1082.52966","-20.8854","-1.2876"
"560.3890","5.1311","-883.42237","-20.8854","-1.3177"
"560.3940","5.1390","-664.46680","-20.8854","-1.3067"
"560.3990","5.1526","-493.38171","-20.8854","-1.2576"
"560.4040","5.1730","-404.44463","-20.8854","-1.1957"
"560.4090","5.2008","-403.72816","-20.8854","-1.1520"
"560.4140","5.2359","-422.16694","-20.8854","-1.1364"
"560.4190","5.2772","-342.25872","-20.8854","-1.1532"
"560.4240","5.3237","-227.06071","-20.8854","-1.1424"
"560.4290","5.3738","-145.09432","-20.8854","-1.1018"
"560.4340","5.4261","-130.61146","-20.8854","-1.0410"
"560.4390","5.4797","-191.21070","-20.8854","-0.9569"
"560.4440","5.5335","-259.56151","-20.8854","-0.8991"
"560.4490","5.5870","-224.86567","-20.8854","-0.8595"
"560.4540","5.6400","-137.14784","-20.8854","-0.8082"
"560.4590","5.6921","-58.97961","-20.8854","-0.7499"
"560.4640","5.7435","-25.50101","-20.8854","-0.7076"
"560.4690","5.7942","-53.86248","-20.8854","-0.6452"
"560.4740","5.8443","-87.88358","-20.8854","-0.5960"
"560.4790","5.8939","-35.03705","-20.8854","-0.5706"
"560.4840","5.9433","66.32742","-20.8854","-0.5338"
"560.4890","5.9923","156.07183","-20.8854","-0.4717"
"560.4940","6.0413","203.65667","-20.8854","-0.4161"
"560.4990","6.0902","187.67978","-20.8854","-0.3625"
"560.5030","6.1294","148.90602","-20.8854","-0.3213"
"560.5040","6.1392","142.42977","-20.8854","-0.3131"
"562.2910","10.2420","917.50354","-20.8854","2.7724"
"562.2960","10.2420","921.01628","-20.8854","2.7775"
"562.3010","10.2421","940.13029","-20.8854","2.7529"
"562.3060","10.2427","1026.07596","-20.8854","2.7283"
"562.3110","10.2444","1206.97665","-20.8854","2.7178"
"562.3160","10.2484","1448.25232","-20.8854","2.7365"
"562.3210","10.2565","1676.02956","-20.8854","2.7693"
"562.3260","10.2701","1838.91511","-20.8854","2.8251"
"562.3310","10.2906","1914.16061","-20.8854","2.9007"
"562.3360","10.3184","1920.08305","-20.8854","2.9681"
"562.3410","10.3534","1951.63822","-20.8854","2.9852"
"562.3460","10.3948","2048.11001","-20.8854","2.9980"
"562.3510","10.4412","2145.83302","-20.8854","3.0410"
"562.3560","10.4912","2196.41447","-20.8854","3.1036"
"562.3610","10.5436","2177.35672","-20.8854","3.1868"
"562.3660","10.5971","2113.02304","-20.8854","3.2796"
"562.3710","10.6510","2094.05446","-20.8854","3.3574"
"562.3760","10.7045","2150.69747","-20.8854","3.4285"
"562.3810","10.7575","2223.20366","-20.8854","3.4900"
"562.3860","10.8097","2272.69745","-20.8854","3.5433"
"562.3910","10.8611","2276.67499","-20.8854","3.5842"
"562.3960","10.9117","2247.37334","-20.8854","3.6173"
"562.4010","10.9618","2250.97799","-20.8854","3.6420"
"562.4060","11.0114","2328.65047","-20.8854","3.6806"
"562.4110","11.0607","2419.71517","-20.8854","3.7574"
"562.4160","11.1098","2483.38938","-20.8854","3.8477"
"562.4210","11.1587","2501.11437","-20.8854","3.9032"
"562.4260","11.2076","2474.97320","-20.8854","3.9300"
"562.4300","11.2468","2463.54222","-20.8854","3.9449"
"562.4310","11.2565","2467.49711","-20.8854","3.9505"
"564.2160","15.3598","4010.45609","-20.8854","6.6023"
"564.2210","15.3598","4010.13756","-20.8854","6.6117"
"564.2260","15.3599","4025.36154","-20.8854","6.6160"
"564.2310","15.3604","4100.24214","-20.8854","6.6069"
"564.2360","15.3622","4226.35841","-20.8854","6.6014"
"564.2410","15.3663","4350.03996","-20.8854","6.6080"
"564.2460","15.3745","4430.48668","-20.8854","6.6512"
"564.2510","15.3883","4440.13405","-20.8854","6.7306"
"564.2560","15.4089","4376.10388","-20.8854","6.8347"
"564.2610","15.4369","4301.89514","-20.8854","6.9116"
"564.2660","15.4720","4298.23446","-20.8854","6.9388"
"564.2710","15.5134","4353.87897","-20.8854","6.9528"
"564.2760","15.5599","4406.74114","-20.8854","6.9962"
"564.2810","15.6099","4419.41500","-20.8854","7.0633"
"564.2860","15.6623","4387.06064","-20.8854","7.1385"
"564.2910","15.7158","4367.30719","-20.8854","7.2163"
"564.2960","15.7697","4405.60389","-20.8854","7.3059"
"564.3010","15.8233","4474.95842","-20.8854","7.3788"
"564.3060","15.8762","4527.85349","-20.8854","7.4218"
"564.3110","15.9284","4542.28401","-20.8854","7.4508"
"564.3160","15.9799","4513.68904","-20.8854","7.4877"
"564.3210","16.0306","4488.27791","-20.8854","7.5280"
"564.3260","16.0807","4517.80128","-20.8854","7.5409"
"564.3310","16.1304","4595.61062","-20.8854","7.5660"
"564.3360","16.1798","4663.92374","-20.8854","7.6242"
"564.3410","16.2290","4696.37728","-20.8854","7.6781"
"564.3460","16.2780","4683.23374","-20.8854","7.7326"
"564.3510","16.3270","4662.83178","-20.8854","7.7734"
"564.3550","16.3662","4680.71795","-20.8854","7.7812"
"564.3560","16.3760","4691.90311","-20.8854","7.7872"
"566.1470","20.4827","6044.27958","-20.8854","10.0987"
"566.1520","20.4827","6047.46866","-20.8854","10.0910"
"566.1570","20.4827","6065.07063","-20.8854","10.0708"
"566.1620","20.4833","6141.86954","-20.8854","10.0663"
"566.1670","20.4849","6267.63344","-20.8854","10.0906"
"566.1720","20.4888","6391.25586","-20.8854","10.1108"
"566.1770","20.4967","6474.30468","-20.8854","10.1362"
"566.1820","20.5101","6491.23716","-20.8854","10.2162"
"566.1870","20.5304","6452.54040","-20.8854","10.3329"
"566.1920","20.5581","6441.56694","-20.8854","10.4341"
"566.1970","20.5929","6501.29604","-20.8854","10.5109"
"566.2020","20.6340","6587.52012","-20.8854","10.5794"
"566.2070","20.6802","6648.97776","-20.8854","10.6353"
"566.2120","20.7301","6661.64303","-20.8854","10.6778"
"566.2170","20.7823","6651.30901","-20.8854","10.7021"
"566.2220","20.8357","6662.28580","-20.8854","10.7410"
"566.2270","20.8894","6720.35885","-20.8854","10.8100"
"566.2320","20.9429","6786.25631","-20.8854","10.8675"
"566.2370","20.9957","6829.00381","-20.8854","10.9020"
"566.2420","21.0479","6835.24227","-20.8854","10.9281"
"566.2470","21.0992","6819.50092","-20.8854","10.9602"
"566.2520","21.1499","6839.02931","-20.8854","10.9724"
"566.2570","21.2001","6901.03865","-20.8854","11.0051"
"566.2620","21.2498","6972.11504","-20.8854","11.0741"
"566.2670","21.2991","7017.78984","-20.8854","11.1430"
"566.2720","21.3483","7027.25935","-20.8854","11.2109"
"566.2770","21.3974","7014.11104","-20.8854","11.2673"
"566.2820","21.4464","7027.93407","-20.8854","11.2936"
"566.2860","21.4857","7073.00758","-20.8854","11.2981"
"566.2870","21.4955","7087.28743","-20.8854","11.3021"
"568.0650","25.6011","8212.48436","-20.8854","13.1082"
"568.0700","25.6011","8210.89649","-20.8854","13.1128"
"568.0750","25.6012","8230.01099","-20.8854","13.1263"
"568.0800","25.6018","8316.37001","-20.8854","13.1556"
"568.0850","25.6035","8450.00839","-20.8854","13.2145"
"568.0900","25.6076","8578.20225","-20.8854","13.2694"
"568.0950","25.6157","8663.46550","-20.8854","13.3428"
"568.1000","25.6294","8689.81361","-20.8854","13.4386"
"568.1050","25.6501","8693.87054","-20.8854","13.5282"
"568.1100","25.6781","8747.02263","-20.8854","13.5871"
"568.1150","25.7133","8844.63882","-20.8854","13.6180"
"568.1200","25.7548","8938.18474","-20.8854","13.6381"
"568.1250","25.8013","8994.95888","-20.8854","13.6736"
"568.1300","25.8515","9023.00453","-20.8854","13.7216"
"568.1350","25.9039","9070.34492","-20.8854","13.7574"
"568.1400","25.9575","9150.33054","-20.8854","13.8036"
"568.1450","26.0114","9236.75442","-20.8854","13.8712"
"568.1500","26.0649","9293.21003","-20.8854","13.9416"
"568.1550","26.1179","9305.57442","-20.8854","13.9874"
"568.1600","26.1700","9282.34196","-20.8854","14.0358"
"568.1650","26.2214","9282.32574","-20.8854","14.0813"
"568.1700","26.2721","9332.90672","-20.8854","14.1212"
"568.1750","26.3223","9406.60000","-20.8854","14.1779"
"568.1800","26.3719","9462.26311","-20.8854","14.2595"
"568.1850","26.4213","9481.08959","-20.8854","14.3470"
"568.1900","26.4705","9469.00177","-20.8854","14.4095"
"568.1950","26.5195","9481.38046","-20.8854","14.4289"
"568.2000","26.5684","9545.44067","-20.8854","14.4240"
"568.2040","26.6076","9613.94978","-20.8854","14.4353"
"568.2050","26.6174","9629.94862","-20.8854","14.4433"
"569.9860","30.7202","10361.22608","-20.8854","15.9593"
"569.9910","30.7202","10362.66422","-20.8854","15.9703"
"569.9960","30.7203","10383.23784","-20.8854","15.9805"
"570.0010","30.7208","10471.77887","-20.8854","16.0038"
"570.0060","30.7225","10609.47800","-20.8854","16.0433"
"570.0110","30.7265","10745.08476","-20.8854","16.1069"
"570.0160","30.7344","10842.33093","-20.8854","16.1824"
"570.0210","30.7478","10899.01257","-20.8854","16.2667"
"570.0260","30.7680","10978.65963","-20.8854","16.3513"
"570.0310","30.7956","11104.64573","-20.8854","16.4005"
"570.0360","30.8305","11241.09459","-20.8854","16.4148"
"570.0410","30.8716","11350.87013","-20.8854","16.4189"
"570.0460","30.9179","11416.99219","-20.8854","16.4372"
"570.0510","30.9678","11482.85770","-20.8854","16.4684"
"570.0560","31.0201","11576.67923","-20.8854","16.4861"
"570.0610","31.0735","11678.31898","-20.8854","16.5241"
"570.0660","31.1273","11752.01130","-20.8854","16.5909"
"570.0710","31.1808","11778.46241","-20.8854","16.6753"
"570.0760","31.2338","11760.32925","-20.8854","16.7479"
"570.0810","31.2860","11742.63763","-20.8854","16.8063"
"570.0860","31.3374","11786.22818","-20.8854","16.8446"
"570.0910","31.3882","11865.19432","-20.8854","16.8780"
"570.0960","31.4385","11936.80954","-20.8854","16.9390"
"570.1010","31.4882","11971.15993","-20.8854","17.0165"
"570.1060","31.5376","11961.03954","-20.8854","17.0998"
"570.1110","31.5867","11938.07507","-20.8854","17.1434"
"570.1160","31.6357","11969.59019","-20.8854","17.1359"
"570.1210","31.6845","12049.09420","-20.8854","17.1326"
"570.1250","31.7236","12113.51681","-20.8854","17.1641"
"570.1260","31.7334","12126.74236","-20.8854","17.1717"
"571.9060","35.8395","12823.60840","-20.8854","18.4186"
"571.9110","35.8395","12821.86604","-20.8854","18.4507"
"571.9160","35.8396","12838.46092","-20.8854","18.4766"
"571.9210","35.8401","12917.11617","-20.8854","18.5164"
"571.9260","35.8417","13038.74874","-20.8854","18.5829"
"571.9310","35.8456","13158.86402","-20.8854","18.6528"
"571.9360","35.8534","13255.26714","-20.8854","18.7139"
"571.9410","35.8667","13349.14398","-20.8854","18.7881"
"571.9460","35.8868","13490.38696","-20.8854","18.8441"
"571.9510","35.9142","13649.36543","-20.8854","18.8804"
"571.9560","35.9488","13785.24399","-20.8854","18.8848"
"571.9610","35.9897","13878.51810","-20.8854","18.8744"
"571.9660","36.0358","13946.14601","-20.8854","18.8774"
"571.9710","36.0856","14044.25621","-20.8854","18.8869"
"571.9760","36.1377","14171.97323","-20.8854","18.9165"
"571.9810","36.1911","14282.49359","-20.8854","18.9784"
"571.9860","36.2449","14347.99194","-20.8854","19.0580"
"571.9910","36.2984","14361.70959","-20.8854","19.1456"
"571.9960","36.3513","14349.73621","-20.8854","19.2218"
"572.0010","36.4036","14375.88406","-20.8854","19.2658"
"572.0060","36.4551","14450.16098","-20.8854","19.2767"
"572.0110","36.5060","14526.90792","-20.8854","19.2960"
"572.0160","36.5562","14574.30935","-20.8854","19.3518"
"572.0210","36.6060","14582.16286","-20.8854","19.4266"
"572.0260","36.6555","14570.80460","-20.8854","19.4997"
"572.0310","36.7047","14593.88447","-20.8854","19.5705"
"572.0360","36.7538","14680.31120","-20.8854","19.6290"
"572.0410","36.8027","14780.14374","-20.8854","19.6791"
"572.0450","36.8418","14838.86337","-20.8854","19.7162"
"572.0460","36.8516","14848.62995","-20.8854","19.7214"
"573.8280","40.9536","15318.42613","-20.8854","20.7168"
"573.8330","40.9536","15318.57491","-20.8854","20.7465"
"573.8380","40.9537","15336.96270","-20.8854","20.7609"
"573.8430","40.9542","15422.74284","-20.8854","20.7702"
"573.8480","40.9558","15562.52575","-20.8854","20.7836"
"573.8530","40.9597","15703.72677","-20.8854","20.8113"
"573.8580","40.9675","15834.45644","-20.8854","20.8520"
"573.8630","40.9808","15999.15314","-20.8854","20.8896"
"573.8680","41.0009","16207.61490","-20.8854","20.9305"
"573.8730","41.0285","16409.24644","-20.8854","20.9735"
"573.8780","41.0632","16567.62505","-20.8854","20.9977"
"573.8830","41.1043","16676.57280","-20.8854","21.0175"
"573.8880","41.1505","16787.94479","-20.8854","21.0114"
"573.8930","41.2004","16942.07764","-20.8854","21.0097"
"573.8980","41.2526","17090.40070","-20.8854","21.0182"
"573.9030","41.3060","17191.34521","-20.8854","21.0713"
"573.9080","41.3597","17223.92464","-20.8854","21.1697"
"573.9130","41.4132","17198.94409","-20.8854","21.2843"
"573.9180","41.4661","17178.81775","-20.8854","21.3832"
"573.9230","41.5183","17229.09355","-20.8854","21.4556"
"573.9280","41.5698","17319.04793","-20.8854","21.5012"
"573.9330","41.6205","17396.20781","-20.8854","21.5391"
"573.9380","41.6707","17430.42183","-20.8854","21.5851"
"573.9430","41.7204","17415.86304","-20.8854","21.6561"
"573.9480","41.7698","17399.40643","-20.8854","21.7234"
"573.9530","41.8190","17456.47621","-20.8854","21.7476"
"573.9580","41.8680","17566.77437","-20.8854","21.7612"
"573.9630","41.9170","17668.35403","-20.8854","21.7774"
"573.9670","41.9561","17718.03093","-20.8854","21.7975"
"573.9680","41.9659","17724.78676","-20.8854","21.8054"
"575.7480","46.0680","18195.15800","-20.8854","22.9359"
"575.7530","46.0680","18197.50214","-20.8854","22.9406"
"575.7580","46.0680","18214.19907","-20.8854","22.9379"
"575.7630","46.0686","18295.99190","-20.8854","22.9397"
"575.7680","46.0702","18433.87985","-20.8854","22.9557"
"575.7730","46.0742","18588.82713","-20.8854","22.9900"
"575.7780","46.0821","18781.66199","-20.8854","23.0195"
"575.7830","46.0956","19038.46550","-20.8854","23.0480"
"575.7880","46.1160","19314.56757","-20.8854","23.1088"
"575.7930","46.1438","19552.56653","-20.8854","23.1732"
"575.7980","46.1788","19727.62299","-20.8854","23.2031"
"575.8030","46.2201","19875.50735","-20.8854","23.2105"
"575.8080","46.2665","20057.71637","-20.8854","23.2027"
"575.8130","46.3166","20263.50594","-20.8854","23.2184"
"575.8180","46.3690","20434.47495","-20.8854","23.2597"
"575.8230","46.4226","20532.74345","-20.8854","23.3392"
"575.8280","46.4765","20549.78180","-20.8854","23.4426"
"575.8330","46.5301","20529.51241","-20.8854","23.5263"
"575.8380","46.5831","20554.32701","-20.8854","23.5494"
"575.8430","46.6353","20649.61815","-20.8854","23.5503"
"575.8480","46.6867","20756.96564","-20.8854","23.5811"
"575.8530","46.7374","20825.37079","-20.8854","23.6189"
"575.8580","46.7875","20833.96149","-20.8854","23.6566"
"575.8630","46.8372","20802.51694","-20.8854","23.7093"
"575.8680","46.8865","20813.82370","-20.8854","23.7552"
"575.8730","46.9356","20899.41025","-20.8854","23.7890"
"575.8780","46.9846","21006.54984","-20.8854","23.8207"
"575.8830","47.0335","21080.79338","-20.8854","23.8807"
"575.8870","47.0727","21098.90938","-20.8854","23.9307"
"575.8880","47.0825","21097.08214","-20.8854","23.9435"
"577.6670","51.1846","22086.49635","-20.8854","25.6936"
"577.6720","51.1846","22085.19363","-20.8854","25.6957"
"577.6770","51.1847","22101.05515","-20.8854","25.6905"
"577.6820","51.1852","22190.76347","-20.8854","25.6770"
"577.6870","51.1869","22358.15811","-20.8854","25.7063"
"577.6920","51.1909","22601.53389","-20.8854","25.7653"
"577.6970","51.1988","22933.56133","-20.8854","25.8238"
"577.7020","51.2123","23332.29637","-20.8854","25.9199"
"577.7070","51.2326","23723.57750","-20.8854","26.0670"
"577.7120","51.2602","24055.98450","-20.8854","26.2144"
"577.7170","51.2951","24314.11362","-20.8854","26.3330"
"577.7220","51.3363","24565.38963","-20.8854","26.4409"
"577.7270","51.3826","24860.07118","-20.8854","26.5325"
"577.7320","51.4325","25152.09579","-20.8854","26.6465"
"577.7370","51.4848","25381.72722","-20.8854","26.7886"
"577.7420","51.5383","25516.52145","-20.8854","26.9672"
"577.7470","51.5921","25564.25476","-20.8854","27.1251"
"577.7520","51.6457","25612.09297","-20.8854","27.2351"
"577.7570","51.6986","25722.67342","-20.8854","27.2917"
"577.7620","51.7508","25864.77852","-20.8854","27.3317"
"577.7670","51.8022","25988.47008","-20.8854","27.4019"
"577.7720","51.8528","26057.38449","-20.8854","27.4978"
"577.7770","51.9029","26070.63293","-20.8854","27.6145"
"577.7820","51.9525","26090.96527","-20.8854","27.7479"
"577.7870","52.0019","26191.62178","-20.8854","27.8512"
"577.7920","52.0510","26348.70529","-20.8854","27.9606"
"577.7970","52.1000","26506.11877","-20.8854","28.0877"
"577.8020","52.1489","26619.73190","-20.8854","28.2191"
"577.8060","52.1881","26667.09137","-20.8854","28.3347"
"577.8070","52.1979","26672.98508","-20.8854","28.3659"
"591.2880","0.0008","-24588.58299","-30.8763","-4.6710"
"591.2930","0.0008","-24583.75359","-30.8763","-4.6463"
"591.2980","0.0009","-24536.29112","-30.8763","-4.6565"
"591.3030","0.0017","-24228.94096","-30.8763","-4.6570"
"591.3080","0.0044","-23213.63068","-30.8763","-4.6177"
"591.3130","0.0105","-21187.16049","-30.8763","-4.5491"
"591.3180","0.0220","-18537.57477","-30.8763","-4.3882"
"591.3230","0.0402","-15725.56591","-30.8763","-4.1475"
"591.3280","0.0660","-13039.18362","-30.8763","-3.8604"
"591.3330","0.0992","-10651.03912","-30.8763","-3.5649"
"591.3380","0.1392","-8595.96348","-30.8763","-3.2761"
"591.3430","0.1846","-6832.70693","-30.8763","-2.9410"
"591.3480","0.2340","-5420.69054","-30.8763","-2.5513"
"591.3530","0.2860","-4379.40931","-30.8763","-2.1402"
"591.3580","0.3394","-3677.88887","-30.8763","-1.7264"
"591.3630","0.3932","-3268.56589","-30.8763","-1.3133"
"591.3680","0.4468","-3064.95285","-30.8763","-0.9277"
"591.3730","0.4998","-2907.96638","-30.8763","-0.6034"
"591.3780","0.5520","-2780.62439","-30.8763","-0.3333"
"591.3830","0.6034","-2707.38244","-30.8763","-0.0858"
"591.3880","0.6542","-2691.46776","-30.8763","0.1550"
"591.3930","0.7043","-2736.50622","-30.8763","0.3794"
"591.3980","0.7539","-2817.02089","-30.8763","0.5787"
"591.4030","0.8032","-2826.87593","-30.8763","0.7482"
"591.4080","0.8523","-2772.43400","-30.8763","0.9008"
"591.4130","0.9012","-2706.42090","-30.8763","1.0318"
"591.4180","0.9501","-2652.26746","-30.8763","1.1326"
"591.4230","0.9989","-2638.32831","-30.8763","1.2101"
"591.4240","1.0087","-2641.73627","-30.8763","1.2258"
"591.4250","1.0184","-2646.90709","-30.8763","1.2449"
"593.2080","5.1231","-1459.50103","-30.8763","1.3964"
"593.2130","5.1231","-1458.56011","-30.8763","1.4004"
"593.2180","5.1231","-1444.55743","-30.8763","1.3932"
"593.2230","5.1237","-1387.71880","-30.8763","1.3737"
"593.2280","5.1253","-1279.90043","-30.8763","1.3711"
"593.2330","5.1293","-1130.06818","-30.8763","1.3616"
"593.2380","5.1372","-929.33869","-30.8763","1.3658"
"593.2430","5.1506","-730.53378","-30.8763","1.3770"
"593.2480","5.1709","-573.11577","-30.8763","1.4252"
"593.2530","5.1986","-469.96865","-30.8763","1.4741"
"593.2580","5.2335","-408.99295","-30.8763","1.4805"
"593.2630","5.2748","-313.14284","-30.8763","1.4695"
"593.2680","5.3211","-175.45913","-30.8763","1.4739"
"593.2730","5.3711","-50.75568","-30.8763","1.4829"
"593.2780","5.4234","26.37106","-30.8763","1.5123"
"593.2830","5.4769","42.90017","-30.8763","1.5710"
"593.2880","5.5307","4.62621","-30.8763","1.6609"
"593.2930","5.5842","-7.16188","-30.8763","1.7492"
"593.2980","5.6371","42.75342","-30.8763","1.8034"
"593.3030","5.6892","107.71147","-30.8763","1.8322"
"593.3080","5.7406","157.04508","-30.8763","1.8596"
"593.3130","5.7913","172.62882","-30.8763","1.8878"
"593.3180","5.8415","155.77726","-30.8763","1.9417"
"593.3230","5.8912","175.38448","-30.8763","2.0124"
"593.3280","5.9405","248.36583","-30.8763","2.0740"
"593.3330","5.9897","326.74280","-30.8763","2.1123"
"593.3380","6.0387","382.12559","-30.8763","2.1400"
"593.3430","6.0876","396.38975","-30.8763","2.1608"
"593.3470","6.1268","370.58994","-30.8763","2.1703"
"593.3480","6.1366","361.46858","-30.8763","2.1719"
"595.1290","10.2398","993.56693","-30.8763","5.1210"
"595.1340","10.2398","997.72835","-30.8763","5.1205"
"595.1390","10.2399","1011.40475","-30.8763","5.1169"
"595.1440","10.2404","1064.77344","-30.8763","5.1068"
"595.1490","10.2421","1162.97710","-30.8763","5.1061"
"595.1540","10.2462","1322.07286","-30.8763","5.1082"
"595.1590","10.2543","1509.89938","-30.8763","5.1199"
"595.1640","10.2681","1677.99067","-30.8763","5.1495"
"595.1690","10.2886","1800.95184","-30.8763","5.1909"
"595.1740","10.3165","1876.09494","-30.8763","5.2028"
"595.1790","10.3516","1925.56739","-30.8763","5.1870"
"595.1840","10.3931","2013.88288","-30.8763","5.1589"
"595.1890","10.4395","2124.38369","-30.8763","5.1652"
"595.1940","10.4896","2213.40990","-30.8763","5.2082"
"595.1990","10.5420","2260.36000","-30.8763","5.2704"
"595.2040","10.5956","2260.82945","-30.8763","5.3340"
"595.2090","10.6494","2239.34245","-30.8763","5.3911"
"595.2140","10.7030","2264.14943","-30.8763","5.4603"
"595.2190","10.7559","2320.80936","-30.8763","5.5186"
"595.2240","10.8081","2375.86761","-30.8763","5.5608"
"595.2290","10.8595","2412.59551","-30.8763","5.6052"
"595.2340","10.9101","2418.65301","-30.8763","5.6547"
"595.2390","10.9602","2403.92661","-30.8763","5.7052"
"595.2440","11.0098","2430.86672","-30.8763","5.7430"
"595.2490","11.0591","2490.97633","-30.8763","5.7893"
"595.2540","11.1081","2550.64654","-30.8763","5.8229"
"595.2590","11.1571","2590.76595","-30.8763","5.8413"
"595.2640","11.2059","2596.28272","-30.8763","5.8621"
"595.2680","11.2451","2577.47698","-30.8763","5.8898"
"595.2690","11.2549","2572.56365","-30.8763","5.9002"
"597.0500","15.3572","3777.80700","-30.8763","8.5052"
"597.0550","15.3572","3777.20094","-30.8763","8.5203"
"597.0600","15.3573","3791.14771","-30.8763","8.5275"
"597.0650","15.3578","3849.00761","-30.8763","8.5248"
"597.0700","15.3595","3950.41656","-30.8763","8.5191"
"597.0750","15.3636","4068.14766","-30.8763","8.5338"
"597.0800","15.3717","4169.07692","-30.8763","8.5526"
"597.0850","15.3855","4230.39341","-30.8763","8.5953"
"597.0900","15.4060","4247.82038","-30.8763","8.6583"
"597.0950","15.4340","4236.58943","-30.8763","8.7028"
"597.1000","15.4690","4250.21315","-30.8763","8.7041"
"597.1050","15.5104","4312.97302","-30.8763","8.6785"
"597.1100","15.5568","4387.58850","-30.8763","8.6859"
"597.1150","15.6068","4440.79685","-30.8763","8.7185"
"597.1200","15.6592","4458.52375","-30.8763","8.7851"
"597.1250","15.7127","4446.29192","-30.8763","8.8783"
"597.1300","15.7665","4455.21450","-30.8763","8.9764"
"597.1350","15.8201","4498.10648","-30.8763","9.0545"
"597.1400","15.8730","4546.22793","-30.8763","9.0952"
"597.1450","15.9253","4580.11818","-30.8763","9.1226"
"597.1500","15.9767","4590.41595","-30.8763","9.1568"
"597.1550","16.0274","4574.17440","-30.8763","9.2128"
"597.1600","16.0776","4574.01514","-30.8763","9.2428"
"597.1650","16.1273","4613.86442","-30.8763","9.2822"
"597.1700","16.1767","4667.69743","-30.8763","9.3330"
"597.1750","16.2259","4712.68177","-30.8763","9.3877"
"597.1800","16.2749","4738.62696","-30.8763","9.4459"
"597.1850","16.3239","4736.47642","-30.8763","9.4822"
"597.1890","16.3631","4732.30648","-30.8763","9.5028"
"597.1900","16.3729","4735.10313","-30.8763","9.5096"
"598.9810","20.4797","6349.40529","-30.8763","11.6236"
"598.9860","20.4797","6349.86496","-30.8763","11.6381"
"598.9910","20.4798","6360.14175","-30.8763","11.6303"
"598.9960","20.4803","6403.29790","-30.8763","11.6294"
"599.0010","20.4820","6469.06853","-30.8763","11.6397"
"599.0060","20.4859","6531.26335","-30.8763","11.6542"
"599.0110","20.4938","6569.32163","-30.8763","11.6980"
"599.0160","20.5072","6570.76788","-30.8763","11.7672"
"599.0210","20.5275","6537.24289","-30.8763","11.8447"
"599.0260","20.5551","6499.75586","-30.8763","11.9010"
"599.0310","20.5900","6508.21018","-30.8763","11.9326"
"599.0360","20.6311","6551.44310","-30.8763","11.9487"
"599.0410","20.6773","6597.28527","-30.8763","11.9782"
"599.0460","20.7272","6624.73965","-30.8763","12.0197"
"599.0510","20.7794","6620.38183","-30.8763","12.0746"
"599.0560","20.8329","6606.90355","-30.8763","12.1369"
"599.0610","20.8866","6625.48876","-30.8763","12.2024"
"599.0660","20.9401","6666.94880","-30.8763","12.2572"
"599.0710","20.9930","6709.87988","-30.8763","12.2955"
"599.0760","21.0451","6741.24050","-30.8763","12.3356"
"599.0810","21.0965","6751.30844","-30.8763","12.3734"
"599.0860","21.1471","6754.12226","-30.8763","12.4095"
"599.0910","21.1973","6787.01448","-30.8763","12.4626"
"599.0960","21.2469","6847.33772","-30.8763","12.5045"
"599.1010","21.2963","6908.88453","-30.8763","12.5200"
"599.1060","21.3454","6958.00066","-30.8763","12.5317"
"599.1110","21.3945","6986.77874","-30.8763","12.5584"
"599.1160","21.4435","7007.06291","-30.8763","12.5834"
"599.1200","21.4828","7038.76019","-30.8763","12.5975"
"599.1210","21.4926","7048.82145","-30.8763","12.6022"
"600.9010","25.5985","8613.75427","-30.8763","14.4955"
"600.9060","25.5986","8614.59255","-30.8763","14.4995"
"600.9110","25.5986","8627.75803","-30.8763","14.4998"
"600.9160","25.5992","8669.86179","-30.8763","14.5085"
"600.9210","25.6008","8727.46563","-30.8763","14.5450"
"600.9260","25.6049","8774.16134","-30.8763","14.5847"
"600.9310","25.6130","8792.97924","-30.8763","14.6401"
"600.9360","25.6267","8777.15588","-30.8763","14.7208"
"600.9410","25.6472","8734.56383","-30.8763","14.8098"
"600.9460","25.6752","8711.18259","-30.8763","14.8681"
"600.9510","25.7104","8744.97032","-30.8763","14.9046"
"600.9560","25.7518","8811.12671","-30.8763","14.9264"
"600.9610","25.7983","8875.80872","-30.8763","14.9476"
"600.9660","25.8485","8920.68958","-30.8763","14.9808"
"600.9710","25.9009","8947.96276","-30.8763","15.0268"
"600.9760","25.9545","8985.01968","-30.8763","15.0725"
"600.9810","26.0083","9035.68459","-30.8763","15.1214"
"600.9860","26.0618","9083.77743","-30.8763","15.1729"
"600.9910","26.1148","9120.56541","-30.8763","15.2073"
"600.9960","26.1669","9141.02650","-30.8763","15.2135"
"601.0010","26.2183","9150.22659","-30.8763","15.2209"
"601.0060","26.2690","9182.72972","-30.8763","15.2369"
"601.0110","26.3192","9238.21545","-30.8763","15.2624"
"601.0160","26.3688","9297.51015","-30.8763","15.3164"
"601.0210","26.4182","9343.83488","-30.8763","15.3867"
"601.0260","26.4673","9374.26567","-30.8763","15.4520"
"601.0310","26.5163","9390.90538","-30.8763","15.4879"
"601.0360","26.5653","9423.48003","-30.8763","15.5086"
"601.0400","26.6044","9462.17728","-30.8763","15.5400"
"601.0410","26.6142","9472.05734","-30.8763","15.5547"
"602.8210","30.7211","10831.35319","-30.8763","17.2040"
"602.8260","30.7211","10830.14297","-30.8763","17.1972"
"602.8310","30.7212","10839.77222","-30.8763","17.1867"
"602.8360","30.7217","10882.88403","-30.8763","17.1625"
"602.8410","30.7234","10947.77107","-30.8763","17.1399"
"602.8460","30.7274","11009.46999","-30.8763","17.1576"
"602.8510","30.7353","11049.25919","-30.8763","17.2015"
"602.8560","30.7488","11059.75914","-30.8763","17.2490"
"602.8610","30.7691","11065.48786","-30.8763","17.3109"
"602.8660","30.7968","11102.15855","-30.8763","17.3610"
"602.8710","30.8317","11160.85148","-30.8763","17.3833"
"602.8760","30.8729","11223.23608","-30.8763","17.3979"
"602.8810","30.9192","11275.12455","-30.8763","17.4371"
"602.8860","30.9692","11317.34085","-30.8763","17.4985"
"602.8910","31.0216","11375.04578","-30.8763","17.5621"
"602.8960","31.0751","11439.54182","-30.8763","17.6541"
"602.9010","31.1289","11494.38286","-30.8763","17.7615"
"602.9060","31.1824","11531.20613","-30.8763","17.8507"
"602.9110","31.2353","11551.88179","-30.8763","17.9040"
"602.9160","31.2875","11560.71186","-30.8763","17.9264"
"602.9210","31.3389","11590.72208","-30.8763","17.9481"
"602.9260","31.3896","11645.66422","-30.8763","17.9783"
"602.9310","31.4398","11705.36232","-30.8763","18.0321"
"602.9360","31.4896","11752.30503","-30.8763","18.0857"
"602.9410","31.5390","11781.39687","-30.8763","18.1303"
"602.9460","31.5881","11799.23916","-30.8763","18.1754"
"602.9510","31.6371","11832.02457","-30.8763","18.2058"
"602.9560","31.6860","11888.26370","-30.8763","18.2210"
"602.9600","31.7251","11937.35981","-30.8763","18.2332"
"602.9610","31.7349","11948.38238","-30.8763","18.2370"
"604.7410","35.8421","13256.24466","-30.8763","19.5129"
"604.7460","35.8421","13256.52122","-30.8763","19.4952"
"604.7510","35.8422","13268.86559","-30.8763","19.4825"
"604.7560","35.8427","13314.99672","-30.8763","19.4896"
"604.7610","35.8443","13386.08074","-30.8763","19.5159"
"604.7660","35.8482","13454.94556","-30.8763","19.5500"
"604.7710","35.8560","13501.67084","-30.8763","19.5887"
"604.7760","35.8693","13530.28393","-30.8763","19.6405"
"604.7810","35.8894","13581.94637","-30.8763","19.6965"
"604.7860","35.9169","13657.29809","-30.8763","19.7437"
"604.7910","35.9515","13740.34882","-30.8763","19.7738"
"604.7960","35.9926","13818.41087","-30.8763","19.7774"
"604.8010","36.0387","13885.31399","-30.8763","19.7797"
"604.8060","36.0886","13964.07986","-30.8763","19.7919"
"604.8110","36.1408","14053.92647","-30.8763","19.8266"
"604.8160","36.1942","14128.98636","-30.8763","19.9068"
"604.8210","36.2480","14172.52541","-30.8763","20.0102"
"604.8260","36.3015","14188.54141","-30.8763","20.0963"
"604.8310","36.3545","14188.48133","-30.8763","20.1515"
"604.8360","36.4067","14207.93343","-30.8763","20.1902"
"604.8410","36.4582","14265.96832","-30.8763","20.2201"
"604.8460","36.5090","14337.26978","-30.8763","20.2402"
"604.8510","36.5592","14396.54732","-30.8763","20.2791"
"604.8560","36.6090","14437.22057","-30.8763","20.3261"
"604.8610","36.6584","14462.36801","-30.8763","20.3787"
"604.8660","36.7076","14494.67945","-30.8763","20.4276"
"604.8710","36.7567","14561.51390","-30.8763","20.4805"
"604.8760","36.8056","14637.70866","-30.8763","20.5036"
"604.8800","36.8447","14686.50150","-30.8763","20.5175"
"604.8810","36.8545","14695.83035","-30.8763","20.5191"
"606.6600","40.9565","15816.09631","-30.8763","21.5476"
"606.6650","40.9565","15814.22424","-30.8763","21.5511"
"606.6700","40.9566","15824.76711","-30.8763","21.5388"
"606.6750","40.9571","15875.89264","-30.8763","21.5181"
"606.6800","40.9587","15956.57921","-30.8763","21.5101"
"606.6850","40.9626","16036.61156","-30.8763","21.5253"
"606.6900","40.9703","16105.42297","-30.8763","21.5498"
"606.6950","40.9836","16188.31253","-30.8763","21.5971"
"606.7000","41.0038","16302.05727","-30.8763","21.6591"
"606.7050","41.0313","16419.69490","-30.8763","21.7083"
"606.7100","41.0661","16524.81079","-30.8763","21.7409"
"606.7150","41.1072","16612.60986","-30.8763","21.7663"
"606.7200","41.1534","16703.88412","-30.8763","21.7929"
"606.7250","41.2033","16822.47925","-30.8763","21.8257"
"606.7300","41.2555","16934.83925","-30.8763","21.8869"
"606.7350","41.3089","17013.35526","-30.8763","21.9553"
"606.7400","41.3627","17048.00415","-30.8763","22.0320"
"606.7450","41.4161","17050.52567","-30.8763","22.0936"
"606.7500","41.4690","17052.92892","-30.8763","22.1343"
"606.7550","41.5212","17096.81320","-30.8763","22.1495"
"606.7600","41.5726","17170.53604","-30.8763","22.1714"
"606.7650","41.6233","17237.91313","-30.8763","22.2154"
"606.7700","41.6735","17280.06935","-30.8763","22.2887"
"606.7750","41.7233","17295.80307","-30.8763","22.3673"
"606.7800","41.7727","17312.22725","-30.8763","22.4464"
"606.7850","41.8219","17373.13652","-30.8763","22.5036"
"606.7900","41.8709","17469.23637","-30.8763","22.5483"
"606.7950","41.9199","17559.94797","-30.8763","22.5872"
"606.7990","41.9590","17610.97717","-30.8763","22.6060"
"606.8000","41.9688","17619.88258","-30.8763","22.6113"
"608.5800","46.0720","18798.55537","-30.8763","23.4975"
"608.5850","46.0720","18798.07663","-30.8763","23.4869"
"608.5900","46.0720","18812.21199","-30.8763","23.4697"
"608.5950","46.0726","18867.65289","-30.8763","23.4600"
"608.6000","46.0742","18950.04463","-30.8763","23.4654"
"608.6050","46.0782","19034.92165","-30.8763","23.4831"
"608.6100","46.0862","19147.01271","-30.8763","23.5085"
"608.6150","46.0998","19299.51859","-30.8763","23.5626"
"608.6200","46.1202","19463.25111","-30.8763","23.6501"
"608.6250","46.1481","19607.85484","-30.8763","23.7262"
"608.6300","46.1832","19724.61319","-30.8763","23.7682"
"608.6350","46.2246","19842.54265","-30.8763","23.7968"
"608.6400","46.2711","19996.04225","-30.8763","23.8385"
"608.6450","46.3212","20162.28676","-30.8763","23.8987"
"608.6500","46.3737","20300.43221","-30.8763","23.9641"
"608.6550","46.4273","20385.00595","-30.8763","24.0453"
"608.6600","46.4812","20412.30774","-30.8763","24.1277"
"608.6650","46.5347","20421.00716","-30.8763","24.1931"
"608.6700","46.5877","20469.14101","-30.8763","24.2368"
"608.6750","46.6398","20558.84361","-30.8763","24.2752"
"608.6800","46.6912","20655.72739","-30.8763","24.3349"
"608.6850","46.7419","20728.68347","-30.8763","24.3966"
"608.6900","46.7920","20764.93835","-30.8763","24.4689"
"608.6950","46.8417","20781.22330","-30.8763","24.5598"
"608.7000","46.8910","20839.26392","-30.8763","24.6496"
"608.7050","46.9401","20935.44006","-30.8763","24.6973"
"608.7100","46.9891","21033.77342","-30.8763","24.7061"
"608.7150","47.0381","21103.13416","-30.8763","24.7038"
"608.7190","47.0772","21128.75175","-30.8763","24.7119"
"608.7200","47.0870","21131.06728","-30.8763","24.7186"
"610.4990","51.1905","23532.62138","-30.8763","27.0281"
"610.5040","51.1905","23529.00696","-30.8763","27.0326"
"610.5090","51.1906","23540.92789","-30.8763","27.0296"
"610.5140","51.1911","23604.89082","-30.8763","27.0319"
"610.5190","51.1927","23728.07884","-30.8763","27.0884"
"610.5240","51.1968","23944.91768","-30.8763","27.1934"
"610.5290","51.2048","24241.83655","-30.8763","27.3675"
"610.5340","51.2183","24566.85638","-30.8763","27.5931"
"610.5390","51.2387","24883.79860","-30.8763","27.8555"
"610.5440","51.2665","25176.19514","-30.8763","28.1234"
"610.5490","51.3014","25451.42746","-30.8763","28.3816"
"610.5540","51.3427","25754.79698","-30.8763","28.6345"
"610.5590","51.3891","26072.69287","-30.8763","28.8904"
"610.5640","51.4391","26372.04742","-30.8763","29.1635"
"610.5690","51.4914","26625.63515","-30.8763","29.4402"
"610.5740","51.5449","26825.14954","-30.8763","29.7055"
"610.5790","51.5987","26980.60226","-30.8763","29.9658"
"610.5840","51.6522","27140.79666","-30.8763","30.2221"
"610.5890","51.7051","27320.97244","-30.8763","30.4445"
"610.5940","51.7572","27499.78447","-30.8763","30.6401"
"610.5990","51.8086","27653.66173","-30.8763","30.8191"
"610.6040","51.8593","27771.43669","-30.8763","31.0009"
"610.6090","51.9093","27845.63828","-30.8763","31.1815"
"610.6140","51.9590","27905.09605","-30.8763","31.3323"
"610.6190","52.0083","27989.81094","-30.8763","31.4918"
"610.6240","52.0573","28104.12025","-30.8763","31.6527"
"610.6290","52.1063","28234.68399","-30.8763","31.7855"
"610.6340","52.1552","28368.61801","-30.8763","31.9012"
"610.6380","52.1944","28468.42766","-30.8763","31.9876"
"610.6390","52.2042","28491.90903","-30.8763","32.0113"
"624.1220","0.0009","-27957.38411","-40.8672","-2.4503"
"624.1270","0.0009","-27954.73480","-40.8672","-2.4403"
"624.1320","0.0010","-27909.35135","-40.8672","-2.4452"
"624.1370","0.0018","-27600.11864","-40.8672","-2.4224"
"624.1420","0.0044","-26580.87540","-40.8672","-2.3424"
"624.1470","0.0106","-24504.90379","-40.8672","-2.1872"
"624.1520","0.0220","-21669.48700","-40.8672","-1.9048"
"624.1570","0.0403","-18574.60213","-40.8672","-1.5145"
"624.1620","0.0661","-15550.02975","-40.8672","-1.0152"
"624.1670","0.0993","-12800.96340","-40.8672","-0.4489"
"624.1720","0.1393","-10426.03588","-40.8672","0.1488"
"624.1770","0.1847","-8402.08912","-40.8672","0.7748"
"624.1820","0.2341","-6755.86843","-40.8672","1.4267"
"624.1870","0.2860","-5503.32594","-40.8672","2.1003"
"624.1920","0.3394","-4613.90114","-40.8672","2.7616"
"624.1970","0.3931","-4039.52456","-40.8672","3.3682"
"624.2020","0.4467","-3710.79040","-40.8672","3.8894"
"624.2070","0.4996","-3507.60889","-40.8672","4.3366"
"624.2120","0.5518","-3357.84817","-40.8672","4.6911"
"624.2170","0.6033","-3271.17372","-40.8672","4.9716"
"624.2220","0.6540","-3238.88111","-40.8672","5.2124"
"624.2270","0.7042","-3255.71871","-40.8672","5.4332"
"624.2320","0.7539","-3313.65299","-40.8672","5.6250"
"624.2370","0.8032","-3344.14697","-40.8672","5.7733"
"624.2420","0.8523","-3305.66406","-40.8672","5.9012"
"624.2470","0.9013","-3237.95772","-40.8672","6.0047"
"624.2520","0.9502","-3164.26110","-40.8672","6.0798"
"624.2570","0.9990","-3104.96378","-40.8672","6.1299"
"624.2580","1.0088","-3097.11599","-40.8672","6.1344"
"624.2590","1.0186","-3090.80434","-40.8672","6.1405"
"626.0420","5.1238","-850.53647","-40.8672","3.4772"
"626.0470","5.1238","-844.99276","-40.8672","3.4621"
"626.0520","5.1239","-829.47636","-40.8672","3.4455"
"626.0570","5.1244","-787.23699","-40.8672","3.4306"
"626.0620","5.1260","-727.58555","-40.8672","3.4365"
"626.0670","5.1300","-661.53610","-40.8672","3.4628"
"626.0720","5.1379","-557.47807","-40.8672","3.5152"
"626.0770","5.1514","-441.07598","-40.8672","3.5944"
"626.0820","5.1718","-337.36160","-40.8672","3.7010"
"626.0870","5.1996","-251.93447","-40.8672","3.7861"
"626.0920","5.2346","-182.63027","-40.8672","3.8219"
"626.0970","5.2759","-101.47469","-40.8672","3.8468"
"626.1020","5.3224","9.66864","-40.8672","3.9014"
"626.1070","5.3724","114.56064","-40.8672","3.9557"
"626.1120","5.4248","186.77725","-40.8672","4.0139"
"626.1170","5.4784","221.28423","-40.8672","4.0884"
"626.1220","5.5322","217.48608","-40.8672","4.1503"
"626.1270","5.5857","204.55895","-40.8672","4.2104"
"626.1320","5.6386","231.30313","-40.8672","4.2607"
"626.1370","5.6908","274.74007","-40.8672","4.2873"
"626.1420","5.7421","312.78425","-40.8672","4.3027"
"626.1470","5.7928","337.11588","-40.8672","4.3352"
"626.1520","5.8429","339.41740","-40.8672","4.3735"
"626.1570","5.8927","334.68649","-40.8672","4.4071"
"626.1620","5.9420","370.03204","-40.8672","4.4444"
"626.1670","5.9912","423.91065","-40.8672","4.5117"
"626.1720","6.0403","470.69874","-40.8672","4.5637"
"626.1770","6.0893","500.70155","-40.8672","4.5712"
"626.1810","6.1284","505.42998","-40.8672","4.5663"
"626.1820","6.1382","503.22998","-40.8672","4.5583"
"627.9620","10.2420","1517.49182","-40.8672","6.8463"
"627.9670","10.2420","1517.48967","-40.8672","6.8391"
"627.9720","10.2421","1527.72939","-40.8672","6.8390"
"627.9770","10.2426","1562.20210","-40.8672","6.8446"
"627.9820","10.2443","1611.23407","-40.8672","6.8549"
"627.9870","10.2484","1670.03942","-40.8672","6.8675"
"627.9920","10.2564","1754.97031","-40.8672","6.9011"
"627.9970","10.2700","1838.22381","-40.8672","6.9443"
"628.0020","10.2904","1904.45530","-40.8672","6.9813"
"628.0070","10.3181","1954.29313","-40.8672","7.0099"
"628.0120","10.3531","1994.62938","-40.8672","7.0228"
"628.0170","10.3943","2049.61681","-40.8672","7.0269"
"628.0220","10.4406","2136.41119","-40.8672","7.0294"
"628.0270","10.4906","2224.08032","-40.8672","7.0544"
"628.0320","10.5429","2289.73174","-40.8672","7.0988"
"628.0370","10.5964","2327.69084","-40.8672","7.1654"
"628.0420","10.6501","2338.58943","-40.8672","7.2325"
"628.0470","10.7037","2354.03633","-40.8672","7.2933"
"628.0520","10.7566","2393.01538","-40.8672","7.3326"
"628.0570","10.8088","2436.12766","-40.8672","7.3716"
"628.0620","10.8603","2470.63947","-40.8672","7.4083"
"628.0670","10.9110","2491.47201","-40.8672","7.4454"
"628.0720","10.9611","2495.60261","-40.8672","7.4982"
"628.0770","11.0108","2505.14483","-40.8672","7.5609"
"628.0820","11.0601","2547.35112","-40.8672","7.6275"
"628.0870","11.1091","2602.42367","-40.8672","7.6744"
"628.0920","11.1581","2651.99709","-40.8672","7.7098"
"628.0970","11.2070","2686.34963","-40.8672","7.7352"
"628.1010","11.2461","2696.39444","-40.8672","7.7558"
"628.1020","11.2559","2696.22755","-40.8672","7.7628"
"629.8800","15.3595","3832.05080","-40.8672","10.1309"
"629.8850","15.3595","3832.45420","-40.8672","10.1719"
"629.8900","15.3596","3839.26177","-40.8672","10.1930"
"629.8950","15.3601","3866.14776","-40.8672","10.2021"
"629.9000","15.3619","3912.21642","-40.8672","10.2203"
"629.9050","15.3660","3980.89743","-40.8672","10.2368"
"629.9100","15.3741","4053.33805","-40.8672","10.2414"
"629.9150","15.3879","4113.46865","-40.8672","10.2539"
"629.9200","15.4085","4157.42207","-40.8672","10.2957"
"629.9250","15.4365","4191.07628","-40.8672","10.3323"
"629.9300","15.4716","4230.24464","-40.8672","10.3310"
"629.9350","15.5130","4297.54448","-40.8672","10.3294"
"629.9400","15.5595","4377.61784","-40.8672","10.3485"
"629.9450","15.6095","4447.65854","-40.8672","10.3728"
"629.9500","15.6619","4493.77108","-40.8672","10.4130"
"629.9550","15.7154","4513.39388","-40.8672","10.4797"
"629.9600","15.7693","4521.14296","-40.8672","10.5567"
"629.9650","15.8229","4542.98496","-40.8672","10.6319"
"629.9700","15.8758","4574.79477","-40.8672","10.6824"
"629.9750","15.9281","4606.89354","-40.8672","10.7030"
"629.9800","15.9795","4633.55589","-40.8672","10.7217"
"629.9850","16.0303","4648.62871","-40.8672","10.7645"
"629.9900","16.0804","4653.18871","-40.8672","10.8253"
"629.9950","16.1302","4676.53036","-40.8672","10.9025"
"630.0000","16.1796","4716.97187","-40.8672","10.9754"
"630.0050","16.2288","4760.63776","-40.8672","11.0477"
"630.0100","16.2778","4800.30060","-40.8672","11.1039"
"630.0150","16.3268","4828.90224","-40.8672","11.1301"
"630.0190","16.3659","4839.31828","-40.8672","11.1388"
"630.0200","16.3757","4841.27808","-40.8672","11.1418"
"631.8000","20.4829","6449.70655","-40.8672","13.0781"
"631.8050","20.4829","6449.92733","-40.8672","13.1032"
"631.8100","20.4830","6458.95243","-40.8672","13.1087"
"631.8150","20.4835","6481.27699","-40.8672","13.1091"
"631.8200","20.4851","6510.30779","-40.8672","13.1075"
"631.8250","20.4890","6533.26559","-40.8672","13.1160"
"631.8300","20.4969","6541.24880","-40.8672","13.1415"
"631.8350","20.5103","6531.25811","-40.8672","13.1878"
"631.8400","20.5305","6507.80201","-40.8672","13.2527"
"631.8450","20.5581","6487.74910","-40.8672","13.2971"
"631.8500","20.5929","6497.90955","-40.8672","13.2966"
"631.8550","20.6340","6540.68089","-40.8672","13.2745"
"631.8600","20.6801","6596.91238","-40.8672","13.2466"
"631.8650","20.7300","6648.10896","-40.8672","13.2523"
"631.8700","20.7822","6681.43225","-40.8672","13.2992"
"631.8750","20.8356","6695.00780","-40.8672","13.3629"
"631.8800","20.8893","6708.74500","-40.8672","13.4186"
"631.8850","20.9428","6735.30483","-40.8672","13.4741"
"631.8900","20.9957","6767.43269","-40.8672","13.5229"
"631.8950","21.0478","6798.71416","-40.8672","13.5648"
"631.9000","21.0992","6825.55819","-40.8672","13.6206"
"631.9050","21.1499","6844.40470","-40.8672","13.6812"
"631.9100","21.2000","6867.69629","-40.8672","13.7397"
"631.9150","21.2497","6909.06382","-40.8672","13.7936"
"631.9200","21.2991","6956.94494","-40.8672","13.8477"
"631.9250","21.3483","6999.78781","-40.8672","13.9032"
"631.9300","21.3973","7038.16462","-40.8672","13.9467"
"631.9350","21.4464","7065.39583","-40.8672","13.9760"
"631.9390","21.4856","7082.24344","-40.8672","13.9965"
"631.9400","21.4954","7087.05282","-40.8672","14.0017"
"633.7200","25.5981","8691.32900","-40.8672","15.7585"
"633.7250","25.5981","8689.54372","-40.8672","15.7725"
"633.7300","25.5982","8695.82558","-40.8672","15.7884"
"633.7350","25.5987","8713.51147","-40.8672","15.7877"
"633.7400","25.6004","8736.73344","-40.8672","15.7789"
"633.7450","25.6045","8755.47886","-40.8672","15.7758"
"633.7500","25.6125","8762.55608","-40.8672","15.8000"
"633.7550","25.6263","8755.49030","-40.8672","15.8460"
"633.7600","25.6468","8740.12280","-40.8672","15.9128"
"633.7650","25.6748","8732.44286","-40.8672","15.9582"
"633.7700","25.7100","8753.23677","-40.8672","15.9650"
"633.7750","25.7514","8799.59869","-40.8672","15.9521"
"633.7800","25.7979","8856.70662","-40.8672","15.9558"
"633.7850","25.8481","8910.71892","-40.8672","15.9921"
"633.7900","25.9005","8952.06165","-40.8672","16.0282"
"633.7950","25.9540","8985.89706","-40.8672","16.0714"
"633.8000","26.0078","9019.63043","-40.8672","16.1414"
"633.8050","26.0614","9055.97115","-40.8672","16.2052"
"633.8100","26.1143","9092.48829","-40.8672","16.2624"
"633.8150","26.1665","9127.71320","-40.8672","16.3032"
"633.8200","26.2179","9159.65652","-40.8672","16.3141"
"633.8250","26.2686","9188.63487","-40.8672","16.3353"
"633.8300","26.3188","9222.49317","-40.8672","16.3815"
"633.8350","26.3684","9260.44083","-40.8672","16.4497"
"633.8400","26.4178","9298.49148","-40.8672","16.5238"
"633.8450","26.4669","9336.90453","-40.8672","16.6089"
"633.8500","26.5159","9375.50926","-40.8672","16.6638"
"633.8550","26.5648","9411.27872","-40.8672","16.6879"
"633.8590","26.6039","9439.18228","-40.8672","16.6894"
"633.8600","26.6137","9445.79315","-40.8672","16.6910"
"635.6410","30.7206","11049.23153","-40.8672","18.1995"
"635.6460","30.7206","11049.71886","-40.8672","18.2016"
"635.6510","30.7207","11056.04172","-40.8672","18.1955"
"635.6560","30.7212","11070.96577","-40.8672","18.2106"
"635.6610","30.7229","11090.33871","-40.8672","18.2227"
"635.6660","30.7269","11106.19450","-40.8672","18.2225"
"635.6710","30.7348","11112.16640","-40.8672","18.2144"
"635.6760","30.7483","11107.11956","-40.8672","18.2143"
"635.6810","30.7685","11097.74017","-40.8672","18.2396"
"635.6860","30.7962","11102.18525","-40.8672","18.2698"
"635.6910","30.8311","11131.24180","-40.8672","18.2694"
"635.6960","30.8724","11182.60288","-40.8672","18.2570"
"635.7010","30.9187","11243.54839","-40.8672","18.2773"
"635.7060","30.9687","11303.39050","-40.8672","18.3269"
"635.7110","31.0210","11354.07066","-40.8672","18.4053"
"635.7160","31.0745","11395.69378","-40.8672","18.4908"
"635.7210","31.1283","11430.33028","-40.8672","18.5843"
"635.7260","31.1818","11460.34622","-40.8672","18.6608"
"635.7310","31.2348","11491.81747","-40.8672","18.7102"
"635.7360","31.2869","11528.09143","-40.8672","18.7287"
"635.7410","31.3384","11567.48486","-40.8672","18.7573"
"635.7460","31.3891","11608.25825","-40.8672","18.7970"
"635.7510","31.4393","11647.98832","-40.8672","18.8422"
"635.7560","31.4891","11685.19974","-40.8672","18.8923"
"635.7610","31.5384","11722.24236","-40.8672","18.9460"
"635.7660","31.5875","11761.86180","-40.8672","19.0063"
"635.7710","31.6365","11804.17061","-40.8672","19.0434"
"635.7760","31.6853","11848.13690","-40.8672","19.0905"
"635.7800","31.7244","11881.26564","-40.8672","19.1199"
"635.7810","31.7342","11888.69572","-40.8672","19.1212"
"637.5600","35.8366","13602.32449","-40.8672","20.4465"
"637.5650","35.8366","13603.53756","-40.8672","20.4628"
"637.5700","35.8367","13610.32200","-40.8672","20.4661"
"637.5750","35.8372","13623.41118","-40.8672","20.4652"
"637.5800","35.8388","13637.96997","-40.8672","20.4556"
"637.5850","35.8428","13649.58286","-40.8672","20.4445"
"637.5900","35.8507","13654.38938","-40.8672","20.4542"
"637.5950","35.8641","13653.81336","-40.8672","20.5003"
"637.6000","35.8843","13655.17139","-40.8672","20.5662"
"637.6050","35.9118","13671.69571","-40.8672","20.6246"
"637.6100","35.9465","13713.20248","-40.8672","20.6484"
"637.6150","35.9875","13776.32904","-40.8672","20.6584"
"637.6200","36.0336","13852.78606","-40.8672","20.6952"
"637.6250","36.0834","13928.73669","-40.8672","20.7347"
"637.6300","36.1356","13992.22088","-40.8672","20.8013"
"637.6350","36.1890","14041.46671","-40.8672","20.9041"
"637.6400","36.2427","14079.29230","-40.8672","21.0051"
"637.6450","36.2963","14110.97717","-40.8672","21.0919"
"637.6500","36.3493","14144.56463","-40.8672","21.1484"
"637.6550","36.4016","14183.14171","-40.8672","21.1859"
"637.6600","36.4531","14226.17340","-40.8672","21.2069"
"637.6650","36.5040","14273.41652","-40.8672","21.2087"
"637.6700","36.5542","14321.54560","-40.8672","21.2194"
"637.6750","36.6040","14369.67468","-40.8672","21.2573"
"637.6800","36.6535","14417.21725","-40.8672","21.2979"
"637.6850","36.7027","14466.13503","-40.8672","21.3286"
"637.6900","36.7517","14515.21778","-40.8672","21.3667"
"637.6950","36.8007","14562.85858","-40.8672","21.3992"
"637.6990","36.8398","14597.67437","-40.8672","21.4372"
"637.7000","36.8496","14605.58987","-40.8672","21.4479"
"639.4790","40.9525","16274.17183","-40.8672","22.3992"
"639.4840","40.9525","16271.68655","-40.8672","22.4091"
"639.4890","40.9526","16277.34947","-40.8672","22.3990"
"639.4940","40.9531","16296.62514","-40.8672","22.3853"
"639.4990","40.9548","16324.40567","-40.8672","22.3791"
"639.5040","40.9586","16350.90446","-40.8672","22.3779"
"639.5090","40.9664","16368.91174","-40.8672","22.3816"
"639.5140","40.9798","16380.77164","-40.8672","22.4130"
"639.5190","41.0000","16396.00372","-40.8672","22.4735"
"639.5240","41.0276","16425.53711","-40.8672","22.5288"
"639.5290","41.0624","16475.73853","-40.8672","22.5625"
"639.5340","41.1036","16544.61670","-40.8672","22.5812"
"639.5390","41.1498","16625.70572","-40.8672","22.5830"
"639.5440","41.1998","16711.72333","-40.8672","22.6077"
"639.5490","41.2520","16788.91182","-40.8672","22.6533"
"639.5540","41.3055","16850.26550","-40.8672","22.7231"
"639.5590","41.3593","16894.69910","-40.8672","22.8144"
"639.5640","41.4128","16929.07906","-40.8672","22.9025"
"639.5690","41.4657","16960.32715","-40.8672","22.9728"
"639.5740","41.5178","16998.27957","-40.8672","23.0133"
"639.5790","41.5692","17045.00961","-40.8672","23.0482"
"639.5840","41.6199","17092.55791","-40.8672","23.0849"
"639.5890","41.6701","17134.06563","-40.8672","23.1310"
"639.5940","41.7198","17173.95020","-40.8672","23.1869"
"639.5990","41.7692","17216.56418","-40.8672","23.2440"
"639.6040","41.8183","17270.16449","-40.8672","23.2904"
"639.6090","41.8673","17335.12688","-40.8672","23.3157"
"639.6140","41.9163","17398.94867","-40.8672","23.3175"
"639.6180","41.9554","17438.13324","-40.8672","23.3176"
"639.6190","41.9652","17446.27380","-40.8672","23.3190"
"641.4010","46.0683","19445.10651","-40.8672","24.4405"
"641.4060","46.0683","19442.92450","-40.8672","24.4362"
"641.4110","46.0684","19449.03183","-40.8672","24.4170"
"641.4160","46.0689","19473.98376","-40.8672","24.3945"
"641.4210","46.0706","19510.66017","-40.8672","24.3947"
"641.4260","46.0746","19548.29407","-40.8672","24.4128"
"641.4310","46.0826","19596.65680","-40.8672","24.4279"
"641.4360","46.0962","19662.73880","-40.8672","24.4594"
"641.4410","46.1167","19741.55807","-40.8672","24.5041"
"641.4460","46.1446","19826.24054","-40.8672","24.5567"
"641.4510","46.1797","19919.10553","-40.8672","24.5923"
"641.4560","46.2212","20030.48897","-40.8672","24.6338"
"641.4610","46.2677","20170.55130","-40.8672","24.6946"
"641.4660","46.3179","20318.18962","-40.8672","24.7717"
"641.4710","46.3704","20449.84436","-40.8672","24.8656"
"641.4760","46.4240","20548.46001","-40.8672","24.9853"
"641.4810","46.4779","20619.52782","-40.8672","25.1169"
"641.4860","46.5315","20678.87115","-40.8672","25.2326"
"641.4910","46.5844","20749.68338","-40.8672","25.3215"
"641.4960","46.6366","20833.07648","-40.8672","25.3956"
"641.5010","46.6879","20916.67557","-40.8672","25.4487"
"641.5060","46.7386","20986.71913","-40.8672","25.4923"
"641.5110","46.7886","21044.24477","-40.8672","25.5570"
"641.5160","46.8383","21101.13144","-40.8672","25.6645"
"641.5210","46.8876","21183.28285","-40.8672","25.7657"
"641.5260","46.9367","21293.27011","-40.8672","25.8644"
"641.5310","46.9857","21416.11671","-40.8672","25.9486"
"641.5360","47.0347","21533.43201","-40.8672","26.0249"
"641.5400","47.0739","21618.80302","-40.8672","26.0991"
"641.5410","47.0837","21638.65089","-40.8672","26.1211"
"643.3200","51.1857","25946.68770","-40.8672","30.3031"
"643.3250","51.1857","25944.94629","-40.8672","30.2757"
"643.3300","51.1858","25949.26643","-40.8672","30.2572"
"643.3350","51.1863","25968.95790","-40.8672","30.2538"
"643.3400","51.1880","26026.50261","-40.8672","30.3095"
"643.3450","51.1919","26154.71649","-40.8672","30.4767"
"643.3500","51.1998","26385.31876","-40.8672","30.8247"
"643.3550","51.2132","26705.29366","-40.8672","31.3218"
"643.3600","51.2335","27089.30969","-40.8672","31.9223"
"643.3650","51.2611","27518.44406","-40.8672","32.5547"
"643.3700","51.2959","27975.83580","-40.8672","33.1749"
"643.3750","51.3370","28437.93488","-40.8672","33.7539"
"643.3800","51.3833","28875.28419","-40.8672","34.3088"
"643.3850","51.4332","29284.43527","-40.8672","34.8351"
"643.3900","51.4855","29664.41536","-40.8672","35.3346"
"643.3950","51.5390","30012.70676","-40.8672","35.8288"
"643.4000","51.5928","30322.33238","-40.8672","36.2891"
"643.4050","51.6463","30576.16425","-40.8672","36.6937"
"643.4100","51.6992","30764.94217","-40.8672","36.9849"
"643.4150","51.7514","30881.01387","-40.8672","37.1369"
"643.4200","51.8028","30940.90080","-40.8672","37.2070"
"643.4250","51.8534","30994.76433","-40.8672","37.2691"
"643.4300","51.9035","31084.37347","-40.8672","37.3727"
"643.4350","51.9531","31215.29770","-40.8672","37.5256"
"643.4400","52.0024","31368.53218","-40.8672","37.7024"
"643.4450","52.0515","31525.16556","-40.8672","37.8703"
"643.4500","52.1005","31676.06544","-40.8672","37.9993"
"643.4550","52.1495","31815.91988","-40.8672","38.1241"
"643.4590","52.1886","31918.09273","-40.8672","38.2208"
"643.4600","52.1984","31942.52014","-40.8672","38.2441"
"656.9460","0.0009","-30892.04025","-50.8581","-0.8827"
"656.9510","0.0009","-30888.60893","-50.8581","-0.8832"
"656.9560","0.0010","-30843.61267","-50.8581","-0.9007"
"656.9610","0.0018","-30536.55243","-50.8581","-0.9015"
"656.9660","0.0044","-29502.39563","-50.8581","-0.8520"
"656.9710","0.0105","-27356.26030","-50.8581","-0.7016"
"656.9760","0.0219","-24392.79556","-50.8581","-0.4134"
"656.9810","0.0401","-21117.69676","-50.8581","0.0454"
"656.9860","0.0658","-17878.90434","-50.8581","0.6918"
"656.9910","0.0990","-14890.11192","-50.8581","1.4864"
"656.9960","0.1389","-12276.23653","-50.8581","2.3721"
"657.0010","0.1843","-10066.53404","-50.8581","3.3305"
"657.0060","0.2337","-8270.70141","-50.8581","4.3604"
"657.0110","0.2857","-6887.91704","-50.8581","5.4007"
"657.0160","0.3390","-5880.84602","-50.8581","6.4006"
"657.0210","0.3928","-5189.28099","-50.8581","7.3442"
"657.0260","0.4463","-4748.95000","-50.8581","8.1989"
"657.0310","0.4993","-4482.43666","-50.8581","8.9305"
"657.0360","0.5515","-4295.80355","-50.8581","9.5516"
"657.0410","0.6029","-4173.47288","-50.8581","10.1016"
"657.0460","0.6536","-4104.33674","-50.8581","10.5915"
"657.0510","0.7038","-4071.29669","-50.8581","11.0291"
"657.0560","0.7534","-4064.48507","-50.8581","11.3763"
"657.0610","0.8028","-4057.20711","-50.8581","11.6845"
"657.0660","0.8519","-4006.86646","-50.8581","11.9397"
"657.0710","0.9008","-3927.79517","-50.8581","12.1168"
"657.0760","0.9497","-3844.85435","-50.8581","12.2283"
"657.0810","0.9985","-3763.96298","-50.8581","12.3214"
"657.0820","1.0083","-3749.18222","-50.8581","12.3399"
"657.0830","1.0181","-3735.14652","-50.8581","12.3617"
"658.8650","5.1232","-465.40114","-50.8581","5.9982"
"658.8700","5.1232","-461.92208","-50.8581","6.0040"
"658.8750","5.1233","-450.25080","-50.8581","6.0170"
"658.8800","5.1238","-424.67543","-50.8581","6.0314"
"658.8850","5.1254","-394.19234","-50.8581","6.0618"
"658.8900","5.1294","-366.49963","-50.8581","6.0902"
"658.8950","5.1373","-333.86126","-50.8581","6.1407"
"658.9000","5.1508","-285.60570","-50.8581","6.1988"
"658.9050","5.1712","-233.03522","-50.8581","6.2705"
"658.9100","5.1990","-177.37497","-50.8581","6.3545"
"658.9150","5.2340","-115.27316","-50.8581","6.4200"
"658.9200","5.2754","-45.26376","-50.8581","6.4656"
"658.9250","5.3218","46.29409","-50.8581","6.4913"
"658.9300","5.3719","143.17735","-50.8581","6.5272"
"658.9350","5.4244","220.48996","-50.8581","6.5743"
"658.9400","5.4779","269.36513","-50.8581","6.6357"
"658.9450","5.5317","292.63446","-50.8581","6.6823"
"658.9500","5.5852","300.75300","-50.8581","6.7154"
"658.9550","5.6381","320.46726","-50.8581","6.7432"
"658.9600","5.6902","357.51799","-50.8581","6.7447"
"658.9650","5.7416","395.27759","-50.8581","6.7316"
"658.9700","5.7922","427.98877","-50.8581","6.7307"
"658.9750","5.8423","452.58084","-50.8581","6.7364"
"658.9800","5.8920","467.45881","-50.8581","6.7341"
"658.9850","5.9414","494.71459","-50.8581","6.7544"
"658.9900","5.9905","537.04566","-50.8581","6.7901"
"658.9950","6.0395","577.24345","-50.8581","6.8254"
"659.0000","6.0885","607.91278","-50.8581","6.8448"
"659.0040","6.1277","621.93024","-50.8581","6.8595"
"659.0050","6.1375","623.53528","-50.8581","6.8602"
"660.7960","10.2444","2025.25258","-50.8581","8.5101"
"660.8010","10.2444","2025.25473","-50.8581","8.5063"
"660.8060","10.2444","2033.54645","-50.8581","8.5228"
"660.8110","10.2450","2054.33702","-50.8581","8.5555"
"660.8160","10.2466","2080.17278","-50.8581","8.5841"
"660.8210","10.2507","2100.60811","-50.8581","8.6140"
"660.8260","10.2586","2118.34073","-50.8581","8.6452"
"660.8310","10.2722","2132.67207","-50.8581","8.6860"
"660.8360","10.2925","2143.35370","-50.8581","8.7281"
"660.8410","10.3203","2159.50751","-50.8581","8.7596"
"660.8460","10.3552","2189.69011","-50.8581","8.7569"
"660.8510","10.3964","2236.91297","-50.8581","8.7466"
"660.8560","10.4427","2299.99089","-50.8581","8.7506"
"660.8610","10.4927","2362.93364","-50.8581","8.7646"
"660.8660","10.5450","2411.12709","-50.8581","8.8040"
"660.8710","10.5985","2441.45751","-50.8581","8.8521"
"660.8760","10.6523","2458.35066","-50.8581","8.8982"
"660.8810","10.7059","2470.65353","-50.8581","8.9453"
"660.8860","10.7588","2491.98961","-50.8581","8.9846"
"660.8910","10.8110","2522.33148","-50.8581","9.0156"
"660.8960","10.8624","2551.24164","-50.8581","9.0399"
"660.9010","10.9131","2578.39251","-50.8581","9.0721"
"660.9060","10.9632","2603.30224","-50.8581","9.1278"
"660.9110","11.0128","2628.42607","-50.8581","9.1943"
"660.9160","11.0621","2661.07488","-50.8581","9.2737"
"660.9210","11.1112","2698.01068","-50.8581","9.3372"
"660.9260","11.1601","2732.60951","-50.8581","9.3795"
"660.9310","11.2091","2763.10015","-50.8581","9.4174"
"660.9350","11.2482","2781.92616","-50.8581","9.4361"
"660.9360","11.2580","2785.30407","-50.8581","9.4402"
"662.7170","15.3636","4325.46949","-50.8581","11.5240"
"662.7220","15.3636","4323.24457","-50.8581","11.5482"
"662.7270","15.3637","4324.96548","-50.8581","11.5737"
"662.7320","15.3643","4330.67989","-50.8581","11.5850"
"662.7370","15.3660","4338.56630","-50.8581","11.5976"
"662.7420","15.3701","4343.46485","-50.8581","11.6188"
"662.7470","15.3782","4340.81125","-50.8581","11.6411"
"662.7520","15.3920","4331.43997","-50.8581","11.6783"
"662.7570","15.4125","4321.50412","-50.8581","11.7319"
"662.7620","15.4404","4323.67849","-50.8581","11.7758"
"662.7670","15.4755","4345.55578","-50.8581","11.7970"
"662.7720","15.5168","4386.75928","-50.8581","11.7998"
"662.7770","15.5632","4439.23616","-50.8581","11.8150"
"662.7820","15.6132","4492.11645","-50.8581","11.8354"
"662.7870","15.6655","4535.24923","-50.8581","11.8840"
"662.7920","15.7190","4565.98568","-50.8581","11.9340"
"662.7970","15.7728","4588.28449","-50.8581","11.9988"
"662.8020","15.8264","4610.41212","-50.8581","12.0649"
"662.8070","15.8794","4637.15410","-50.8581","12.1110"
"662.8120","15.9316","4668.52903","-50.8581","12.1460"
"662.8170","15.9830","4699.66936","-50.8581","12.1727"
"662.8220","16.0338","4727.90194","-50.8581","12.2127"
"662.8270","16.0840","4753.86095","-50.8581","12.2561"
"662.8320","16.1337","4780.27678","-50.8581","12.2862"
"662.8370","16.1831","4810.36043","-50.8581","12.3215"
"662.8420","16.2323","4845.84141","-50.8581","12.3561"
"662.8470","16.2813","4884.83715","-50.8581","12.3620"
"662.8520","16.3303","4921.66424","-50.8581","12.3798"
"662.8560","16.3695","4946.68674","-50.8581","12.4079"
"662.8570","16.3793","4952.15082","-50.8581","12.4189"
"664.6360","20.4830","6515.73324","-50.8581","14.4028"
"664.6410","20.4830","6515.42139","-50.8581","14.3991"
"664.6460","20.4831","6518.21041","-50.8581","14.3817"
"664.6510","20.4836","6524.56570","-50.8581","14.3684"
"664.6560","20.4852","6534.03044","-50.8581","14.3683"
"664.6610","20.4891","6539.93797","-50.8581","14.3703"
"664.6660","20.4970","6537.04309","-50.8581","14.3803"
"664.6710","20.5103","6524.94097","-50.8581","14.4144"
"664.6760","20.5305","6511.02114","-50.8581","14.4658"
"664.6810","20.5580","6509.11522","-50.8581","14.5008"
"664.6860","20.5927","6529.66499","-50.8581","14.5126"
"664.6910","20.6337","6573.65704","-50.8581","14.5254"
"664.6960","20.6799","6632.19213","-50.8581","14.5605"
"664.7010","20.7297","6692.96837","-50.8581","14.6267"
"664.7060","20.7818","6743.07251","-50.8581","14.7132"
"664.7110","20.8352","6778.00274","-50.8581","14.8109"
"664.7160","20.8889","6801.19133","-50.8581","14.8884"
"664.7210","20.9424","6822.16311","-50.8581","14.9450"
"664.7260","20.9953","6846.87424","-50.8581","14.9559"
"664.7310","21.0474","6876.44291","-50.8581","14.9560"
"664.7360","21.0989","6909.07097","-50.8581","14.9703"
"664.7410","21.1496","6941.88595","-50.8581","14.9913"
"664.7460","21.1998","6973.22035","-50.8581","15.0124"
"664.7510","21.2495","7005.01394","-50.8581","15.0639"
"664.7560","21.2988","7040.68708","-50.8581","15.1296"
"664.7610","21.3480","7079.80824","-50.8581","15.1845"
"664.7660","21.3971","7120.31841","-50.8581","15.2094"
"664.7710","21.4462","7157.45735","-50.8581","15.2133"
"664.7750","21.4854","7182.07121","-50.8581","15.2212"
"664.7760","21.4952","7187.22582","-50.8581","15.2268"
"666.5560","25.5981","8769.20319","-50.8581","16.8789"
"666.5610","25.5981","8766.33835","-50.8581","16.8911"
"666.5660","25.5982","8768.62144","-50.8581","16.8807"
"666.5710","25.5987","8775.24471","-50.8581","16.8676"
"666.5760","25.6004","8784.01089","-50.8581","16.8608"
"666.5810","25.6045","8789.32953","-50.8581","16.8604"
"666.5860","25.6125","8788.06591","-50.8581","16.8611"
"666.5910","25.6262","8780.64632","-50.8581","16.8707"
"666.5960","25.6468","8771.38710","-50.8581","16.9138"
"666.6010","25.6747","8773.24009","-50.8581","16.9553"
"666.6060","25.7099","8797.22404","-50.8581","16.9689"
"666.6110","25.7513","8843.68896","-50.8581","16.9612"
"666.6160","25.7978","8903.27168","-50.8581","16.9466"
"666.6210","25.8479","8964.69688","-50.8581","16.9565"
"666.6260","25.9003","9016.31165","-50.8581","17.0048"
"666.6310","25.9538","9055.21011","-50.8581","17.0718"
"666.6360","26.0076","9084.81026","-50.8581","17.1472"
"666.6410","26.0612","9112.98466","-50.8581","17.2255"
"666.6460","26.1141","9142.45605","-50.8581","17.2914"
"666.6510","26.1663","9174.52049","-50.8581","17.3318"
"666.6560","26.2177","9207.80468","-50.8581","17.3765"
"666.6610","26.2684","9238.86013","-50.8581","17.4286"
"666.6660","26.3186","9269.05823","-50.8581","17.4871"
"666.6710","26.3682","9301.35441","-50.8581","17.5426"
"666.6760","26.4176","9338.51147","-50.8581","17.6263"
"666.6810","26.4667","9381.15597","-50.8581","17.7176"
"666.6860","26.5157","9427.08969","-50.8581","17.7724"
"666.6910","26.5646","9470.47138","-50.8581","17.7808"
"666.6950","26.6037","9499.03870","-50.8581","17.7898"
"666.6960","26.6135","9505.05352","-50.8581","17.7920"
"668.4750","30.7191","11119.42482","-50.8581","19.0959"
"668.4800","30.7191","11118.69431","-50.8581","19.0900"
"668.4850","30.7192","11123.20995","-50.8581","19.0859"
"668.4900","30.7197","11130.19943","-50.8581","19.0892"
"668.4950","30.7214","11138.38196","-50.8581","19.0924"
"668.5000","30.7254","11143.40591","-50.8581","19.0942"
"668.5050","30.7333","11142.63630","-50.8581","19.1223"
"668.5100","30.7467","11136.88660","-50.8581","19.1711"
"668.5150","30.7669","11131.71005","-50.8581","19.2214"
"668.5200","30.7945","11139.24599","-50.8581","19.2638"
"668.5250","30.8294","11170.35961","-50.8581","19.2772"
"668.5300","30.8705","11224.86782","-50.8581","19.2577"
"668.5350","30.9168","11292.27257","-50.8581","19.2234"
"668.5400","30.9668","11358.53863","-50.8581","19.2117"
"668.5450","31.0191","11413.46169","-50.8581","19.2530"
"668.5500","31.0726","11455.00469","-50.8581","19.3185"
"668.5550","31.1264","11487.46777","-50.8581","19.3916"
"668.5600","31.1800","11517.45796","-50.8581","19.4757"
"668.5650","31.2330","11550.77267","-50.8581","19.5326"
"668.5700","31.2852","11588.97877","-50.8581","19.5420"
"668.5750","31.3366","11629.27055","-50.8581","19.5541"
"668.5800","31.3874","11668.52856","-50.8581","19.5918"
"668.5850","31.4375","11706.39324","-50.8581","19.6428"
"668.5900","31.4872","11741.88709","-50.8581","19.7096"
"668.5950","31.5366","11780.86185","-50.8581","19.7764"
"668.6000","31.5857","11824.25976","-50.8581","19.8360"
"668.6050","31.6347","11870.60452","-50.8581","19.8867"
"668.6100","31.6835","11914.39152","-50.8581","19.9299"
"668.6140","31.7226","11943.90488","-50.8581","19.9554"
"668.6150","31.7324","11950.46329","-50.8581","19.9577"
"670.3960","35.8398","13765.91969","-50.8581","21.3404"
"670.4010","35.8398","13762.89654","-50.8581","21.3338"
"670.4060","35.8399","13764.88113","-50.8581","21.3135"
"670.4110","35.8404","13771.11435","-50.8581","21.3153"
"670.4160","35.8421","13781.91662","-50.8581","21.3110"
"670.4210","35.8460","13792.53578","-50.8581","21.3053"
"670.4260","35.8538","13798.18726","-50.8581","21.3171"
"670.4310","35.8671","13798.70033","-50.8581","21.3538"
"670.4360","35.8871","13801.11980","-50.8581","21.4305"
"670.4410","35.9146","13816.02097","-50.8581","21.4972"
"670.4460","35.9492","13851.86863","-50.8581","21.5105"
"670.4510","35.9901","13911.00693","-50.8581","21.5046"
"670.4560","36.0362","13985.05688","-50.8581","21.5036"
"670.4610","36.0860","14058.56895","-50.8581","21.5191"
"670.4660","36.1382","14120.08190","-50.8581","21.5540"
"670.4710","36.1916","14166.34178","-50.8581","21.6105"
"670.4760","36.2454","14201.26247","-50.8581","21.6659"
"670.4810","36.2990","14233.80756","-50.8581","21.7135"
"670.4860","36.3519","14271.13819","-50.8581","21.7858"
"670.4910","36.4042","14316.07628","-50.8581","21.8424"
"670.4960","36.4557","14363.01994","-50.8581","21.8769"
"670.5010","36.5065","14408.95939","-50.8581","21.9048"
"670.5060","36.5567","14451.30444","-50.8581","21.9521"
"670.5110","36.6065","14493.35194","-50.8581","22.0230"
"670.5160","36.6559","14539.16359","-50.8581","22.1005"
"670.5210","36.7051","14589.45179","-50.8581","22.1683"
"670.5260","36.7541","14642.08221","-50.8581","22.2050"
"670.5310","36.8031","14691.22696","-50.8581","22.2358"
"670.5350","36.8422","14724.16782","-50.8581","22.2729"
"670.5360","36.8520","14731.29463","-50.8581","22.2776"
"672.3160","40.9576","16445.25909","-50.8581","23.0631"
"672.3210","40.9576","16442.56783","-50.8581","23.0568"
"672.3260","40.9577","16442.02042","-50.8581","23.0488"
"672.3310","40.9582","16444.86618","-50.8581","23.0341"
"672.3360","40.9598","16451.82037","-50.8581","23.0295"
"672.3410","40.9637","16460.02960","-50.8581","23.0383"
"672.3460","40.9715","16465.93857","-50.8581","23.0637"
"672.3510","40.9848","16469.82002","-50.8581","23.1086"
"672.3560","41.0050","16476.37177","-50.8581","23.1710"
"672.3610","41.0326","16496.36650","-50.8581","23.2406"
"672.3660","41.0673","16538.57994","-50.8581","23.2833"
"672.3710","41.1085","16604.45595","-50.8581","23.2899"
"672.3760","41.1547","16684.59702","-50.8581","23.2974"
"672.3810","41.2046","16765.55634","-50.8581","23.3275"
"672.3860","41.2569","16835.69527","-50.8581","23.3723"
"672.3910","41.3103","16891.88576","-50.8581","23.4188"
"672.3960","41.3641","16938.44795","-50.8581","23.4791"
"672.4010","41.4176","16981.57501","-50.8581","23.5377"
"672.4060","41.4705","17027.77100","-50.8581","23.5862"
"672.4110","41.5227","17078.32909","-50.8581","23.6115"
"672.4160","41.5741","17127.48718","-50.8581","23.6291"
"672.4210","41.6248","17172.72758","-50.8581","23.6495"
"672.4260","41.6749","17215.47890","-50.8581","23.6929"
"672.4310","41.7246","17258.26073","-50.8581","23.7473"
"672.4360","41.7740","17304.69131","-50.8581","23.8193"
"672.4410","41.8232","17357.09763","-50.8581","23.8778"
"672.4460","41.8723","17414.72054","-50.8581","23.9327"
"672.4510","41.9213","17471.75598","-50.8581","23.9667"
"672.4550","41.9605","17514.32991","-50.8581","23.9729"
"672.4560","41.9703","17524.09935","-50.8581","23.9758"
"674.2350","46.0757","20167.66930","-50.8581","25.3680"
"674.2400","46.0757","20166.35323","-50.8581","25.3609"
"674.2450","46.0758","20169.78836","-50.8581","25.3425"
"674.2500","46.0763","20177.64854","-50.8581","25.3388"
"674.2550","46.0780","20192.35229","-50.8581","25.3461"
"674.2600","46.0819","20217.67426","-50.8581","25.3707"
"674.2650","46.0898","20255.18608","-50.8581","25.4189"
"674.2700","46.1032","20305.11284","-50.8581","25.5005"
"674.2750","46.1235","20371.93680","-50.8581","25.6212"
"674.2800","46.1512","20465.20042","-50.8581","25.7463"
"674.2850","46.1861","20592.67426","-50.8581","25.8598"
"674.2900","46.2273","20745.88966","-50.8581","25.9725"
"674.2950","46.2737","20910.14099","-50.8581","26.1018"
"674.3000","46.3238","21071.83838","-50.8581","26.2312"
"674.3050","46.3762","21214.49280","-50.8581","26.3641"
"674.3100","46.4298","21335.82878","-50.8581","26.5038"
"674.3150","46.4837","21445.60242","-50.8581","26.6462"
"674.3200","46.5373","21554.43954","-50.8581","26.7717"
"674.3250","46.5902","21671.18645","-50.8581","26.8780"
"674.3300","46.6424","21800.48180","-50.8581","26.9801"
"674.3350","46.6938","21938.43269","-50.8581","27.0821"
"674.3400","46.7444","22075.47951","-50.8581","27.1985"
"674.3450","46.7945","22209.96475","-50.8581","27.3429"
"674.3500","46.8441","22337.55493","-50.8581","27.4923"
"674.3550","46.8935","22457.38411","-50.8581","27.6334"
"674.3600","46.9426","22576.67732","-50.8581","27.7705"
"674.3650","46.9916","22691.29753","-50.8581","27.9029"
"674.3700","47.0406","22793.39981","-50.8581","28.0041"
"674.3740","47.0797","22864.38751","-50.8581","28.0689"
"674.3750","47.0895","22880.67055","-50.8581","28.0860"
"676.1550","51.1915","30427.29187","-50.8581","38.1408"
"676.1600","51.1915","30423.05565","-50.8581","38.1570"
"676.1650","51.1916","30426.59950","-50.8581","38.1628"
"676.1700","51.1921","30451.11275","-50.8581","38.1791"
"676.1750","51.1938","30531.61812","-50.8581","38.2727"
"676.1800","51.1979","30725.27504","-50.8581","38.5278"
"676.1850","51.2059","31096.89903","-50.8581","39.0602"
"676.1900","51.2194","31658.54836","-50.8581","39.9258"
"676.1950","51.2398","32339.05792","-50.8581","41.0174"
"676.2000","51.2677","33086.34186","-50.8581","42.2085"
"676.2050","51.3026","33860.76355","-50.8581","43.3982"
"676.2100","51.3440","34634.97162","-50.8581","44.5327"
"676.2150","51.3904","35381.83975","-50.8581","45.5985"
"676.2200","51.4404","36050.80032","-50.8581","46.5843"
"676.2250","51.4928","36590.59906","-50.8581","47.4305"
"676.2300","51.5463","37006.50787","-50.8581","48.1303"
"676.2350","51.6001","37328.59039","-50.8581","48.7007"
"676.2400","51.6535","37613.01804","-50.8581","49.1955"
"676.2450","51.7064","37916.93878","-50.8581","49.6681"
"676.2500","51.7585","38253.75748","-50.8581","50.1476"
"676.2550","51.8098","38600.68130","-50.8581","50.6315"
"676.2600","51.8604","38920.07828","-50.8581","51.0771"
"676.2650","51.9105","39185.42862","-50.8581","51.4288"
"676.2700","51.9601","39387.25662","-50.8581","51.6733"
"676.2750","52.0094","39529.85382","-50.8581","51.8413"
"676.2800","52.0586","39637.42828","-50.8581","51.9660"
"676.2850","52.1076","39752.47192","-50.8581","52.0953"
"676.2900","52.1566","39919.65103","-50.8581","52.2978"
"676.2940","52.1957","40100.62027","-50.8581","52.5414"
"676.2950","52.2055","40152.44675","-50.8581","52.6128"
"689.7790","0.0008","-32683.17413","-60.8490","0.3282"
"689.7840","0.0009","-32678.71475","-60.8490","0.3490"
"689.7890","0.0010","-32629.61578","-60.8490","0.3629"
"689.7940","0.0018","-32310.53925","-60.8490","0.3775"
"689.7990","0.0044","-31257.16782","-60.8490","0.4535"
"689.8040","0.0105","-29089.41650","-60.8490","0.6247"
"689.8090","0.0220","-26120.14008","-60.8490","0.9437"
"689.8140","0.0402","-22796.69571","-60.8490","1.4383"
"689.8190","0.0660","-19452.89803","-60.8490","2.1002"
"689.8240","0.0992","-16342.81349","-60.8490","2.8954"
"689.8290","0.1392","-13624.14837","-60.8490","3.8181"
"689.8340","0.1846","-11367.25330","-60.8490","4.8505"
"689.8390","0.2340","-9539.05392","-60.8490","5.9637"
"689.8440","0.2860","-8076.83945","-60.8490","7.1222"
"689.8490","0.3393","-6959.03254","-60.8490","8.2998"
"689.8540","0.3931","-6156.54898","-60.8490","9.4714"
"689.8590","0.4466","-5622.68639","-60.8490","10.5781"
"689.8640","0.4996","-5303.56789","-60.8490","11.6103"
"689.8690","0.5518","-5136.68108","-60.8490","12.5385"
"689.8740","0.6032","-5012.54034","-60.8490","13.3573"
"689.8790","0.6539","-4887.97760","-60.8490","14.1267"
"689.8840","0.7041","-4780.63393","-60.8490","14.8484"
"689.8890","0.7538","-4698.43102","-60.8490","15.5128"
"689.8940","0.8031","-4642.00211","-60.8490","16.1438"
"689.8990","0.8523","-4598.16027","-60.8490","16.7244"
"689.9040","0.9012","-4506.15311","-60.8490","17.2630"
"689.9090","0.9501","-4354.24280","-60.8490","17.7467"
"689.9140","0.9989","-4189.24093","-60.8490","18.1760"
"689.9150","1.0087","-4158.39672","-60.8490","18.2544"
"689.9160","1.0185","-4128.69120","-60.8490","18.3329"
"691.6980","5.1235","-477.88891","-60.8490","9.2060"
"691.7030","5.1235","-473.64643","-60.8490","9.2167"
"691.7080","5.1236","-459.03656","-60.8490","9.2203"
"691.7130","5.1241","-418.17707","-60.8490","9.2180"
"691.7180","5.1257","-357.42983","-60.8490","9.2246"
"691.7230","5.1297","-295.52618","-60.8490","9.2783"
"691.7280","5.1377","-243.83135","-60.8490","9.3947"
"691.7330","5.1512","-200.77902","-60.8490","9.5634"
"691.7380","5.1716","-141.71077","-60.8490","9.7717"
"691.7430","5.1994","-55.31319","-60.8490","9.9493"
"691.7480","5.2344","51.36707","-60.8490","10.0465"
"691.7530","5.2757","162.90323","-60.8490","10.0817"
"691.7580","5.3221","264.29698","-60.8490","10.0897"
"691.7630","5.3723","352.41327","-60.8490","10.0761"
"691.7680","5.4247","428.74563","-60.8490","10.0519"
"691.7730","5.4782","492.77458","-60.8490","10.0307"
"691.7780","5.5321","542.39517","-60.8490","9.9965"
"691.7830","5.5857","575.35577","-60.8490","9.9478"
"691.7880","5.6386","595.54684","-60.8490","9.8838"
"691.7930","5.6907","612.48475","-60.8490","9.8053"
"691.7980","5.7421","636.45953","-60.8490","9.7221"
"691.8030","5.7928","667.07951","-60.8490","9.6384"
"691.8080","5.8429","698.36962","-60.8490","9.5676"
"691.8130","5.8925","720.18915","-60.8490","9.4851"
"691.8180","5.9418","738.04092","-60.8490","9.4050"
"691.8230","5.9909","757.18433","-60.8490","9.3527"
"691.8280","6.0399","784.72972","-60.8490","9.2878"
"691.8330","6.0889","820.66602","-60.8490","9.2229"
"691.8370","6.1281","851.29219","-60.8490","9.1795"
"691.8380","6.1379","857.92619","-60.8490","9.1692"
"693.6170","10.2406","2273.65184","-60.8490","10.2815"
"693.6220","10.2407","2274.70851","-60.8490","10.3040"
"693.6270","10.2407","2282.04155","-60.8490","10.3004"
"693.6320","10.2413","2298.98262","-60.8490","10.2893"
"693.6370","10.2430","2322.04938","-60.8490","10.2741"
"693.6420","10.2471","2340.38830","-60.8490","10.2810"
"693.6470","10.2551","2345.98541","-60.8490","10.2976"
"693.6520","10.2688","2340.36708","-60.8490","10.3168"
"693.6570","10.2893","2333.49752","-60.8490","10.3546"
"693.6620","10.3172","2339.33854","-60.8490","10.3857"
"693.6670","10.3522","2365.14211","-60.8490","10.4015"
"693.6720","10.3936","2409.04355","-60.8490","10.3978"
"693.6770","10.4400","2461.13729","-60.8490","10.4006"
"693.6820","10.4901","2512.63618","-60.8490","10.4231"
"693.6870","10.5425","2555.72677","-60.8490","10.4477"
"693.6920","10.5960","2588.11331","-60.8490","10.4886"
"693.6970","10.6498","2609.77626","-60.8490","10.5428"
"693.7020","10.7033","2624.83048","-60.8490","10.5910"
"693.7070","10.7562","2639.63127","-60.8490","10.6272"
"693.7120","10.8083","2659.03401","-60.8490","10.6464"
"693.7170","10.8597","2685.09841","-60.8490","10.6662"
"693.7220","10.9104","2716.95089","-60.8490","10.7037"
"693.7270","10.9605","2749.15266","-60.8490","10.7549"
"693.7320","11.0101","2780.83754","-60.8490","10.8186"
"693.7370","11.0594","2812.37864","-60.8490","10.8907"
"693.7420","11.1085","2844.07473","-60.8490","10.9416"
"693.7470","11.1575","2875.47970","-60.8490","10.9880"
"693.7520","11.2064","2905.62320","-60.8490","11.0347"
"693.7560","11.2455","2925.52996","-60.8490","11.0779"
"693.7570","11.2553","2929.66294","-60.8490","11.0908"
"695.5370","15.3590","4435.42051","-60.8490","12.8628"
"695.5420","15.3590","4433.39396","-60.8490","12.8541"
"695.5470","15.3591","4436.06091","-60.8490","12.8415"
"695.5520","15.3596","4444.20385","-60.8490","12.8355"
"695.5570","15.3613","4454.76866","-60.8490","12.8409"
"695.5620","15.3654","4460.72960","-60.8490","12.8450"
"695.5670","15.3736","4458.54425","-60.8490","12.8638"
"695.5720","15.3873","4448.59934","-60.8490","12.9198"
"695.5770","15.4078","4437.06036","-60.8490","12.9751"
"695.5820","15.4358","4436.23734","-60.8490","13.0344"
"695.5870","15.4709","4456.18677","-60.8490","13.0712"
"695.5920","15.5123","4497.04456","-60.8490","13.0898"
"695.5970","15.5587","4551.75114","-60.8490","13.1183"
"695.6020","15.6087","4607.12004","-60.8490","13.1796"
"695.6070","15.6610","4651.80492","-60.8490","13.2421"
"695.6120","15.7145","4684.03244","-60.8490","13.3036"
"695.6170","15.7684","4708.24051","-60.8490","13.3795"
"695.6220","15.8219","4730.35479","-60.8490","13.4591"
"695.6270","15.8749","4754.44889","-60.8490","13.5085"
"695.6320","15.9270","4782.47929","-60.8490","13.5332"
"695.6370","15.9785","4811.35988","-60.8490","13.5463"
"695.6420","16.0292","4838.50813","-60.8490","13.5505"
"695.6470","16.0794","4863.82675","-60.8490","13.5579"
"695.6520","16.1292","4891.28876","-60.8490","13.5758"
"695.6570","16.1786","4922.37282","-60.8490","13.6088"
"695.6620","16.2277","4959.88035","-60.8490","13.6461"
"695.6670","16.2768","5000.38052","-60.8490","13.6647"
"695.6720","16.3258","5037.83751","-60.8490","13.6748"
"695.6760","16.3649","5061.01847","-60.8490","13.6903"
"695.6770","16.3747","5065.75155","-60.8490","13.6987"
"697.4570","20.4778","6606.71473","-60.8490","15.4767"
"697.4620","20.4778","6604.90656","-60.8490","15.4783"
"697.4670","20.4779","6606.12345","-60.8490","15.4794"
"697.4720","20.4784","6611.01580","-60.8490","15.4835"
"697.4770","20.4800","6617.61332","-60.8490","15.4878"
"697.4820","20.4840","6621.48905","-60.8490","15.4990"
"697.4870","20.4918","6618.84594","-60.8490","15.5223"
"697.4920","20.5052","6608.89339","-60.8490","15.5438"
"697.4970","20.5255","6598.74058","-60.8490","15.5861"
"697.5020","20.5531","6601.60398","-60.8490","15.6264"
"697.5070","20.5878","6624.22943","-60.8490","15.6362"
"697.5120","20.6289","6667.26875","-60.8490","15.6270"
"697.5170","20.6751","6722.78214","-60.8490","15.6165"
"697.5220","20.7249","6779.74892","-60.8490","15.6212"
"697.5270","20.7770","6826.30920","-60.8490","15.6651"
"697.5320","20.8304","6860.02254","-60.8490","15.7416"
"697.5370","20.8841","6885.20384","-60.8490","15.8387"
"697.5420","20.9375","6908.84304","-60.8490","15.9208"
"697.5470","20.9903","6936.24258","-60.8490","15.9802"
"697.5520","21.0425","6967.96608","-60.8490","16.0166"
"697.5570","21.0939","7000.02718","-60.8490","16.0345"
"697.5620","21.1446","7029.23346","-60.8490","16.0618"
"697.5670","21.1948","7057.16276","-60.8490","16.0894"
"697.5720","21.2445","7085.70766","-60.8490","16.1244"
"697.5770","21.2939","7118.49594","-60.8490","16.1670"
"697.5820","21.3431","7157.48215","-60.8490","16.2113"
"697.5870","21.3922","7200.79756","-60.8490","16.2424"
"697.5920","21.4412","7241.88566","-60.8490","16.2619"
"697.5960","21.4805","7269.86456","-60.8490","16.2792"
"697.5970","21.4903","7275.80976","-60.8490","16.2859"
"699.3840","25.5975","8839.15997","-60.8490","17.9629"
"699.3890","25.5975","8837.43668","-60.8490","17.9589"
"699.3940","25.5976","8838.61732","-60.8490","17.9393"
"699.3990","25.5981","8844.45572","-60.8490","17.9147"
"699.4040","25.5998","8853.25432","-60.8490","17.8693"
"699.4090","25.6038","8857.82146","-60.8490","17.8444"
"699.4140","25.6119","8856.07719","-60.8490","17.8586"
"699.4190","25.6256","8848.44875","-60.8490","17.9072"
"699.4240","25.6462","8840.30819","-60.8490","17.9557"
"699.4290","25.6741","8844.90871","-60.8490","17.9838"
"699.4340","25.7093","8871.92345","-60.8490","17.9887"
"699.4390","25.7507","8920.60566","-60.8490","17.9752"
"699.4440","25.7972","8981.19354","-60.8490","17.9749"
"699.4490","25.8474","9041.86916","-60.8490","17.9976"
"699.4540","25.8997","9092.55409","-60.8490","18.0358"
"699.4590","25.9533","9130.65529","-60.8490","18.0877"
"699.4640","26.0071","9160.08282","-60.8490","18.1607"
"699.4690","26.0607","9188.13133","-60.8490","18.2326"
"699.4740","26.1136","9220.45898","-60.8490","18.2713"
"699.4790","26.1658","9259.06277","-60.8490","18.3118"
"699.4840","26.2172","9297.79911","-60.8490","18.3595"
"699.4890","26.2680","9332.44324","-60.8490","18.4029"
"699.4940","26.3181","9363.30032","-60.8490","18.4487"
"699.4990","26.3678","9393.13316","-60.8490","18.5010"
"699.5040","26.4172","9426.95236","-60.8490","18.5485"
"699.5090","26.4663","9466.05110","-60.8490","18.5941"
"699.5140","26.5152","9508.91781","-60.8490","18.6317"
"699.5190","26.5641","9549.65591","-60.8490","18.6570"
"699.5230","26.6032","9578.02200","-60.8490","18.6724"
"699.5240","26.6130","9584.14745","-60.8490","18.6772"
"701.3130","30.7189","11198.74287","-60.8490","19.8927"
"701.3180","30.7189","11196.43497","-60.8490","19.8803"
"701.3230","30.7190","11197.56031","-60.8490","19.8534"
"701.3280","30.7195","11202.53277","-60.8490","19.8319"
"701.3330","30.7212","11211.56502","-60.8490","19.8292"
"701.3380","30.7252","11220.32070","-60.8490","19.8374"
"701.3430","30.7330","11225.17014","-60.8490","19.8729"
"701.3480","30.7464","11226.38988","-60.8490","19.9295"
"701.3530","30.7667","11227.37885","-60.8490","20.0001"
"701.3580","30.7943","11240.32688","-60.8490","20.0609"
"701.3630","30.8291","11276.10493","-60.8490","20.0925"
"701.3680","30.8702","11332.19814","-60.8490","20.0848"
"701.3730","30.9165","11401.15547","-60.8490","20.0612"
"701.3780","30.9664","11471.22669","-60.8490","20.0690"
"701.3830","31.0187","11530.39360","-60.8490","20.1139"
"701.3880","31.0721","11574.71657","-60.8490","20.1602"
"701.3930","31.1259","11607.63264","-60.8490","20.2310"
"701.3980","31.1795","11637.25090","-60.8490","20.3058"
"701.4030","31.2324","11670.46738","-60.8490","20.3592"
"701.4080","31.2846","11711.21025","-60.8490","20.3809"
"701.4130","31.3361","11754.01783","-60.8490","20.4246"
"701.4180","31.3869","11793.59818","-60.8490","20.4790"
"701.4230","31.4371","11830.30415","-60.8490","20.5401"
"701.4280","31.4868","11867.54704","-60.8490","20.6028"
"701.4330","31.5362","11908.57601","-60.8490","20.6421"
"701.4380","31.5853","11955.22118","-60.8490","20.6869"
"701.4430","31.6342","12005.36823","-60.8490","20.7372"
"701.4480","31.6831","12053.03288","-60.8490","20.7574"
"701.4520","31.7222","12085.39104","-60.8490","20.7751"
"701.4530","31.7320","12092.53502","-60.8490","20.7767"
"703.2320","35.8343","13881.28567","-60.8490","21.9597"
"703.2370","35.8343","13881.91986","-60.8490","21.9542"
"703.2420","35.8344","13884.06467","-60.8490","21.9368"
"703.2470","35.8349","13888.22269","-60.8490","21.9253"
"703.2520","35.8366","13894.11354","-60.8490","21.9263"
"703.2570","35.8406","13899.85847","-60.8490","21.9382"
"703.2620","35.8485","13902.36473","-60.8490","21.9715"
"703.2670","35.8619","13903.94020","-60.8490","22.0225"
"703.2720","35.8821","13909.02710","-60.8490","22.0826"
"703.2770","35.9097","13926.48983","-60.8490","22.1253"
"703.2820","35.9444","13967.32521","-60.8490","22.1370"
"703.2870","35.9854","14032.57656","-60.8490","22.1281"
"703.2920","36.0316","14110.47840","-60.8490","22.1456"
"703.2970","36.0814","14185.24933","-60.8490","22.1843"
"703.3020","36.1336","14245.10479","-60.8490","22.2387"
"703.3070","36.1870","14287.60624","-60.8490","22.3065"
"703.3120","36.2407","14318.03226","-60.8490","22.3805"
"703.3170","36.2943","14344.36321","-60.8490","22.4532"
"703.3220","36.3473","14376.05858","-60.8490","22.5078"
"703.3270","36.3996","14414.31713","-60.8490","22.5461"
"703.3320","36.4511","14459.50222","-60.8490","22.5796"
"703.3370","36.5020","14506.08730","-60.8490","22.6001"
"703.3420","36.5522","14550.13371","-60.8490","22.6512"
"703.3470","36.6020","14595.54386","-60.8490","22.7229"
"703.3520","36.6514","14644.09733","-60.8490","22.7826"
"703.3570","36.7006","14695.79697","-60.8490","22.8307"
"703.3620","36.7496","14747.45178","-60.8490","22.8707"
"703.3670","36.7986","14795.99190","-60.8490","22.9020"
"703.3710","36.8377","14829.43630","-60.8490","22.9143"
"703.3720","36.8475","14836.76815","-60.8490","22.9155"
"705.1540","40.9527","16574.55826","-60.8490","23.6864"
"705.1590","40.9527","16574.70894","-60.8490","23.6949"
"705.1640","40.9528","16577.78549","-60.8490","23.6852"
"705.1690","40.9533","16583.03452","-60.8490","23.6713"
"705.1740","40.9549","16591.80641","-60.8490","23.6747"
"705.1790","40.9588","16602.23770","-60.8490","23.6796"
"705.1840","40.9666","16611.50742","-60.8490","23.6942"
"705.1890","40.9799","16620.74661","-60.8490","23.7351"
"705.1940","41.0001","16637.10403","-60.8490","23.8046"
"705.1990","41.0277","16671.08536","-60.8490","23.8647"
"705.2040","41.0625","16730.62325","-60.8490","23.8797"
"705.2090","41.1037","16815.32669","-60.8490","23.8766"
"705.2140","41.1499","16912.55188","-60.8490","23.8960"
"705.2190","41.1998","17007.97844","-60.8490","23.9491"
"705.2240","41.2521","17090.04211","-60.8490","24.0145"
"705.2290","41.3056","17157.99141","-60.8490","24.0950"
"705.2340","41.3593","17215.38734","-60.8490","24.1812"
"705.2390","41.4128","17271.24023","-60.8490","24.2675"
"705.2440","41.4658","17331.72607","-60.8490","24.3401"
"705.2490","41.5179","17397.00699","-60.8490","24.3910"
"705.2540","41.5693","17466.14456","-60.8490","24.4243"
"705.2590","41.6200","17532.78732","-60.8490","24.4720"
"705.2640","41.6702","17592.86308","-60.8490","24.5380"
"705.2690","41.7199","17645.50591","-60.8490","24.5845"
"705.2740","41.7693","17694.27490","-60.8490","24.6174"
"705.2790","41.8184","17742.12646","-60.8490","24.6465"
"705.2840","41.8675","17789.23798","-60.8490","24.6552"
"705.2890","41.9164","17836.19308","-60.8490","24.6676"
"705.2930","41.9556","17871.17767","-60.8490","24.6919"
"705.2940","41.9654","17879.51851","-60.8490","24.7001"
"707.0750","46.0705","20986.61041","-60.8490","26.8267"
"707.0800","46.0705","20983.85048","-60.8490","26.8199"
"707.0850","46.0706","20988.12866","-60.8490","26.8197"
"707.0900","46.0711","21007.30705","-60.8490","26.8326"
"707.0950","46.0728","21054.97360","-60.8490","26.8828"
"707.1000","46.0768","21143.59093","-60.8490","26.9980"
"707.1050","46.0848","21277.66037","-60.8490","27.1972"
"707.1100","46.0984","21440.99808","-60.8490","27.4485"
"707.1150","46.1188","21625.74196","-60.8490","27.7236"
"707.1200","46.1467","21838.14049","-60.8490","28.0141"
"707.1250","46.1818","22085.28519","-60.8490","28.2870"
"707.1300","46.2232","22363.66081","-60.8490","28.5415"
"707.1350","46.2697","22659.83391","-60.8490","28.8355"
"707.1400","46.3199","22954.36096","-60.8490","29.1611"
"707.1450","46.3724","23226.41563","-60.8490","29.4985"
"707.1500","46.4261","23469.61784","-60.8490","29.8388"
"707.1550","46.4800","23688.29918","-60.8490","30.1725"
"707.1600","46.5336","23880.67245","-60.8490","30.4722"
"707.1650","46.5865","24037.03499","-60.8490","30.6869"
"707.1700","46.6387","24167.90390","-60.8490","30.8455"
"707.1750","46.6900","24280.36499","-60.8490","30.9918"
"707.1800","46.7407","24381.92749","-60.8490","31.1638"
"707.1850","46.7908","24484.35593","-60.8490","31.3423"
"707.1900","46.8404","24595.91103","-60.8490","31.5290"
"707.1950","46.8897","24721.78841","-60.8490","31.7240"
"707.2000","46.9389","24867.84935","-60.8490","31.9226"
"707.2050","46.9879","25035.69794","-60.8490","32.1287"
"707.2100","47.0369","25224.95270","-60.8490","32.3560"
"707.2140","47.0761","25392.67921","-60.8490","32.5716"
"707.2150","47.0859","25436.71989","-60.8490","32.6316"
"709.0060","51.1913","39986.62949","-60.8490","55.8387"
"709.0110","51.1913","39981.38046","-60.8490","55.8317"
"709.0160","51.1913","39984.34448","-60.8490","55.7961"
"709.0210","51.1919","40014.01520","-60.8490","55.7728"
"709.0260","51.1936","40118.56461","-60.8490","55.8646"
"709.0310","51.1976","40376.26648","-60.8490","56.1936"
"709.0360","51.2057","40879.90952","-60.8490","56.8877"
"709.0410","51.2193","41682.52182","-60.8490","58.0606"
"709.0460","51.2397","42773.65875","-60.8490","59.7219"
"709.0510","51.2675","44025.42496","-60.8490","61.6725"
"709.0560","51.3025","45343.84537","-60.8490","63.7178"
"709.0610","51.3439","46670.48645","-60.8490","65.7462"
"709.0660","51.3902","47963.86337","-60.8490","67.7059"
"709.0710","51.4403","49193.19534","-60.8490","69.5845"
"709.0760","51.4926","50308.58231","-60.8490","71.3076"
"709.0810","51.5461","51251.96838","-60.8490","72.8045"
"709.0860","51.5999","52000.53024","-60.8490","74.0528"
"709.0910","51.6534","52504.93622","-60.8490","74.9344"
"709.0960","51.7063","52769.92416","-60.8490","75.4305"
"709.1010","51.7584","52959.05304","-60.8490","75.7854"
"709.1060","51.8097","53174.01886","-60.8490","76.1521"
"709.1110","51.8603","53453.28903","-60.8490","76.6060"
"709.1160","51.9104","53805.26352","-60.8490","77.1675"
"709.1210","51.9600","54219.76089","-60.8490","77.8216"
"709.1260","52.0092","54670.96329","-60.8490","78.5479"
"709.1310","52.0583","55091.32004","-60.8490","79.2239"
"709.1360","52.1073","55412.79221","-60.8490","79.7593"
"709.1410","52.1562","55648.48328","-60.8490","80.1918"
"709.1450","52.1954","55795.49408","-60.8490","80.4688"
"709.1460","52.2052","55827.67868","-60.8490","80.5341"
"722.6270","0.0008","-31686.46240","-70.8399","1.3419"
"722.6320","0.0009","-31681.64253","-70.8399","1.3709"
"722.6370","0.0010","-31626.13106","-70.8399","1.3787"
"722.6420","0.0018","-31289.59274","-70.8399","1.4072"
"722.6470","0.0044","-30242.30003","-70.8399","1.4954"
"722.6520","0.0106","-28185.04143","-70.8399","1.6705"
"722.6570","0.0220","-25471.18950","-70.8399","1.9698"
"722.6620","0.0403","-22409.03664","-70.8399","2.4634"
"722.6670","0.0660","-19304.57497","-70.8399","3.1329"
"722.6720","0.0993","-16420.30334","-70.8399","3.9398"
"722.6770","0.1393","-13920.12787","-70.8399","4.8646"
"722.6820","0.1847","-11883.73470","-70.8399","5.9219"
"722.6870","0.2341","-10200.98114","-70.8399","7.1098"
"722.6920","0.2862","-8787.54520","-70.8399","8.3615"
"722.6970","0.3395","-7672.71614","-70.8399","9.6194"
"722.7020","0.3933","-6855.61848","-70.8399","10.8388"
"722.7070","0.4469","-6316.32710","-70.8399","12.0174"
"722.7120","0.4998","-6022.08662","-70.8399","13.1516"
"722.7170","0.5520","-5893.71300","-70.8399","14.2063"
"722.7220","0.6034","-5731.38857","-70.8399","15.1684"
"722.7270","0.6541","-5529.30307","-70.8399","16.0704"
"722.7320","0.7042","-5344.99025","-70.8399","16.9425"
"722.7370","0.7538","-5216.96472","-70.8399","17.7796"
"722.7420","0.8031","-5157.36771","-70.8399","18.6123"
"722.7470","0.8522","-5161.33881","-70.8399","19.4349"
"722.7520","0.9011","-5107.87678","-70.8399","20.2330"
"722.7570","0.9500","-4926.05591","-70.8399","20.9946"
"722.7620","0.9988","-4697.40438","-70.8399","21.7162"
"722.7630","1.0086","-4652.88305","-70.8399","21.8534"
"722.7640","1.0184","-4609.94625","-70.8399","21.9909"
"724.5470","5.1201","-1237.01096","-70.8399","14.1037"
"724.5520","5.1201","-1234.27594","-70.8399","14.1235"
"724.5570","5.1202","-1216.24362","-70.8399","14.1377"
"724.5620","5.1207","-1129.71723","-70.8399","14.1455"
"724.5670","5.1224","-967.36854","-70.8399","14.1710"
"724.5720","5.1264","-782.52560","-70.8399","14.2483"
"724.5770","5.1343","-619.67289","-70.8399","14.4292"
"724.5820","5.1478","-487.54701","-70.8399","14.7147"
"724.5870","5.1682","-287.99430","-70.8399","15.0998"
"724.5920","5.1960","-19.68550","-70.8399","15.5038"
"724.5970","5.2311","253.89141","-70.8399","15.8021"
"724.6020","5.2724","480.56084","-70.8399","15.9705"
"724.6070","5.3189","638.11344","-70.8399","16.0455"
"724.6120","5.3690","759.58019","-70.8399","16.0741"
"724.6170","5.4214","916.34458","-70.8399","16.0396"
"724.6220","5.4750","1074.03994","-70.8399","15.9724"
"724.6270","5.5289","1197.46590","-70.8399","15.8836"
"724.6320","5.5824","1266.31975","-70.8399","15.7613"
"724.6370","5.6353","1275.92397","-70.8399","15.6193"
"724.6420","5.6874","1275.91610","-70.8399","15.4743"
"724.6470","5.7388","1335.57665","-70.8399","15.2590"
"724.6520","5.7895","1410.18903","-70.8399","14.9683"
"724.6570","5.8396","1463.86874","-70.8399","14.6726"
"724.6620","5.8893","1480.50702","-70.8399","14.4135"
"724.6670","5.9387","1455.68871","-70.8399","14.1759"
"724.6720","5.9879","1410.61914","-70.8399","13.9641"
"724.6770","6.0369","1441.43069","-70.8399","13.7954"
"724.6820","6.0859","1529.00136","-70.8399","13.6524"
"724.6860","6.1251","1602.99277","-70.8399","13.5317"
"724.6870","6.1349","1618.83640","-70.8399","13.4977"
"726.4670","10.2415","1942.86990","-70.8399","12.0142"
"726.4720","10.2415","1947.88718","-70.8399","12.0260"
"726.4770","10.2416","1963.46319","-70.8399","12.0229"
"726.4820","10.2422","2026.42655","-70.8399","11.9959"
"726.4870","10.2439","2147.17865","-70.8399","11.9697"
"726.4920","10.2479","2280.92241","-70.8399","11.9428"
"726.4970","10.2560","2391.89744","-70.8399","11.9434"
"726.5020","10.2696","2494.28201","-70.8399","11.9934"
"726.5070","10.2901","2653.19252","-70.8399","12.0693"
"726.5120","10.3179","2836.55739","-70.8399","12.1143"
"726.5170","10.3529","3006.46520","-70.8399","12.1550"
"726.5220","10.3943","3130.36036","-70.8399","12.1743"
"726.5270","10.4407","3199.79525","-70.8399","12.2043"
"726.5320","10.4907","3284.80482","-70.8399","12.2378"
"726.5370","10.5431","3380.25069","-70.8399","12.2706"
"726.5420","10.5966","3452.64363","-70.8399","12.3078"
"726.5470","10.6505","3487.47969","-70.8399","12.3405"
"726.5520","10.7040","3476.89152","-70.8399","12.3749"
"726.5570","10.7569","3430.83072","-70.8399","12.4223"
"726.5620","10.8090","3430.82094","-70.8399","12.4714"
"726.5670","10.8604","3485.67915","-70.8399","12.4944"
"726.5720","10.9111","3554.38757","-70.8399","12.5140"
"726.5770","10.9611","3602.30923","-70.8399","12.5530"
"726.5820","11.0107","3613.85894","-70.8399","12.6162"
"726.5870","11.0600","3589.00118","-70.8399","12.6929"
"726.5920","11.1090","3588.71889","-70.8399","12.7527"
"726.5970","11.1580","3644.09661","-70.8399","12.7749"
"726.6020","11.2069","3715.82127","-70.8399","12.7899"
"726.6060","11.2460","3759.61971","-70.8399","12.7989"
"726.6070","11.2558","3766.91890","-70.8399","12.8034"
"728.3870","15.3578","4051.16606","-70.8399","14.5053"
"728.3920","15.3578","4054.70037","-70.8399","14.4841"
"728.3970","15.3579","4067.47341","-70.8399","14.4550"
"728.4020","15.3585","4121.83905","-70.8399","14.4181"
"728.4070","15.3602","4223.92559","-70.8399","14.3604"
"728.4120","15.3643","4335.90317","-70.8399","14.3173"
"728.4170","15.3725","4425.25339","-70.8399","14.3205"
"728.4220","15.3862","4521.42334","-70.8399","14.3521"
"728.4270","15.4068","4665.51113","-70.8399","14.3890"
"728.4320","15.4348","4826.41697","-70.8399","14.4288"
"728.4370","15.4699","4973.84024","-70.8399","14.4329"
"728.4420","15.5114","5085.21461","-70.8399","14.4098"
"728.4470","15.5578","5178.24507","-70.8399","14.3983"
"728.4520","15.6079","5297.90497","-70.8399","14.4161"
"728.4570","15.6603","5411.05127","-70.8399","14.4664"
"728.4620","15.7138","5492.51938","-70.8399","14.5477"
"728.4670","15.7676","5528.31554","-70.8399","14.6480"
"728.4720","15.8212","5520.72906","-70.8399","14.7432"
"728.4770","15.8741","5490.21196","-70.8399","14.8122"
"728.4820","15.9263","5508.29363","-70.8399","14.8516"
"728.4870","15.9777","5562.99734","-70.8399","14.8696"
"728.4920","16.0285","5619.65132","-70.8399","14.8939"
"728.4970","16.0786","5651.62754","-70.8399","14.9195"
"728.5020","16.1284","5649.48034","-70.8399","14.9579"
"728.5070","16.1778","5634.37557","-70.8399","15.0094"
"728.5120","16.2269","5673.41900","-70.8399","15.0565"
"728.5170","16.2759","5746.25540","-70.8399","15.0958"
"728.5220","16.3249","5817.70420","-70.8399","15.1165"
"728.5260","16.3641","5852.99635","-70.8399","15.1282"
"728.5270","16.3739","5857.60880","-70.8399","15.1320"
"730.3130","20.4774","6209.06544","-70.8399","16.6973"
"730.3180","20.4774","6209.68246","-70.8399","16.7022"
"730.3230","20.4775","6220.18766","-70.8399","16.6745"
"730.3280","20.4780","6268.93520","-70.8399","16.6451"
"730.3330","20.4797","6358.89101","-70.8399","16.6039"
"730.3380","20.4836","6458.39071","-70.8399","16.5634"
"730.3430","20.4914","6552.44923","-70.8399","16.5578"
"730.3480","20.5048","6675.54522","-70.8399","16.5843"
"730.3530","20.5250","6815.02724","-70.8399","16.6282"
"730.3580","20.5526","6948.57025","-70.8399","16.6717"
"730.3630","20.5874","7062.48522","-70.8399","16.6949"
"730.3680","20.6285","7148.31305","-70.8399","16.7188"
"730.3730","20.6746","7235.11982","-70.8399","16.7570"
"730.3780","20.7245","7338.85193","-70.8399","16.7864"
"730.3830","20.7767","7427.91271","-70.8399","16.8170"
"730.3880","20.8301","7483.05511","-70.8399","16.8509"
"730.3930","20.8838","7501.11485","-70.8399","16.8964"
"730.3980","20.9372","7489.42852","-70.8399","16.9668"
"730.4030","20.9901","7496.52243","-70.8399","17.0262"
"730.4080","21.0422","7544.13319","-70.8399","17.0596"
"730.4130","21.0936","7606.69184","-70.8399","17.0966"
"730.4180","21.1443","7656.04544","-70.8399","17.1283"
"730.4230","21.1944","7678.28941","-70.8399","17.1369"
"730.4280","21.2441","7672.45770","-70.8399","17.1602"
"730.4330","21.2935","7676.00870","-70.8399","17.2051"
"730.4380","21.3426","7725.09813","-70.8399","17.2336"
"730.4430","21.3917","7796.07439","-70.8399","17.2580"
"730.4480","21.4408","7857.48768","-70.8399","17.2805"
"730.4520","21.4800","7883.85773","-70.8399","17.2942"
"730.4530","21.4898","7886.54089","-70.8399","17.3003"
"732.2420","25.5956","8457.55672","-70.8399","18.8801"
"732.2470","25.5956","8455.98793","-70.8399","18.8807"
"732.2520","25.5957","8464.91051","-70.8399","18.8699"
"732.2570","25.5962","8506.89888","-70.8399","18.8410"
"732.2620","25.5978","8580.58739","-70.8399","18.7988"
"732.2670","25.6018","8661.93199","-70.8399","18.7751"
"732.2720","25.6098","8761.80553","-70.8399","18.7784"
"732.2770","25.6234","8888.37337","-70.8399","18.8122"
"732.2820","25.6438","9015.22255","-70.8399","18.8770"
"732.2870","25.6717","9128.99590","-70.8399","18.9257"
"732.2920","25.7067","9226.62449","-70.8399","18.9243"
"732.2970","25.7481","9321.33198","-70.8399","18.9053"
"732.3020","25.7945","9442.10052","-70.8399","18.9060"
"732.3070","25.8446","9564.13746","-70.8399","18.9245"
"732.3120","25.8970","9658.44536","-70.8399","18.9515"
"732.3170","25.9505","9712.19158","-70.8399","19.0032"
"732.3220","26.0043","9726.61400","-70.8399","19.0636"
"732.3270","26.0578","9721.10081","-70.8399","19.1416"
"732.3320","26.1107","9742.75208","-70.8399","19.2188"
"732.3370","26.1629","9792.70172","-70.8399","19.2680"
"732.3420","26.2143","9848.05489","-70.8399","19.3103"
"732.3470","26.2650","9887.42638","-70.8399","19.3441"
"732.3520","26.3152","9903.16582","-70.8399","19.3726"
"732.3570","26.3649","9907.28188","-70.8399","19.4015"
"732.3620","26.4142","9943.64929","-70.8399","19.4297"
"732.3670","26.4634","10007.99561","-70.8399","19.4706"
"732.3720","26.5124","10078.66764","-70.8399","19.4901"
"732.3770","26.5614","10130.68771","-70.8399","19.5013"
"732.3810","26.6005","10150.14172","-70.8399","19.5215"
"732.3820","26.6103","10151.70670","-70.8399","19.5302"
"734.1610","30.7132","10918.04314","-70.8399","20.6639"
"734.1660","30.7132","10916.39709","-70.8399","20.6562"
"734.1710","30.7133","10923.93589","-70.8399","20.6492"
"734.1760","30.7138","10959.96380","-70.8399","20.6419"
"734.1810","30.7155","11021.71040","-70.8399","20.6274"
"734.1860","30.7195","11110.61001","-70.8399","20.6377"
"734.1910","30.7275","11227.28825","-70.8399","20.6838"
"734.1960","30.7409","11354.18701","-70.8399","20.7356"
"734.2010","30.7612","11473.40298","-70.8399","20.7926"
"734.2060","30.7889","11572.32571","-70.8399","20.8369"
"734.2110","30.8237","11653.78475","-70.8399","20.8685"
"734.2160","30.8649","11741.69731","-70.8399","20.9052"
"734.2210","30.9111","11850.57640","-70.8399","20.9374"
"734.2260","30.9611","11958.73165","-70.8399","20.9875"
"734.2310","31.0133","12041.64219","-70.8399","21.0454"
"734.2360","31.0668","12088.99498","-70.8399","21.1107"
"734.2410","31.1206","12106.56357","-70.8399","21.1925"
"734.2460","31.1741","12129.57859","-70.8399","21.2719"
"734.2510","31.2270","12174.85332","-70.8399","21.3217"
"734.2560","31.2792","12230.66330","-70.8399","21.3510"
"734.2610","31.3307","12281.20804","-70.8399","21.3701"
"734.2660","31.3815","12315.23132","-70.8399","21.3691"
"734.2710","31.4317","12329.53930","-70.8399","21.3774"
"734.2760","31.4815","12344.12098","-70.8399","21.4090"
"734.2810","31.5309","12391.19244","-70.8399","21.4280"
"734.2860","31.5800","12461.33327","-70.8399","21.4348"
"734.2910","31.6290","12532.40585","-70.8399","21.4531"
"734.2960","31.6778","12579.62799","-70.8399","21.4866"
"734.3000","31.7169","12596.06552","-70.8399","21.5256"
"734.3010","31.7267","12597.31483","-70.8399","21.5373"
"736.0800","35.8292","13605.59082","-70.8399","22.5385"
"736.0850","35.8292","13603.30582","-70.8399","22.5221"
"736.0900","35.8293","13610.51846","-70.8399","22.5111"
"736.0950","35.8298","13640.46860","-70.8399","22.5128"
"736.1000","35.8315","13689.79073","-70.8399","22.5316"
"736.1050","35.8355","13768.61286","-70.8399","22.5711"
"736.1100","35.8434","13866.08315","-70.8399","22.6374"
"736.1150","35.8569","13968.39237","-70.8399","22.7186"
"736.1200","35.8771","14066.36620","-70.8399","22.8003"
"736.1250","35.9047","14153.59879","-70.8399","22.8704"
"736.1300","35.9394","14230.30949","-70.8399","22.9240"
"736.1350","35.9804","14326.39408","-70.8399","22.9391"
"736.1400","36.0265","14439.22043","-70.8399","22.9415"
"736.1450","36.0763","14546.73195","-70.8399","22.9494"
"736.1500","36.1285","14627.99358","-70.8399","22.9749"
"736.1550","36.1818","14675.65060","-70.8399","23.0404"
"736.1600","36.2356","14699.39327","-70.8399","23.1360"
"736.1650","36.2891","14732.50484","-70.8399","23.2063"
"736.1700","36.3421","14782.01771","-70.8399","23.2256"
"736.1750","36.3944","14839.14089","-70.8399","23.2412"
"736.1800","36.4459","14887.97474","-70.8399","23.2431"
"736.1850","36.4968","14920.16792","-70.8399","23.2617"
"736.1900","36.5471","14938.27248","-70.8399","23.3063"
"736.1950","36.5969","14966.34769","-70.8399","23.3474"
"736.2000","36.6463","15020.98942","-70.8399","23.3863"
"736.2050","36.6955","15090.96146","-70.8399","23.4321"
"736.2100","36.7445","15156.04687","-70.8399","23.4777"
"736.2150","36.7935","15200.46139","-70.8399","23.5135"
"736.2190","36.8326","15218.05573","-70.8399","23.5280"
"736.2200","36.8424","15220.74509","-70.8399","23.5314"
"738.0040","40.9444","16647.41135","-70.8399","24.3586"
"738.0090","40.9444","16646.58928","-70.8399","24.3574"
"738.0140","40.9445","16651.66092","-70.8399","24.3356"
"738.0190","40.9450","16669.12270","-70.8399","24.3127"
"738.0240","40.9467","16704.25797","-70.8399","24.2855"
"738.0290","40.9506","16755.47600","-70.8399","24.2591"
"738.0340","40.9583","16814.58855","-70.8399","24.2822"
"738.0390","40.9716","16875.24223","-70.8399","24.3430"
"738.0440","40.9917","16935.71663","-70.8399","24.4212"
"738.0490","41.0192","17001.94740","-70.8399","24.5003"
"738.0540","41.0540","17085.11162","-70.8399","24.5563"
"738.0590","41.0951","17197.05009","-70.8399","24.5746"
"738.0640","41.1413","17327.71492","-70.8399","24.6038"
"738.0690","41.1912","17456.30074","-70.8399","24.6499"
"738.0740","41.2434","17566.67900","-70.8399","24.7103"
"738.0790","41.2969","17654.52385","-70.8399","24.7992"
"738.0840","41.3506","17726.61972","-70.8399","24.9058"
"738.0890","41.4041","17802.88315","-70.8399","25.0288"
"738.0940","41.4570","17893.40019","-70.8399","25.1177"
"738.0990","41.5092","17993.34145","-70.8399","25.1765"
"738.1040","41.5605","18089.95819","-70.8399","25.2381"
"738.1090","41.6112","18174.89815","-70.8399","25.3114"
"738.1140","41.6614","18252.23732","-70.8399","25.3925"
"738.1190","41.7111","18332.96585","-70.8399","25.4900"
"738.1240","41.7605","18427.34718","-70.8399","25.5938"
"738.1290","41.8097","18531.38924","-70.8399","25.6938"
"738.1340","41.8587","18631.92368","-70.8399","25.7771"
"738.1390","41.9077","18719.29359","-70.8399","25.8499"
"738.1430","41.9469","18778.23257","-70.8399","25.9001"
"738.1440","41.9566","18791.83578","-70.8399","25.9114"
"739.9240","46.0626","23454.91028","-70.8399","31.7082"
"739.9290","46.0626","23453.29475","-70.8399","31.7131"
"739.9340","46.0627","23461.42197","-70.8399","31.7278"
"739.9390","46.0632","23512.96616","-70.8399","31.7513"
"739.9440","46.0648","23655.59959","-70.8399","31.8661"
"739.9490","46.0687","23940.01007","-70.8399","32.1652"
"739.9540","46.0765","24412.48894","-70.8399","32.7442"
"739.9590","46.0898","25060.30083","-70.8399","33.6337"
"739.9640","46.1100","25798.43903","-70.8399","34.7110"
"739.9690","46.1377","26577.18277","-70.8399","35.8968"
"739.9740","46.1725","27388.98468","-70.8399","37.1274"
"739.9790","46.2137","28246.53435","-70.8399","38.3678"
"739.9840","46.2601","29097.91565","-70.8399","39.5751"
"739.9890","46.3101","29891.51382","-70.8399","40.7266"
"739.9940","46.3625","30593.26363","-70.8399","41.8045"
"739.9990","46.4161","31185.02426","-70.8399","42.7952"
"740.0040","46.4701","31680.12238","-70.8399","43.6845"
"740.0090","46.5237","32126.24359","-70.8399","44.4699"
"740.0140","46.5767","32535.70557","-70.8399","45.1415"
"740.0190","46.6289","32889.75143","-70.8399","45.7098"
"740.0240","46.6802","33152.23694","-70.8399","46.1691"
"740.0290","46.7309","33288.55133","-70.8399","46.4987"
"740.0340","46.7810","33299.20959","-70.8399","46.6568"
"740.0390","46.8306","33254.42505","-70.8399","46.6848"
"740.0440","46.8799","33229.34341","-70.8399","46.6750"
"740.0490","46.9290","33257.38907","-70.8399","46.7214"
"740.0540","46.9780","33346.61102","-70.8399","46.8595"
"740.0590","47.0270","33493.23654","-70.8399","47.0836"
"740.0630","47.0662","33652.49634","-70.8399","47.3279"
"740.0640","47.0760","33699.69940","-70.8399","47.4009"
"741.8430","51.1776","51717.56363","-70.8399","77.9204"
"741.8480","51.1776","51712.68082","-70.8399","77.8763"
"741.8530","51.1777","51721.57288","-70.8399","77.8320"
"741.8580","51.1782","51797.27936","-70.8399","77.8261"
"741.8630","51.1799","52018.28003","-70.8399","77.9608"
"741.8680","51.1840","52468.28842","-70.8399","78.3663"
"741.8730","51.1921","53252.81525","-70.8399","79.2556"
"741.8780","51.2058","54441.62369","-70.8399","80.8261"
"741.8830","51.2263","56033.35190","-70.8399","83.1508"
"741.8880","51.2542","57956.20346","-70.8399","86.1286"
"741.8930","51.2893","60006.57654","-70.8399","89.4087"
"741.8980","51.3307","62054.70657","-70.8399","92.6494"
"741.9030","51.3771","63998.77930","-70.8399","95.6721"
"741.9080","51.4271","65709.56421","-70.8399","98.3570"
"741.9130","51.4795","67081.30646","-70.8399","100.5979"
"741.9180","51.5330","68077.58331","-70.8399","102.3449"
"741.9230","51.5868","68722.39685","-70.8399","103.6417"
"741.9280","51.6403","69212.35657","-70.8399","104.6675"
"741.9330","51.6931","69732.11670","-70.8399","105.6092"
"741.9380","51.7452","70342.01813","-70.8399","106.6000"
"741.9430","51.7965","70992.66815","-70.8399","107.6865"
"741.9480","51.8471","71625.36621","-70.8399","108.8122"
"741.9530","51.8972","72238.48724","-70.8399","109.9687"
"741.9580","51.9468","72860.34393","-70.8399","111.1279"
"741.9630","51.9961","73499.93896","-70.8399","112.2162"
"741.9680","52.0452","74082.30591","-70.8399","113.1674"
"741.9730","52.0942","74508.38470","-70.8399","113.8764"
"741.9780","52.1432","74775.44403","-70.8399","114.3660"
"741.9820","52.1824","74941.05530","-70.8399","114.6957"
"741.9830","52.1922","74984.34448","-70.8399","114.7802"
"755.4640","0.0008","-30709.73587","-80.8308","2.1470"
"755.4690","0.0008","-30704.55170","-80.8308","2.1374"
"755.4740","0.0010","-30644.94705","-80.8308","2.0849"
"755.4790","0.0017","-30286.88622","-80.8308","2.0485"
"755.4840","0.0044","-29223.07014","-80.8308","2.1083"
"755.4890","0.0105","-27254.14085","-80.8308","2.2891"
"755.4940","0.0220","-24784.47533","-80.8308","2.6408"
"755.4990","0.0403","-22042.37366","-80.8308","3.2037"
"755.5040","0.0661","-19160.59113","-80.8308","3.9321"
"755.5090","0.0994","-16458.87566","-80.8308","4.7882"
"755.5140","0.1394","-14134.69315","-80.8308","5.7541"
"755.5190","0.1849","-12278.81527","-80.8308","6.8257"
"755.5240","0.2343","-10822.82543","-80.8308","8.0357"
"755.5290","0.2863","-9538.78403","-80.8308","9.3466"
"755.5340","0.3397","-8457.44991","-80.8308","10.6579"
"755.5390","0.3934","-7645.82348","-80.8308","11.9391"
"755.5440","0.4470","-7114.98833","-80.8308","13.1363"
"755.5490","0.5000","-6841.61997","-80.8308","14.2775"
"755.5540","0.5522","-6759.78184","-80.8308","15.3748"
"755.5590","0.6036","-6653.86343","-80.8308","16.4372"
"755.5640","0.6543","-6429.46672","-80.8308","17.4813"
"755.5690","0.7044","-6188.14754","-80.8308","18.5040"
"755.5740","0.7541","-6013.37957","-80.8308","19.4584"
"755.5790","0.8034","-5931.26631","-80.8308","20.3424"
"755.5840","0.8525","-5929.40712","-80.8308","21.2037"
"755.5890","0.9015","-5929.59356","-80.8308","22.0177"
"755.5940","0.9504","-5729.82359","-80.8308","22.7976"
"755.5990","0.9992","-5435.28175","-80.8308","23.5731"
"755.6000","1.0090","-5377.14243","-80.8308","23.7256"
"755.6010","1.0187","-5321.24186","-80.8308","23.8797"
"757.3820","5.1238","-1953.55368","-80.8308","19.6273"
"757.3870","5.1238","-1948.86112","-80.8308","19.6477"
"757.3920","5.1238","-1926.18847","-80.8308","19.6368"
"757.3970","5.1244","-1815.54675","-80.8308","19.6026"
"757.4020","5.1260","-1576.91896","-80.8308","19.5898"
"757.4070","5.1300","-1286.88824","-80.8308","19.6514"
"757.4120","5.1379","-1012.97355","-80.8308","19.8288"
"757.4170","5.1515","-784.48570","-80.8308","20.1335"
"757.4220","5.1719","-488.43741","-80.8308","20.6019"
"757.4270","5.1997","-69.32694","-80.8308","21.1250"
"757.4320","5.2348","361.29358","-80.8308","21.6184"
"757.4370","5.2762","710.36011","-80.8308","22.0156"
"757.4420","5.3226","926.09596","-80.8308","22.2885"
"757.4470","5.3727","1050.60029","-80.8308","22.4460"
"757.4520","5.4251","1233.70934","-80.8308","22.4489"
"757.4570","5.4787","1441.37442","-80.8308","22.3422"
"757.4620","5.5325","1613.91842","-80.8308","22.1908"
"757.4670","5.5860","1704.59056","-80.8308","21.9916"
"757.4720","5.6389","1698.70245","-80.8308","21.7481"
"757.4770","5.6911","1635.11014","-80.8308","21.5056"
"757.4820","5.7425","1673.70915","-80.8308","21.2731"
"757.4870","5.7932","1791.23533","-80.8308","21.0061"
"757.4920","5.8433","1902.71819","-80.8308","20.7618"
"757.4970","5.8930","1955.96433","-80.8308","20.5292"
"757.5020","5.9424","1923.63787","-80.8308","20.2528"
"757.5070","5.9915","1805.39179","-80.8308","19.9413"
"757.5120","6.0405","1745.10026","-80.8308","19.6602"
"757.5170","6.0894","1809.40008","-80.8308","19.3748"
"757.5210","6.1286","1884.10926","-80.8308","19.1080"
"757.5220","6.1384","1899.05286","-80.8308","19.0312"
"759.3070","10.2437","1563.48312","-80.8308","13.7431"
"759.3120","10.2437","1564.21816","-80.8308","13.7591"
"759.3170","10.2438","1578.60720","-80.8308","13.7651"
"759.3220","10.2443","1665.12334","-80.8308","13.7744"
"759.3270","10.2460","1865.95249","-80.8308","13.7939"
"759.3320","10.2501","2114.64858","-80.8308","13.7948"
"759.3370","10.2580","2340.64674","-80.8308","13.8166"
"759.3420","10.2716","2547.79363","-80.8308","13.8767"
"759.3470","10.2919","2855.93700","-80.8308","13.9453"
"759.3520","10.3196","3207.39460","-80.8308","13.9830"
"759.3570","10.3546","3517.42053","-80.8308","14.0078"
"759.3620","10.3958","3726.02987","-80.8308","13.9939"
"759.3670","10.4421","3819.89026","-80.8308","13.9701"
"759.3720","10.4922","3926.55420","-80.8308","13.9931"
"759.3770","10.5445","4083.05883","-80.8308","14.0157"
"759.3820","10.5980","4223.18125","-80.8308","14.0233"
"759.3870","10.6518","4300.80843","-80.8308","14.0239"
"759.3920","10.7053","4294.24620","-80.8308","14.0199"
"759.3970","10.7583","4204.90694","-80.8308","14.0192"
"759.4020","10.8104","4149.89376","-80.8308","14.0426"
"759.4070","10.8618","4213.35602","-80.8308","14.0608"
"759.4120","10.9125","4315.03773","-80.8308","14.0744"
"759.4170","10.9625","4386.00492","-80.8308","14.1001"
"759.4220","11.0122","4388.15260","-80.8308","14.1314"
"759.4270","11.0615","4312.54387","-80.8308","14.1576"
"759.4320","11.1106","4241.97245","-80.8308","14.1920"
"759.4370","11.1596","4290.16685","-80.8308","14.2195"
"759.4420","11.2085","4380.97286","-80.8308","14.2307"
"759.4460","11.2477","4434.67665","-80.8308","14.2284"
"759.4470","11.2575","4442.24072","-80.8308","14.2292"
"761.2370","15.3605","3659.68227","-80.8308","15.7722"
"761.2420","15.3605","3659.84440","-80.8308","15.7645"
"761.2470","15.3606","3673.32792","-80.8308","15.7386"
"761.2520","15.3612","3752.72274","-80.8308","15.6894"
"761.2570","15.3629","3926.85914","-80.8308","15.6323"
"761.2620","15.3671","4134.36985","-80.8308","15.5809"
"761.2670","15.3753","4319.41271","-80.8308","15.5631"
"761.2720","15.3891","4526.12782","-80.8308","15.5948"
"761.2770","15.4098","4840.33775","-80.8308","15.6478"
"761.2820","15.4378","5180.70269","-80.8308","15.6889"
"761.2870","15.4730","5471.82417","-80.8308","15.6950"
"761.2920","15.5145","5664.75487","-80.8308","15.6778"
"761.2970","15.5609","5788.55038","-80.8308","15.6751"
"761.3020","15.6110","5967.17930","-80.8308","15.7283"
"761.3070","15.6634","6153.30887","-80.8308","15.8068"
"761.3120","15.7169","6289.82687","-80.8308","15.8836"
"761.3170","15.7708","6343.66941","-80.8308","15.9541"
"761.3220","15.8243","6307.80411","-80.8308","16.0111"
"761.3270","15.8772","6220.15953","-80.8308","16.0613"
"761.3320","15.9294","6227.97012","-80.8308","16.0919"
"761.3370","15.9808","6314.58569","-80.8308","16.1117"
"761.3420","16.0316","6406.81124","-80.8308","16.1419"
"761.3470","16.0817","6452.91758","-80.8308","16.1704"
"761.3520","16.1315","6433.75874","-80.8308","16.1970"
"761.3570","16.1809","6372.46895","-80.8308","16.2597"
"761.3620","16.2301","6404.95300","-80.8308","16.3302"
"761.3670","16.2791","6509.31406","-80.8308","16.3537"
"761.3720","16.3281","6614.39419","-80.8308","16.3451"
"761.3760","16.3673","6663.21135","-80.8308","16.3198"
"761.3770","16.3771","6668.47849","-80.8308","16.3125"
"763.1560","20.4836","5538.67340","-80.8308","17.8612"
"763.1610","20.4836","5539.26182","-80.8308","17.8479"
"763.1660","20.4837","5553.22599","-80.8308","17.8193"
"763.1710","20.4842","5626.09482","-80.8308","17.7848"
"763.1760","20.4858","5796.25034","-80.8308","17.7474"
"763.1810","20.4897","6014.31704","-80.8308","17.7215"
"763.1860","20.4976","6248.88611","-80.8308","17.7498"
"763.1910","20.5110","6567.55352","-80.8308","17.8349"
"763.1960","20.5313","6928.95699","-80.8308","17.8925"
"763.2010","20.5590","7264.34994","-80.8308","17.9322"
"763.2060","20.5939","7529.09565","-80.8308","17.9253"
"763.2110","20.6351","7698.87114","-80.8308","17.8946"
"763.2160","20.6814","7848.48261","-80.8308","17.8904"
"763.2210","20.7313","8041.25500","-80.8308","17.9098"
"763.2260","20.7836","8213.26828","-80.8308","17.9461"
"763.2310","20.8370","8323.41576","-80.8308","17.9763"
"763.2360","20.8908","8354.98333","-80.8308","17.9875"
"763.2410","20.9442","8312.10327","-80.8308","18.0232"
"763.2460","20.9970","8285.59303","-80.8308","18.0701"
"763.2510","21.0491","8341.99047","-80.8308","18.1037"
"763.2560","21.1005","8425.00591","-80.8308","18.1436"
"763.2610","21.1511","8483.71124","-80.8308","18.1783"
"763.2660","21.2012","8488.48248","-80.8308","18.2086"
"763.2710","21.2508","8431.39172","-80.8308","18.2532"
"763.2760","21.3002","8396.04950","-80.8308","18.3307"
"763.2810","21.3493","8465.80601","-80.8308","18.3896"
"763.2860","21.3984","8576.85089","-80.8308","18.4258"
"763.2910","21.4475","8667.48428","-80.8308","18.4539"
"763.2950","21.4868","8697.19982","-80.8308","18.4577"
"763.2960","21.4966","8697.17979","-80.8308","18.4594"
"765.0810","25.6033","7808.76923","-80.8308","19.9221"
"765.0860","25.6033","7808.38966","-80.8308","19.9330"
"765.0910","25.6034","7819.76509","-80.8308","19.9092"
"765.0960","25.6039","7881.15072","-80.8308","19.8732"
"765.1010","25.6056","8025.81787","-80.8308","19.8475"
"765.1060","25.6097","8212.45289","-80.8308","19.8433"
"765.1110","25.6178","8456.27594","-80.8308","19.8874"
"765.1160","25.6315","8788.79738","-80.8308","19.9733"
"765.1210","25.6520","9131.00815","-80.8308","20.0600"
"765.1260","25.6800","9429.98219","-80.8308","20.1141"
"765.1310","25.7151","9654.08707","-80.8308","20.1190"
"765.1360","25.7566","9834.27143","-80.8308","20.1027"
"765.1410","25.8030","10060.02903","-80.8308","20.0952"
"765.1460","25.8532","10278.59116","-80.8308","20.0733"
"765.1510","25.9056","10441.41197","-80.8308","20.0891"
"765.1560","25.9591","10525.70724","-80.8308","20.1232"
"765.1610","26.0129","10523.98682","-80.8308","20.1843"
"765.1660","26.0665","10480.80158","-80.8308","20.2544"
"765.1710","26.1194","10509.13620","-80.8308","20.2971"
"765.1760","26.1716","10585.77251","-80.8308","20.3260"
"765.1810","26.2230","10663.21278","-80.8308","20.3542"
"765.1860","26.2738","10703.86982","-80.8308","20.3668"
"765.1910","26.3239","10688.84563","-80.8308","20.3768"
"765.1960","26.3736","10643.47267","-80.8308","20.4137"
"765.2010","26.4229","10677.01244","-80.8308","20.4709"
"765.2060","26.4721","10767.47704","-80.8308","20.5247"
"765.2110","26.5211","10857.83195","-80.8308","20.5668"
"765.2160","26.5700","10904.34074","-80.8308","20.5819"
"765.2200","26.6092","10893.87226","-80.8308","20.5776"
"765.2210","26.6189","10884.00459","-80.8308","20.5771"
"767.0110","30.7240","9962.47196","-80.8308","21.3059"
"767.0160","30.7241","9963.97018","-80.8308","21.3101"
"767.0210","30.7241","9977.40746","-80.8308","21.3083"
"767.0260","30.7247","10044.06452","-80.8308","21.3099"
"767.0310","30.7263","10206.99787","-80.8308","21.3166"
"767.0360","30.7304","10481.60362","-80.8308","21.3458"
"767.0410","30.7383","10860.11887","-80.8308","21.4043"
"767.0460","30.7519","11263.29136","-80.8308","21.4795"
"767.0510","30.7722","11628.73268","-80.8308","21.5662"
"767.0560","30.8000","11920.86124","-80.8308","21.6221"
"767.0610","30.8349","12130.10597","-80.8308","21.6440"
"767.0660","30.8762","12332.53479","-80.8308","21.6706"
"767.0710","30.9226","12562.21199","-80.8308","21.6934"
"767.0760","30.9726","12758.44097","-80.8308","21.7355"
"767.0810","31.0249","12882.69901","-80.8308","21.7955"
"767.0860","31.0784","12923.02799","-80.8308","21.8678"
"767.0910","31.1323","12890.94162","-80.8308","21.9426"
"767.0960","31.1858","12881.94847","-80.8308","22.0265"
"767.1010","31.2387","12942.57259","-80.8308","22.0829"
"767.1060","31.2909","13025.99716","-80.8308","22.1103"
"767.1110","31.3423","13089.28776","-80.8308","22.1361"
"767.1160","31.3931","13105.94749","-80.8308","22.1725"
"767.1210","31.4433","13065.40012","-80.8308","22.2249"
"767.1260","31.4930","13040.54260","-80.8308","22.2898"
"767.1310","31.5424","13095.99495","-80.8308","22.3473"
"767.1360","31.5915","13185.43148","-80.8308","22.3867"
"767.1410","31.6405","13260.17761","-80.8308","22.4190"
"767.1460","31.6894","13289.80255","-80.8308","22.4114"
"767.1500","31.7286","13271.79813","-80.8308","22.4046"
"767.1510","31.7383","13262.16602","-80.8308","22.4041"
"768.9320","35.8443","12519.92798","-80.8308","23.2107"
"768.9370","35.8443","12518.81695","-80.8308","23.2035"
"768.9420","35.8444","12530.46417","-80.8308","23.2041"
"768.9470","35.8449","12597.22614","-80.8308","23.2126"
"768.9520","35.8465","12773.52428","-80.8308","23.2135"
"768.9570","35.8505","13082.16476","-80.8308","23.2469"
"768.9620","35.8583","13472.66579","-80.8308","23.2931"
"768.9670","35.8716","13868.20984","-80.8308","23.3464"
"768.9720","35.8917","14220.37506","-80.8308","23.4124"
"768.9770","35.9192","14503.98350","-80.8308","23.4817"
"768.9820","35.9539","14731.40430","-80.8308","23.5322"
"768.9870","35.9949","14977.14043","-80.8308","23.5788"
"768.9920","36.0411","15218.54115","-80.8308","23.5998"
"768.9970","36.0909","15412.76932","-80.8308","23.6352"
"769.0020","36.1431","15529.40464","-80.8308","23.6767"
"769.0070","36.1965","15563.96580","-80.8308","23.7329"
"769.0120","36.2503","15549.51954","-80.8308","23.7984"
"769.0170","36.3038","15584.18560","-80.8308","23.8688"
"769.0220","36.3568","15662.14848","-80.8308","23.9074"
"769.0270","36.4091","15747.36500","-80.8308","23.9368"
"769.0320","36.4606","15809.09252","-80.8308","23.9527"
"769.0370","36.5115","15829.60796","-80.8308","23.9844"
"769.0420","36.5617","15810.90736","-80.8308","24.0415"
"769.0470","36.6115","15830.12390","-80.8308","24.1148"
"769.0520","36.6610","15911.28826","-80.8308","24.1950"
"769.0570","36.7102","16007.21550","-80.8308","24.2702"
"769.0620","36.7592","16075.26779","-80.8308","24.3082"
"769.0670","36.8081","16088.31787","-80.8308","24.3081"
"769.0710","36.8472","16053.79677","-80.8308","24.3027"
"769.0720","36.8570","16042.78755","-80.8308","24.2983"
"770.8580","40.9609","17619.37523","-80.8308","25.5486"
"770.8630","40.9609","17616.71448","-80.8308","25.5561"
"770.8680","40.9610","17627.08473","-80.8308","25.5482"
"770.8730","40.9615","17692.96837","-80.8308","25.5332"
"770.8780","40.9631","17846.67778","-80.8308","25.5365"
"770.8830","40.9671","18053.72810","-80.8308","25.5573"
"770.8880","40.9750","18267.73453","-80.8308","25.5924"
"770.8930","40.9884","18457.29256","-80.8308","25.6517"
"770.8980","41.0088","18610.93521","-80.8308","25.7414"
"770.9030","41.0365","18729.43115","-80.8308","25.8458"
"770.9080","41.0714","18858.85811","-80.8308","25.9676"
"770.9130","41.1127","19065.47928","-80.8308","26.0880"
"770.9180","41.1590","19309.42917","-80.8308","26.2269"
"770.9230","41.2090","19539.04724","-80.8308","26.3931"
"770.9280","41.2612","19717.52357","-80.8308","26.5678"
"770.9330","41.3147","19833.09746","-80.8308","26.7417"
"770.9380","41.3684","19922.94121","-80.8308","26.9110"
"770.9430","41.4219","20061.66649","-80.8308","27.0783"
"770.9480","41.4748","20229.21944","-80.8308","27.2286"
"770.9530","41.5270","20393.87512","-80.8308","27.3480"
"770.9580","41.5784","20528.26881","-80.8308","27.4613"
"770.9630","41.6291","20617.29431","-80.8308","27.5868"
"770.9680","41.6793","20682.47223","-80.8308","27.7286"
"770.9730","41.7291","20806.20575","-80.8308","27.8717"
"770.9780","41.7785","20973.56606","-80.8308","28.0254"
"770.9830","41.8277","21097.73064","-80.8308","28.1469"
"770.9880","41.8767","21098.81210","-80.8308","28.1489"
"770.9930","41.9256","21004.16565","-80.8308","28.0929"
"770.9970","41.9648","20904.51622","-80.8308","28.0239"
"770.9980","41.9745","20884.74655","-80.8308","28.0073"
"772.7880","46.0803","30765.16342","-80.8308","47.6446"
"772.7930","46.0803","30762.36153","-80.8308","47.6343"
"772.7980","46.0804","30776.47400","-80.8308","47.6157"
"772.8030","46.0809","30880.65338","-80.8308","47.6163"
"772.8080","46.0825","31201.17378","-80.8308","47.7179"
"772.8130","46.0864","31828.57513","-80.8308","48.0716"
"772.8180","46.0942","32785.67886","-80.8308","48.8389"
"772.8230","46.1076","34042.69791","-80.8308","50.1293"
"772.8280","46.1277","35518.46313","-80.8308","51.9708"
"772.8330","46.1553","37048.01559","-80.8308","54.1317"
"772.8380","46.1900","38481.75430","-80.8308","56.2675"
"772.8430","46.2311","39863.51395","-80.8308","58.2597"
"772.8480","46.2772","41151.89362","-80.8308","60.0873"
"772.8530","46.3271","42275.74158","-80.8308","61.7220"
"772.8580","46.3794","43173.66791","-80.8308","63.1590"
"772.8630","46.4328","43853.50037","-80.8308","64.4131"
"772.8680","46.4866","44396.54541","-80.8308","65.5444"
"772.8730","46.5402","44950.40131","-80.8308","66.5939"
"772.8780","46.5932","45547.32895","-80.8308","67.5915"
"772.8830","46.6454","46151.51596","-80.8308","68.5301"
"772.8880","46.6968","46721.22955","-80.8308","69.4282"
"772.8930","46.7476","47229.72870","-80.8308","70.2930"
"772.8980","46.7978","47657.24182","-80.8308","71.1269"
"772.9030","46.8475","48071.40350","-80.8308","71.9062"
"772.9080","46.8968","48502.66647","-80.8308","72.6303"
"772.9130","46.9460","48882.69424","-80.8308","73.2524"
"772.9180","46.9950","49180.56107","-80.8308","73.7558"
"772.9230","47.0440","49407.58514","-80.8308","74.2077"
"772.9270","47.0831","49547.77145","-80.8308","74.5678"
"772.9280","47.0929","49582.40128","-80.8308","74.6585"
"774.7060","51.1948","70956.82526","-80.8308","117.7864"
"774.7110","51.1948","70951.35498","-80.8308","117.7800"
"774.7160","51.1949","70965.73639","-80.8308","117.7668"
"774.7210","51.1955","71085.21271","-80.8308","117.7941"
"774.7260","51.1972","71453.52173","-80.8308","117.9810"
"774.7310","51.2012","72225.92926","-80.8308","118.5344"
"774.7360","51.2093","73592.04102","-80.8308","119.7780"
"774.7410","51.2229","75717.01050","-80.8308","122.0045"
"774.7460","51.2433","78529.51050","-80.8308","125.4115"
"774.7510","51.2711","81809.78394","-80.8308","129.9079"
"774.7560","51.3061","85431.67114","-80.8308","135.2370"
"774.7610","51.3474","89185.15778","-80.8308","141.0613"
"774.7660","51.3938","92879.98962","-80.8308","146.9428"
"774.7710","51.4437","96522.91870","-80.8308","152.5867"
"774.7760","51.4960","99929.54254","-80.8308","157.9232"
"774.7810","51.5494","102854.89655","-80.8308","162.8378"
"774.7860","51.6032","105300.87280","-80.8308","167.1935"
"774.7910","51.6566","107350.44098","-80.8308","170.9772"
"774.7960","51.7094","109044.42596","-80.8308","174.2118"
"774.8010","51.7615","110647.14050","-80.8308","176.9484"
"774.8060","51.8128","112256.56128","-80.8308","179.4053"
"774.8110","51.8634","113687.15668","-80.8308","181.7238"
"774.8160","51.9135","114815.05585","-80.8308","183.8752"
"774.8210","51.9631","115750.11444","-80.8308","185.8468"
"774.8260","52.0124","116508.26263","-80.8308","187.6746"
"774.8310","52.0615","117217.81921","-80.8308","189.2835"
"774.8360","52.1105","118087.99744","-80.8308","190.6976"
"774.8410","52.1594","118944.16046","-80.8308","192.0512"
"774.8450","52.1986","119511.92474","-80.8308","193.1295"
"774.8460","52.2084","119641.95251","-80.8308","193.4035"
"788.3260","0.0009","-31020.99800","-90.8190","3.6570"
"788.3310","0.0009","-31015.24544","-90.8190","3.6689"
"788.3360","0.0010","-30947.25990","-90.8190","3.6841"
"788.3410","0.0018","-30567.93404","-90.8190","3.6951"
"788.3460","0.0045","-29492.05399","-90.8190","3.7811"
"788.3510","0.0106","-27569.90051","-90.8190","3.9801"
"788.3560","0.0222","-25224.04480","-90.8190","4.3364"
"788.3610","0.0405","-22637.31384","-90.8190","4.8855"
"788.3660","0.0663","-19844.89822","-90.8190","5.6121"
"788.3710","0.0996","-17181.22482","-90.8190","6.4554"
"788.3760","0.1396","-14887.60376","-90.8190","7.4131"
"788.3810","0.1850","-13086.23600","-90.8190","8.4729"
"788.3860","0.2344","-11732.43713","-90.8190","9.6410"
"788.3910","0.2864","-10523.25439","-90.8190","10.9295"
"788.3960","0.3397","-9435.25505","-90.8190","12.2173"
"788.4010","0.3935","-8577.53944","-90.8190","13.4777"
"788.4060","0.4471","-8003.02792","-90.8190","14.6602"
"788.4110","0.5000","-7718.64271","-90.8190","15.7665"
"788.4160","0.5523","-7671.99230","-90.8190","16.8476"
"788.4210","0.6038","-7619.06242","-90.8190","17.9048"
"788.4260","0.6545","-7378.52097","-90.8190","18.9112"
"788.4310","0.7047","-7084.44881","-90.8190","19.8989"
"788.4360","0.7544","-6860.55136","-90.8190","20.8387"
"788.4410","0.8037","-6760.07128","-90.8190","21.7083"
"788.4460","0.8528","-6787.13083","-90.8190","22.5905"
"788.4510","0.9017","-6850.87729","-90.8190","23.4527"
"788.4560","0.9505","-6689.63718","-90.8190","24.3132"
"788.4610","0.9993","-6372.27345","-90.8190","25.1711"
"788.4620","1.0091","-6305.55010","-90.8190","25.3389"
"788.4630","1.0189","-6240.41557","-90.8190","25.5081"
"790.2490","5.1230","-2420.16530","-90.8190","24.7672"
"790.2540","5.1230","-2415.27390","-90.8190","24.7551"
"790.2590","5.1231","-2388.27419","-90.8190","24.7324"
"790.2640","5.1236","-2250.29373","-90.8190","24.7066"
"790.2690","5.1253","-1948.53473","-90.8190","24.6985"
"790.2740","5.1293","-1585.17253","-90.8190","24.7587"
"790.2790","5.1372","-1258.61204","-90.8190","24.9372"
"790.2840","5.1507","-1020.86329","-90.8190","25.2540"
"790.2890","5.1710","-748.44068","-90.8190","25.7650"
"790.2940","5.1987","-297.34051","-90.8190","26.4287"
"790.2990","5.2336","205.83744","-90.8190","27.1102"
"790.3040","5.2748","621.23793","-90.8190","27.6919"
"790.3090","5.3211","871.88900","-90.8190","28.0922"
"790.3140","5.3711","989.28672","-90.8190","28.3321"
"790.3190","5.4234","1171.53287","-90.8190","28.3961"
"790.3240","5.4769","1414.64889","-90.8190","28.3149"
"790.3290","5.5307","1636.28364","-90.8190","28.1722"
"790.3340","5.5842","1761.47294","-90.8190","27.9266"
"790.3390","5.6371","1772.24088","-90.8190","27.6423"
"790.3440","5.6893","1694.70930","-90.8190","27.3998"
"790.3490","5.7408","1736.45437","-90.8190","27.2113"
"790.3540","5.7915","1904.83010","-90.8190","27.0606"
"790.3590","5.8417","2062.62994","-90.8190","26.8550"
"790.3640","5.8914","2126.07479","-90.8190","26.5436"
"790.3690","5.9408","2087.31461","-90.8190","26.2375"
"790.3740","5.9900","1913.00094","-90.8190","25.8276"
"790.3790","6.0390","1773.52381","-90.8190","25.3366"
"790.3840","6.0880","1835.02138","-90.8190","24.8826"
"790.3880","6.1271","1934.17668","-90.8190","24.5543"
"790.3890","6.1369","1957.37183","-90.8190","24.4709"
"792.1730","10.2412","1283.68354","-90.8190","15.3042"
"792.1780","10.2412","1285.99572","-90.8190","15.2965"
"792.1830","10.2413","1307.86669","-90.8190","15.2719"
"792.1880","10.2418","1427.31798","-90.8190","15.2390"
"792.1930","10.2435","1704.39553","-90.8190","15.2139"
"792.1980","10.2476","2046.25416","-90.8190","15.2070"
"792.2030","10.2556","2354.96426","-90.8190","15.2148"
"792.2080","10.2692","2606.81295","-90.8190","15.2432"
"792.2130","10.2897","2960.57606","-90.8190","15.3311"
"792.2180","10.3175","3398.55289","-90.8190","15.4092"
"792.2230","10.3525","3807.07026","-90.8190","15.4329"
"792.2280","10.3938","4095.75510","-90.8190","15.4220"
"792.2330","10.4401","4228.07503","-90.8190","15.4220"
"792.2380","10.4902","4329.92077","-90.8190","15.4760"
"792.2430","10.5425","4515.36846","-90.8190","15.5545"
"792.2480","10.5960","4707.20625","-90.8190","15.6013"
"792.2530","10.6498","4835.75058","-90.8190","15.6231"
"792.2580","10.7033","4858.78944","-90.8190","15.5975"
"792.2630","10.7563","4759.44090","-90.8190","15.5699"
"792.2680","10.8084","4628.45755","-90.8190","15.5736"
"792.2730","10.8598","4631.38247","-90.8190","15.5871"
"792.2780","10.9105","4714.93721","-90.8190","15.6029"
"792.2830","10.9606","4784.96408","-90.8190","15.6177"
"792.2880","11.0103","4781.18896","-90.8190","15.6024"
"792.2930","11.0596","4684.92556","-90.8190","15.5760"
"792.2980","11.1087","4561.59973","-90.8190","15.5728"
"792.3030","11.1576","4572.83878","-90.8190","15.5988"
"792.3080","11.2065","4662.27627","-90.8190","15.6305"
"792.3120","11.2456","4719.74850","-90.8190","15.6505"
"792.3130","11.2554","4727.11992","-90.8190","15.6544"
"794.1090","15.3600","3250.24056","-90.8190","16.6495"
"794.1140","15.3600","3252.27594","-90.8190","16.6592"
"794.1190","15.3601","3269.91820","-90.8190","16.6534"
"794.1240","15.3606","3365.34834","-90.8190","16.6437"
"794.1290","15.3623","3600.86727","-90.8190","16.6272"
"794.1340","15.3665","3909.97195","-90.8190","16.6046"
"794.1390","15.3746","4199.76330","-90.8190","16.5960"
"794.1440","15.3884","4479.60281","-90.8190","16.6268"
"794.1490","15.4090","4888.68141","-90.8190","16.6818"
"794.1540","15.4370","5346.09461","-90.8190","16.6984"
"794.1590","15.4721","5748.09933","-90.8190","16.6763"
"794.1640","15.5135","6020.90311","-90.8190","16.6311"
"794.1690","15.5599","6172.83821","-90.8190","16.6207"
"794.1740","15.6100","6378.78656","-90.8190","16.6888"
"794.1790","15.6623","6629.45509","-90.8190","16.8012"
"794.1840","15.7158","6842.40150","-90.8190","16.9089"
"794.1890","15.7697","6961.10821","-90.8190","16.9688"
"794.1940","15.8232","6956.39372","-90.8190","16.9788"
"794.1990","15.8762","6842.33475","-90.8190","16.9979"
"794.2040","15.9284","6779.89054","-90.8190","17.0642"
"794.2090","15.9798","6849.45488","-90.8190","17.1355"
"794.2140","16.0305","6955.31750","-90.8190","17.1915"
"794.2190","16.0807","7022.24445","-90.8190","17.2162"
"794.2240","16.1304","7007.52306","-90.8190","17.2243"
"794.2290","16.1799","6911.76224","-90.8190","17.2371"
"794.2340","16.2291","6888.87644","-90.8190","17.2796"
"794.2390","16.2781","6996.85574","-90.8190","17.3270"
"794.2440","16.3272","7136.21759","-90.8190","17.3570"
"794.2480","16.3664","7213.03177","-90.8190","17.3745"
"794.2490","16.3762","7223.82879","-90.8190","17.3773"
"796.0370","20.4813","5105.55077","-90.8190","18.8166"
"796.0420","20.4813","5107.65076","-90.8190","18.8132"
"796.0470","20.4814","5122.84708","-90.8190","18.8019"
"796.0520","20.4819","5211.21693","-90.8190","18.7605"
"796.0570","20.4835","5446.49267","-90.8190","18.7127"
"796.0620","20.4874","5768.52751","-90.8190","18.6734"
"796.0670","20.4953","6096.56525","-90.8190","18.6583"
"796.0720","20.5086","6498.80409","-90.8190","18.7137"
"796.0770","20.5289","6999.77064","-90.8190","18.7811"
"796.0820","20.5565","7492.56706","-90.8190","18.8268"
"796.0870","20.5913","7900.55847","-90.8190","18.8204"
"796.0920","20.6324","8162.63771","-90.8190","18.7815"
"796.0970","20.6786","8340.79647","-90.8190","18.7730"
"796.1020","20.7285","8581.84719","-90.8190","18.7837"
"796.1070","20.7807","8824.07379","-90.8190","18.8131"
"796.1120","20.8342","9004.63200","-90.8190","18.8601"
"796.1170","20.8879","9087.44144","-90.8190","18.8964"
"796.1220","20.9414","9056.66733","-90.8190","18.9161"
"796.1270","20.9942","8982.74040","-90.8190","18.9517"
"796.1320","21.0463","9012.60376","-90.8190","19.0123"
"796.1370","21.0977","9101.08662","-90.8190","19.0462"
"796.1420","21.1484","9174.85046","-90.8190","19.0701"
"796.1470","21.1986","9190.57846","-90.8190","19.0734"
"796.1520","21.2482","9121.08421","-90.8190","19.0775"
"796.1570","21.2976","9022.23682","-90.8190","19.1317"
"796.1620","21.3468","9055.09281","-90.8190","19.2184"
"796.1670","21.3959","9176.20850","-90.8190","19.2829"
"796.1720","21.4449","9292.12666","-90.8190","19.3061"
"796.1760","21.4842","9341.16745","-90.8190","19.2962"
"796.1770","21.4940","9344.80286","-90.8190","19.2928"
"797.9570","25.5964","7158.67090","-90.8190","20.7364"
"797.9620","25.5964","7161.14330","-90.8190","20.7396"
"797.9670","25.5965","7174.92294","-90.8190","20.7426"
"797.9720","25.5970","7258.72517","-90.8190","20.7374"
"797.9770","25.5986","7480.01242","-90.8190","20.7156"
"797.9820","25.6027","7780.08461","-90.8190","20.6941"
"797.9870","25.6107","8119.93122","-90.8190","20.7014"
"797.9920","25.6242","8597.16797","-90.8190","20.7543"
"797.9970","25.6447","9132.28226","-90.8190","20.8091"
"798.0020","25.6725","9623.11840","-90.8190","20.8122"
"798.0070","25.7076","9999.06158","-90.8190","20.7585"
"798.0120","25.7490","10246.49525","-90.8190","20.6978"
"798.0170","25.7954","10508.90446","-90.8190","20.7126"
"798.0220","25.8455","10798.81477","-90.8190","20.7492"
"798.0270","25.8979","11039.75201","-90.8190","20.7852"
"798.0320","25.9515","11186.22684","-90.8190","20.8000"
"798.0370","26.0053","11222.32819","-90.8190","20.7970"
"798.0420","26.0589","11162.41074","-90.8190","20.8171"
"798.0470","26.1118","11154.40559","-90.8190","20.8839"
"798.0520","26.1640","11234.95674","-90.8190","20.9403"
"798.0570","26.2154","11330.69611","-90.8190","20.9914"
"798.0620","26.2661","11384.17530","-90.8190","21.0207"
"798.0670","26.3162","11366.18805","-90.8190","21.0233"
"798.0720","26.3659","11274.60384","-90.8190","21.0305"
"798.0770","26.4153","11242.80930","-90.8190","21.0685"
"798.0820","26.4644","11327.27242","-90.8190","21.1123"
"798.0870","26.5134","11436.65218","-90.8190","21.1451"
"798.0920","26.5624","11496.23489","-90.8190","21.1506"
"798.0960","26.6016","11482.61547","-90.8190","21.1411"
"798.0970","26.6114","11469.59591","-90.8190","21.1392"
"799.8770","30.7178","9164.78539","-90.8190","22.0355"
"799.8820","30.7178","9170.11356","-90.8190","22.0385"
"799.8870","30.7179","9187.48665","-90.8190","22.0280"
"799.8920","30.7184","9273.09704","-90.8190","21.9992"
"799.8970","30.7201","9503.60775","-90.8190","21.9564"
"799.9020","30.7241","9866.75644","-90.8190","21.9248"
"799.9070","30.7320","10390.37609","-90.8190","21.9780"
"799.9120","30.7454","11012.31480","-90.8190","22.0857"
"799.9170","30.7657","11616.30726","-90.8190","22.1960"
"799.9220","30.7933","12127.34985","-90.8190","22.2773"
"799.9270","30.8281","12493.46447","-90.8190","22.3138"
"799.9320","30.8693","12760.47230","-90.8190","22.3378"
"799.9370","30.9155","13062.92439","-90.8190","22.3728"
"799.9420","30.9654","13343.72902","-90.8190","22.4128"
"799.9470","31.0177","13542.50145","-90.8190","22.4846"
"799.9520","31.0712","13631.89793","-90.8190","22.5516"
"799.9570","31.1250","13610.29434","-90.8190","22.5978"
"799.9620","31.1786","13550.97771","-90.8190","22.6619"
"799.9670","31.2315","13601.00842","-90.8190","22.7249"
"799.9720","31.2837","13708.65059","-90.8190","22.7684"
"799.9770","31.3352","13786.73267","-90.8190","22.7831"
"799.9820","31.3860","13795.62473","-90.8190","22.7741"
"799.9870","31.4362","13723.31619","-90.8190","22.7588"
"799.9920","31.4859","13614.11190","-90.8190","22.7816"
"799.9970","31.5353","13619.59362","-90.8190","22.8682"
"800.0020","31.5844","13717.63420","-90.8190","22.9579"
"800.0070","31.6334","13829.67567","-90.8190","23.0279"
"800.0120","31.6823","13899.67537","-90.8190","23.0728"
"800.0160","31.7214","13903.35083","-90.8190","23.0892"
"800.0170","31.7312","13895.34664","-90.8190","23.0891"
"801.8030","35.8352","12151.55602","-90.8190","23.8429"
"801.8080","35.8352","12151.92890","-90.8190","23.8348"
"801.8130","35.8353","12164.51073","-90.8190","23.8021"
"801.8180","35.8358","12240.90862","-90.8190","23.7613"
"801.8230","35.8375","12446.96331","-90.8190","23.7230"
"801.8280","35.8414","12794.06261","-90.8190","23.7155"
"801.8330","35.8493","13297.78004","-90.8190","23.7864"
"801.8380","35.8627","13872.59293","-90.8190","23.9183"
"801.8430","35.8830","14421.42010","-90.8190","24.0541"
"801.8480","35.9105","14893.23330","-90.8190","24.1376"
"801.8530","35.9453","15265.37704","-90.8190","24.2071"
"801.8580","35.9863","15622.51568","-90.8190","24.3020"
"801.8630","36.0324","15989.48383","-90.8190","24.4096"
"801.8680","36.0823","16292.66739","-90.8190","24.5106"
"801.8730","36.1345","16488.64174","-90.8190","24.5928"
"801.8780","36.1879","16570.27626","-90.8190","24.6512"
"801.8830","36.2417","16555.85098","-90.8190","24.6963"
"801.8880","36.2953","16568.62259","-90.8190","24.7484"
"801.8930","36.3483","16666.31126","-90.8190","24.7984"
"801.8980","36.4006","16782.27043","-90.8190","24.8448"
"801.9030","36.4521","16855.80063","-90.8190","24.8835"
"801.9080","36.5029","16859.02405","-90.8190","24.8957"
"801.9130","36.5531","16786.77940","-90.8190","24.9147"
"801.9180","36.6029","16714.43176","-90.8190","24.9516"
"801.9230","36.6523","16752.71606","-90.8190","24.9892"
"801.9280","36.7015","16847.48840","-90.8190","25.0141"
"801.9330","36.7505","16933.25996","-90.8190","25.0252"
"801.9380","36.7994","16970.06607","-90.8190","25.0093"
"801.9420","36.8385","16950.94872","-90.8190","24.9928"
"801.9430","36.8483","16940.38391","-90.8190","24.9889"
"803.7350","40.9537","18185.21118","-90.8190","29.5111"
"803.7400","40.9537","18185.02235","-90.8190","29.5158"
"803.7450","40.9538","18199.84818","-90.8190","29.4997"
"803.7500","40.9543","18290.68184","-90.8190","29.4629"
"803.7550","40.9559","18563.81416","-90.8190","29.4805"
"803.7600","40.9598","19067.66510","-90.8190","29.6106"
"803.7650","40.9677","19761.23428","-90.8190","29.8995"
"803.7700","40.9810","20555.62401","-90.8190","30.3711"
"803.7750","41.0012","21363.95836","-90.8190","30.9772"
"803.7800","41.0289","22108.72650","-90.8190","31.6190"
"803.7850","41.0637","22769.98329","-90.8190","32.3116"
"803.7900","41.1049","23438.65395","-90.8190","33.0625"
"803.7950","41.1511","24130.18990","-90.8190","33.8305"
"803.8000","41.2010","24768.60428","-90.8190","34.5957"
"803.8050","41.2532","25303.18642","-90.8190","35.3537"
"803.8100","41.3066","25708.12607","-90.8190","36.0720"
"803.8150","41.3604","25982.43523","-90.8190","36.7196"
"803.8200","41.4139","26222.81456","-90.8190","37.3133"
"803.8250","41.4668","26500.72098","-90.8190","37.8471"
"803.8300","41.5190","26775.51270","-90.8190","38.2828"
"803.8350","41.5704","27002.28882","-90.8190","38.6375"
"803.8400","41.6211","27151.84975","-90.8190","38.9363"
"803.8450","41.6713","27226.56250","-90.8190","39.2059"
"803.8500","41.7211","27333.74977","-90.8190","39.5033"
"803.8550","41.7705","27555.29785","-90.8190","39.8225"
"803.8600","41.8196","27831.77757","-90.8190","40.1331"
"803.8650","41.8686","28099.58839","-90.8190","40.4099"
"803.8700","41.9175","28315.89127","-90.8190","40.6612"
"803.8740","41.9567","28435.18448","-90.8190","40.8595"
"803.8750","41.9665","28458.66585","-90.8190","40.9071"
"805.6540","46.0688","42918.86520","-90.8190","72.3121"
"805.6590","46.0688","42914.19601","-90.8190","72.3071"
"805.6640","46.0689","42927.90604","-90.8190","72.2962"
"805.6690","46.0694","43042.39655","-90.8190","72.3101"
"805.6740","46.0711","43411.77368","-90.8190","72.4434"
"805.6790","46.0750","44162.60529","-90.8190","72.8896"
"805.6840","46.0830","45397.01462","-90.8190","73.8939"
"805.6890","46.0965","47115.88287","-90.8190","75.5837"
"805.6940","46.1169","49210.83069","-90.8190","77.9812"
"805.6990","46.1446","51449.72229","-90.8190","80.8832"
"805.7040","46.1796","53604.52271","-90.8190","83.9164"
"805.7090","46.2209","55558.07877","-90.8190","86.7025"
"805.7140","46.2672","57251.33133","-90.8190","89.0546"
"805.7190","46.3173","58529.30832","-90.8190","90.8448"
"805.7240","46.3696","59441.59317","-90.8190","92.2267"
"805.7290","46.4232","60139.74762","-90.8190","93.4423"
"805.7340","46.4771","60778.14865","-90.8190","94.6998"
"805.7390","46.5307","61512.90512","-90.8190","96.0972"
"805.7440","46.5837","62467.13638","-90.8190","97.6984"
"805.7490","46.6359","63620.88776","-90.8190","99.4869"
"805.7540","46.6874","64853.37830","-90.8190","101.4168"
"805.7590","46.7381","66054.61884","-90.8190","103.4162"
"805.7640","46.7883","67162.47559","-90.8190","105.4420"
"805.7690","46.8379","68182.62482","-90.8190","107.4080"
"805.7740","46.8872","69199.71466","-90.8190","109.2678"
"805.7790","46.9363","70192.49725","-90.8190","110.9720"
"805.7840","46.9852","71049.96490","-90.8190","112.4580"
"805.7890","47.0341","71681.40411","-90.8190","113.6812"
"805.7930","47.0733","72018.05115","-90.8190","114.4803"
"805.7940","47.0830","72080.03998","-90.8190","114.6580"
"807.5740","51.1888","118241.02783","-90.8190","218.2523"
"807.5790","51.1888","118231.08673","-90.8190","218.2099"
"807.5840","51.1889","118244.97223","-90.8190","218.1513"
"807.5890","51.1894","118412.28485","-90.8190","218.0924"
"807.5940","51.1911","118991.23383","-90.8190","218.1184"
"807.5990","51.1951","120230.66711","-90.8190","218.4208"
"807.6040","51.2031","122413.58948","-90.8190","219.3802"
"807.6090","51.2166","125707.62634","-90.8190","221.4831"
"807.6140","51.2370","130028.38135","-90.8190","225.1254"
"807.6190","51.2647","135366.22620","-90.8190","230.2214"
"807.6240","51.2995","141328.09448","-90.8190","236.6593"
"807.6290","51.3407","147425.56763","-90.8190","244.1332"
"807.6340","51.3869","153476.12000","-90.8190","252.2360"
"807.6390","51.4367","159460.06775","-90.8190","260.5415"
"807.6440","51.4889","165132.21741","-90.8190","268.7494"
"807.6490","51.5422","170248.59619","-90.8190","276.5917"
"807.6540","51.5959","174876.89209","-90.8190","283.7938"
"807.6590","51.6493","178803.92456","-90.8190","290.2986"
"807.6640","51.7021","182094.28406","-90.8190","296.0872"
"807.6690","51.7541","184867.82837","-90.8190","301.2205"
"807.6740","51.8054","187301.95618","-90.8190","305.6490"
"807.6790","51.8561","189472.38159","-90.8190","309.3642"
"807.6840","51.9061","191542.58728","-90.8190","312.6582"
"807.6890","51.9558","193656.49414","-90.8190","315.7873"
"807.6940","52.0051","195722.01538","-90.8190","318.9369"
"807.6990","52.0542","197700.94299","-90.8190","322.1371"
"807.7040","52.1033","199610.88562","-90.8190","325.4424"
"807.7090","52.1522","201648.19336","-90.8190","328.7576"
"807.7130","52.1914","203386.56616","-90.8190","331.4019"
"807.7140","52.2011","203838.27209","-90.8190","332.0646"
"821.1900","0.0008","-29664.18839","-100.8099","3.7613"
"821.1950","0.0008","-29656.08025","-100.8099","3.7774"
"821.2000","0.0010","-29579.61082","-100.8099","3.7721"
"821.2050","0.0017","-29179.76761","-100.8099","3.7666"
"821.2100","0.0044","-28128.35884","-100.8099","3.8443"
"821.2150","0.0105","-26386.37924","-100.8099","4.0779"
"821.2200","0.0220","-24359.22050","-100.8099","4.4528"
"821.2250","0.0403","-22262.81548","-100.8099","5.0168"
"821.2300","0.0662","-19924.44229","-100.8099","5.8541"
"821.2350","0.0995","-17586.28654","-100.8099","6.8084"
"821.2400","0.1395","-15531.18801","-100.8099","7.8366"
"821.2450","0.1850","-13898.21148","-100.8099","8.9164"
"821.2500","0.2344","-12714.12659","-100.8099","10.0586"
"821.2550","0.2864","-11733.02650","-100.8099","11.3854"
"821.2600","0.3397","-10762.04300","-100.8099","12.8111"
"821.2650","0.3935","-9911.14807","-100.8099","14.1425"
"821.2700","0.4471","-9301.07212","-100.8099","15.3589"
"821.2750","0.5001","-8970.64400","-100.8099","16.4400"
"821.2800","0.5523","-8890.31792","-100.8099","17.4204"
"821.2850","0.6038","-8886.99341","-100.8099","18.4130"
"821.2900","0.6545","-8668.65158","-100.8099","19.4454"
"821.2950","0.7046","-8316.88499","-100.8099","20.4692"
"821.3000","0.7543","-8006.76918","-100.8099","21.4218"
"821.3050","0.8036","-7818.07947","-100.8099","22.2858"
"821.3100","0.8527","-7769.48929","-100.8099","23.1089"
"821.3150","0.9016","-7833.59814","-100.8099","23.9143"
"821.3200","0.9504","-7744.19785","-100.8099","24.7918"
"821.3250","0.9992","-7435.63461","-100.8099","25.7110"
"821.3260","1.0090","-7363.41286","-100.8099","25.8906"
"821.3270","1.0187","-7291.25023","-100.8099","26.0703"
"823.1100","5.1215","-2773.47231","-100.8099","30.0397"
"823.1150","5.1215","-2771.37375","-100.8099","30.0435"
"823.1200","5.1216","-2742.87224","-100.8099","30.0358"
"823.1250","5.1221","-2582.77202","-100.8099","30.0216"
"823.1300","5.1238","-2223.46592","-100.8099","30.0125"
"823.1350","5.1277","-1784.33895","-100.8099","30.0562"
"823.1400","5.1357","-1390.10811","-100.8099","30.2010"
"823.1450","5.1492","-1109.85398","-100.8099","30.4582"
"823.1500","5.1695","-855.45892","-100.8099","30.9100"
"823.1550","5.1974","-416.31523","-100.8099","31.5782"
"823.1600","5.2324","121.78934","-100.8099","32.2988"
"823.1650","5.2737","583.18782","-100.8099","32.9314"
"823.1700","5.3201","879.54324","-100.8099","33.4701"
"823.1750","5.3701","1014.38546","-100.8099","33.9768"
"823.1800","5.4225","1205.73723","-100.8099","34.4480"
"823.1850","5.4760","1514.71376","-100.8099","34.7554"
"823.1900","5.5297","1776.02088","-100.8099","34.6551"
"823.1950","5.5832","1905.62773","-100.8099","34.2793"
"823.2000","5.6361","1897.34674","-100.8099","33.8219"
"823.2050","5.6882","1772.05145","-100.8099","33.3732"
"823.2100","5.7397","1706.98559","-100.8099","32.8376"
"823.2150","5.7904","1801.99027","-100.8099","32.2983"
"823.2200","5.8406","1964.61284","-100.8099","31.8244"
"823.2250","5.8904","2081.51937","-100.8099","31.4395"
"823.2300","5.9397","2100.64745","-100.8099","31.1260"
"823.2350","5.9889","1991.68825","-100.8099","30.8556"
"823.2400","6.0378","1903.88703","-100.8099","30.6147"
"823.2450","6.0868","2056.05006","-100.8099","30.4657"
"823.2490","6.1259","2229.45023","-100.8099","30.2756"
"823.2500","6.1357","2267.70711","-100.8099","30.2208"
"825.0300","10.2398","951.05410","-100.8099","16.4124"
"825.0350","10.2398","952.46744","-100.8099","16.4044"
"825.0400","10.2399","979.01362","-100.8099","16.3700"
"825.0450","10.2404","1129.49371","-100.8099","16.3136"
"825.0500","10.2421","1483.30152","-100.8099","16.2753"
"825.0550","10.2462","1919.72065","-100.8099","16.2576"
"825.0600","10.2543","2306.73242","-100.8099","16.2387"
"825.0650","10.2679","2583.51588","-100.8099","16.2422"
"825.0700","10.2884","2932.66368","-100.8099","16.3540"
"825.0750","10.3163","3422.55998","-100.8099","16.4757"
"825.0800","10.3513","3907.68290","-100.8099","16.5205"
"825.0850","10.3926","4260.04696","-100.8099","16.4896"
"825.0900","10.4390","4418.14280","-100.8099","16.4532"
"825.0950","10.4890","4498.48509","-100.8099","16.4881"
"825.1000","10.5414","4701.43366","-100.8099","16.5943"
"825.1050","10.5949","4953.46165","-100.8099","16.6859"
"825.1100","10.6488","5141.68835","-100.8099","16.7194"
"825.1150","10.7023","5199.35179","-100.8099","16.6805"
"825.1200","10.7553","5103.85227","-100.8099","16.6043"
"825.1250","10.8074","4933.98523","-100.8099","16.5820"
"825.1300","10.8588","4909.48677","-100.8099","16.6526"
"825.1350","10.9095","5022.88628","-100.8099","16.7082"
"825.1400","10.9596","5142.41457","-100.8099","16.7287"
"825.1450","11.0092","5180.50718","-100.8099","16.6888"
"825.1500","11.0585","5101.29404","-100.8099","16.6207"
"825.1550","11.1076","4943.20965","-100.8099","16.5817"
"825.1600","11.1566","4897.50290","-100.8099","16.6118"
"825.1650","11.2055","4999.99285","-100.8099","16.6402"
"825.1690","11.2446","5100.90065","-100.8099","16.6396"
"825.1700","11.2544","5120.85009","-100.8099","16.6374"
"826.9580","15.3567","3145.06507","-100.8099","17.4529"
"826.9630","15.3567","3147.67027","-100.8099","17.4465"
"826.9680","15.3568","3169.53516","-100.8099","17.4267"
"826.9730","15.3573","3288.54227","-100.8099","17.4165"
"826.9780","15.3590","3572.16406","-100.8099","17.3981"
"826.9830","15.3631","3927.94132","-100.8099","17.3652"
"826.9880","15.3712","4249.34244","-100.8099","17.3290"
"826.9930","15.3849","4541.54396","-100.8099","17.3178"
"826.9980","15.4054","4993.83259","-100.8099","17.3904"
"827.0030","15.4333","5532.84025","-100.8099","17.4500"
"827.0080","15.4684","6006.85692","-100.8099","17.4398"
"827.0130","15.5097","6318.77565","-100.8099","17.3558"
"827.0180","15.5561","6457.44371","-100.8099","17.2713"
"827.0230","15.6061","6611.98139","-100.8099","17.3016"
"827.0280","15.6585","6867.98573","-100.8099","17.4142"
"827.0330","15.7120","7137.05587","-100.8099","17.5095"
"827.0380","15.7658","7332.84140","-100.8099","17.5687"
"827.0430","15.8194","7395.68138","-100.8099","17.5657"
"827.0480","15.8723","7311.89156","-100.8099","17.5195"
"827.0530","15.9245","7219.34223","-100.8099","17.4959"
"827.0580","15.9760","7276.74437","-100.8099","17.5439"
"827.0630","16.0267","7396.03567","-100.8099","17.6110"
"827.0680","16.0769","7482.19490","-100.8099","17.6309"
"827.0730","16.1266","7471.12465","-100.8099","17.6117"
"827.0780","16.1760","7345.15953","-100.8099","17.5785"
"827.0830","16.2252","7250.77343","-100.8099","17.6144"
"827.0880","16.2742","7335.22749","-100.8099","17.7138"
"827.0930","16.3232","7506.64568","-100.8099","17.7888"
"827.0970","16.3624","7618.81733","-100.8099","17.8286"
"827.0980","16.3722","7636.85036","-100.8099","17.8349"
"828.8910","20.4763","4598.99044","-100.8099","19.2419"
"828.8960","20.4763","4601.08328","-100.8099","19.2747"
"828.9010","20.4764","4620.17584","-100.8099","19.2774"
"828.9060","20.4769","4732.78761","-100.8099","19.2504"
"828.9110","20.4786","5037.60529","-100.8099","19.2180"
"828.9160","20.4825","5468.77003","-100.8099","19.1771"
"828.9210","20.4903","5904.88958","-100.8099","19.1599"
"828.9260","20.5037","6374.80116","-100.8099","19.2264"
"828.9310","20.5239","6986.57942","-100.8099","19.3620"
"828.9360","20.5515","7632.11107","-100.8099","19.4448"
"828.9410","20.5863","8189.79645","-100.8099","19.4341"
"828.9460","20.6274","8569.12136","-100.8099","19.3444"
"828.9510","20.6736","8802.19460","-100.8099","19.2732"
"828.9560","20.7235","9074.79763","-100.8099","19.3147"
"828.9610","20.7757","9371.33598","-100.8099","19.3746"
"828.9660","20.8292","9601.19534","-100.8099","19.4095"
"828.9710","20.8829","9713.46378","-100.8099","19.3879"
"828.9760","20.9364","9683.44116","-100.8099","19.3249"
"828.9810","20.9892","9563.28583","-100.8099","19.3130"
"828.9860","21.0413","9539.97326","-100.8099","19.3884"
"828.9910","21.0927","9639.13918","-100.8099","19.4955"
"828.9960","21.1434","9761.46412","-100.8099","19.5755"
"829.0010","21.1935","9813.99345","-100.8099","19.5849"
"829.0060","21.2431","9751.13773","-100.8099","19.5380"
"829.0110","21.2925","9601.05038","-100.8099","19.5035"
"829.0160","21.3416","9544.53087","-100.8099","19.5657"
"829.0210","21.3907","9643.59951","-100.8099","19.6564"
"829.0260","21.4397","9786.37218","-100.8099","19.7199"
"829.0300","21.4790","9870.72182","-100.8099","19.7293"
"829.0310","21.4888","9883.03566","-100.8099","19.7301"
"830.8200","25.5948","6608.18386","-100.8099","21.2118"
"830.8250","25.5948","6609.47037","-100.8099","21.2078"
"830.8300","25.5949","6628.59726","-100.8099","21.1974"
"830.8350","25.5954","6738.99651","-100.8099","21.1999"
"830.8400","25.5970","7033.13303","-100.8099","21.1996"
"830.8450","25.6011","7444.92149","-100.8099","21.1441"
"830.8500","25.6090","7903.99981","-100.8099","21.0909"
"830.8550","25.6226","8496.52863","-100.8099","21.1415"
"830.8600","25.6430","9196.17558","-100.8099","21.2505"
"830.8650","25.6708","9856.22501","-100.8099","21.3250"
"830.8700","25.7058","10361.83357","-100.8099","21.3209"
"830.8750","25.7472","10673.13004","-100.8099","21.2291"
"830.8800","25.7936","10943.86959","-100.8099","21.1821"
"830.8850","25.8436","11282.72438","-100.8099","21.1821"
"830.8900","25.8960","11594.02275","-100.8099","21.1875"
"830.8950","25.9496","11801.69106","-100.8099","21.1843"
"830.9000","26.0034","11868.37006","-100.8099","21.1472"
"830.9050","26.0570","11776.64757","-100.8099","21.0961"
"830.9100","26.1099","11665.61127","-100.8099","21.0831"
"830.9150","26.1622","11682.61051","-100.8099","21.1271"
"830.9200","26.2136","11771.92211","-100.8099","21.1881"
"830.9250","26.2643","11845.14904","-100.8099","21.2359"
"830.9300","26.3144","11846.16089","-100.8099","21.2596"
"830.9350","26.3641","11759.32026","-100.8099","21.2355"
"830.9400","26.4134","11696.54274","-100.8099","21.2933"
"830.9450","26.4625","11779.18911","-100.8099","21.4300"
"830.9500","26.5115","11926.17321","-100.8099","21.5453"
"830.9550","26.5604","12041.59260","-100.8099","21.5903"
"830.9590","26.5996","12070.30296","-100.8099","21.5633"
"830.9600","26.6094","12066.48445","-100.8099","21.5513"
"832.7410","30.7162","8976.75800","-100.8099","22.4824"
"832.7460","30.7162","8979.20036","-100.8099","22.4965"
"832.7510","30.7163","8999.40968","-100.8099","22.4851"
"832.7560","30.7168","9103.90759","-100.8099","22.4602"
"832.7610","30.7185","9391.60919","-100.8099","22.4307"
"832.7660","30.7224","9834.39732","-100.8099","22.4155"
"832.7710","30.7303","10426.14651","-100.8099","22.4872"
"832.7760","30.7438","11179.53110","-100.8099","22.6310"
"832.7810","30.7640","11965.10696","-100.8099","22.7852"
"832.7860","30.7916","12666.82053","-100.8099","22.9072"
"832.7910","30.8264","13221.25340","-100.8099","22.9603"
"832.7960","30.8675","13631.97708","-100.8099","22.9910"
"832.8010","30.9137","14065.53841","-100.8099","23.0989"
"832.8060","30.9637","14508.72803","-100.8099","23.2352"
"832.8110","31.0159","14871.48857","-100.8099","23.3538"
"832.8160","31.0694","15098.40870","-100.8099","23.4367"
"832.8210","31.1232","15166.30840","-100.8099","23.4870"
"832.8260","31.1768","15089.62345","-100.8099","23.5321"
"832.8310","31.2297","15057.35683","-100.8099","23.5911"
"832.8360","31.2820","15110.52799","-100.8099","23.6331"
"832.8410","31.3334","15173.32554","-100.8099","23.6513"
"832.8460","31.3841","15177.90890","-100.8099","23.6148"
"832.8510","31.4343","15091.66431","-100.8099","23.5507"
"832.8560","31.4840","14931.22196","-100.8099","23.5292"
"832.8610","31.5334","14862.80251","-100.8099","23.5920"
"832.8660","31.5825","14952.83890","-100.8099","23.6811"
"832.8710","31.6315","15098.82450","-100.8099","23.7472"
"832.8760","31.6804","15210.20603","-100.8099","23.7620"
"832.8800","31.7195","15239.44378","-100.8099","23.7617"
"832.8810","31.7293","15236.39107","-100.8099","23.7609"
"834.6610","35.8354","12282.51934","-100.8099","24.6501"
"834.6660","35.8354","12285.56633","-100.8099","24.6272"
"834.6710","35.8355","12302.83165","-100.8099","24.6072"
"834.6760","35.8360","12389.50634","-100.8099","24.5739"
"834.6810","35.8377","12638.02242","-100.8099","24.5354"
"834.6860","35.8417","13056.02837","-100.8099","24.5393"
"834.6910","35.8496","13687.57343","-100.8099","24.6289"
"834.6960","35.8631","14467.02385","-100.8099","24.7760"
"834.7010","35.8833","15254.27532","-100.8099","24.9384"
"834.7060","35.9109","15956.37798","-100.8099","25.0836"
"834.7110","35.9456","16514.81819","-100.8099","25.1793"
"834.7160","35.9867","16992.06352","-100.8099","25.3045"
"834.7210","36.0328","17492.16843","-100.8099","25.4740"
"834.7260","36.0827","17931.46133","-100.8099","25.6252"
"834.7310","36.1349","18240.87334","-100.8099","25.7580"
"834.7360","36.1883","18396.38138","-100.8099","25.8843"
"834.7410","36.2421","18414.99710","-100.8099","25.9832"
"834.7460","36.2956","18422.16682","-100.8099","26.1006"
"834.7510","36.3486","18545.69817","-100.8099","26.2361"
"834.7560","36.4009","18722.97668","-100.8099","26.3497"
"834.7610","36.4524","18875.10681","-100.8099","26.4350"
"834.7660","36.5032","18955.21545","-100.8099","26.4902"
"834.7710","36.5535","18939.14604","-100.8099","26.5439"
"834.7760","36.6032","18875.10490","-100.8099","26.6243"
"834.7810","36.6526","18932.54280","-100.8099","26.6852"
"834.7860","36.7018","19072.49260","-100.8099","26.7187"
"834.7910","36.7508","19200.37270","-100.8099","26.7252"
"834.7960","36.7998","19258.47816","-100.8099","26.6923"
"834.8000","36.8389","19242.36870","-100.8099","26.6643"
"834.8010","36.8487","19230.57747","-100.8099","26.6574"
"836.5870","40.9540","23158.57697","-100.8099","39.9113"
"836.5920","40.9540","23155.94482","-100.8099","39.9317"
"836.5970","40.9541","23170.13359","-100.8099","39.9317"
"836.6020","40.9546","23269.94133","-100.8099","39.9271"
"836.6070","40.9562","23585.42824","-100.8099","39.9447"
"836.6120","40.9601","24201.95580","-100.8099","40.1090"
"836.6170","40.9679","25186.84196","-100.8099","40.5987"
"836.6220","40.9812","26483.29544","-100.8099","41.5419"
"836.6270","41.0014","27944.44466","-100.8099","42.9168"
"836.6320","41.0290","29388.46016","-100.8099","44.4995"
"836.6370","41.0638","30734.11751","-100.8099","46.1640"
"836.6420","41.1050","32015.03754","-100.8099","47.8991"
"836.6470","41.1512","33303.26843","-100.8099","49.6528"
"836.6520","41.2011","34511.82556","-100.8099","51.3564"
"836.6570","41.2533","35568.34793","-100.8099","52.9926"
"836.6620","41.3067","36435.84442","-100.8099","54.5161"
"836.6670","41.3604","37102.48947","-100.8099","55.8830"
"836.6720","41.4139","37628.73077","-100.8099","57.1016"
"836.6770","41.4668","38159.86633","-100.8099","58.1797"
"836.6820","41.5190","38691.61224","-100.8099","59.0850"
"836.6870","41.5704","39153.55682","-100.8099","59.8600"
"836.6920","41.6212","39501.19781","-100.8099","60.5150"
"836.6970","41.6714","39719.97070","-100.8099","61.0792"
"836.7020","41.7211","39866.83273","-100.8099","61.5827"
"836.7070","41.7705","40107.06711","-100.8099","62.0440"
"836.7120","41.8196","40446.25092","-100.8099","62.4612"
"836.7170","41.8686","40802.50549","-100.8099","62.8565"
"836.7220","41.9175","41122.79129","-100.8099","63.2579"
"836.7260","41.9567","41333.35495","-100.8099","63.6228"
"836.7270","41.9665","41378.71170","-100.8099","63.7220"
"838.5150","46.0699","62902.53830","-100.8099","112.1923"
"838.5200","46.0699","62893.85223","-100.8099","112.1777"
"838.5250","46.0700","62906.74210","-100.8099","112.1485"
"838.5300","46.0705","63026.38245","-100.8099","112.1683"
"838.5350","46.0721","63374.66812","-100.8099","112.3337"
"838.5400","46.0761","64077.78168","-100.8099","112.8313"
"838.5450","46.0841","65363.14392","-100.8099","113.9192"
"838.5500","46.0977","67359.43604","-100.8099","115.8713"
"838.5550","46.1182","70003.70026","-100.8099","118.8610"
"838.5600","46.1461","73075.56915","-100.8099","122.8303"
"838.5650","46.1811","76332.53479","-100.8099","127.5363"
"838.5700","46.2224","79618.58368","-100.8099","132.6268"
"838.5750","46.2688","82986.86981","-100.8099","137.7722"
"838.5800","46.3188","86329.49066","-100.8099","142.8188"
"838.5850","46.3711","89436.16486","-100.8099","147.6644"
"838.5900","46.4246","92138.92365","-100.8099","152.1821"
"838.5950","46.4784","94337.27264","-100.8099","156.2680"
"838.6000","46.5319","96012.47406","-100.8099","159.7755"
"838.6050","46.5849","97427.47498","-100.8099","162.6094"
"838.6100","46.6370","98770.26367","-100.8099","164.9147"
"838.6150","46.6885","99932.32727","-100.8099","166.8221"
"838.6200","46.7392","100784.27887","-100.8099","168.3551"
"838.6250","46.7894","101282.48596","-100.8099","169.5653"
"838.6300","46.8391","101496.91010","-100.8099","170.5119"
"838.6350","46.8884","101706.64978","-100.8099","171.2671"
"838.6400","46.9375","102167.93823","-100.8099","171.9867"
"838.6450","46.9865","102800.36926","-100.8099","172.7973"
"838.6500","47.0354","103435.04333","-100.8099","173.7052"
"838.6540","47.0746","103846.77124","-100.8099","174.4684"
"838.6550","47.0844","103930.94635","-100.8099","174.6618"
"840.4350","51.1902","190057.08313","-100.8099","350.7405"
"840.4400","51.1902","190035.09521","-100.8099","350.6536"
"840.4450","51.1903","190039.36768","-100.8099","350.5432"
"840.4500","51.1908","190215.27100","-100.8099","350.4367"
"840.4550","51.1925","190890.94543","-100.8099","350.3599"
"840.4600","51.1966","192391.23535","-100.8099","350.3232"
"840.4650","51.2046","194859.46655","-100.8099","350.5115"
"840.4700","51.2182","198334.35059","-100.8099","351.5597"
"840.4750","51.2386","202905.15137","-100.8099","353.9317"
"840.4800","51.2663","208454.39148","-100.8099","357.8494"
"840.4850","51.3012","214857.74231","-100.8099","363.2300"
"840.4900","51.3423","221793.94531","-100.8099","369.8038"
"840.4950","51.3885","228918.50281","-100.8099","377.1873"
"840.5000","51.4383","235788.84888","-100.8099","385.0263"
"840.5050","51.4904","241972.96143","-100.8099","393.0397"
"840.5100","51.5437","247417.12952","-100.8099","400.8187"
"840.5150","51.5974","252370.17822","-100.8099","408.1473"
"840.5200","51.6508","256956.29883","-100.8099","414.9794"
"840.5250","51.7036","261032.19604","-100.8099","421.3151"
"840.5300","51.7556","264602.96631","-100.8099","427.0879"
"840.5350","51.8070","267746.73462","-100.8099","432.3433"
"840.5400","51.8576","270406.25000","-100.8099","437.2192"
"840.5450","51.9076","272767.63916","-100.8099","441.6434"
"840.5500","51.9572","275122.65015","-100.8099","445.7403"
"840.5550","52.0066","277540.49683","-100.8099","449.6446"
"840.5600","52.0557","279918.64014","-100.8099","453.3655"
"840.5650","52.1047","282265.25879","-100.8099","456.9027"
"840.5700","52.1536","284497.40601","-100.8099","460.3822"
"840.5740","52.1928","286020.59937","-100.8099","463.1731"
"840.5750","52.2026","286373.84033","-100.8099","463.8595"
"854.0610","0.0009","-27387.42065","-110.8053","3.0599"
"854.0660","0.0009","-27382.54166","-110.8053","3.0796"
"854.0710","0.0010","-27309.90410","-110.8053","3.0620"
"854.0760","0.0018","-26904.22821","-110.8053","3.0504"
"854.0810","0.0045","-25905.96962","-110.8053","3.1174"
"854.0860","0.0106","-24425.76027","-110.8053","3.3318"
"854.0910","0.0221","-22809.78394","-110.8053","3.7008"
"854.0960","0.0403","-21254.73213","-110.8053","4.2459"
"854.1010","0.0661","-19501.12343","-110.8053","5.0442"
"854.1060","0.0993","-17619.05861","-110.8053","6.0034"
"854.1110","0.1393","-15904.11758","-110.8053","7.0254"
"854.1160","0.1846","-14527.83489","-110.8053","8.0704"
"854.1210","0.2340","-13555.18150","-110.8053","9.1184"
"854.1260","0.2859","-12824.00322","-110.8053","10.3383"
"854.1310","0.3392","-12015.17582","-110.8053","11.7113"
"854.1360","0.3929","-11199.41139","-110.8053","13.0493"
"854.1410","0.4465","-10543.80894","-110.8053","14.2698"
"854.1460","0.4995","-10135.06031","-110.8053","15.3104"
"854.1510","0.5517","-9980.01957","-110.8053","16.2246"
"854.1560","0.6032","-9981.49872","-110.8053","17.1580"
"854.1610","0.6540","-9790.25269","-110.8053","18.2232"
"854.1660","0.7042","-9427.29092","-110.8053","19.2902"
"854.1710","0.7539","-9060.55832","-110.8053","20.3024"
"854.1760","0.8033","-8802.40726","-110.8053","21.1913"
"854.1810","0.8523","-8698.32802","-110.8053","22.0171"
"854.1860","0.9012","-8783.89549","-110.8053","22.7907"
"854.1910","0.9500","-8776.34048","-110.8053","23.6309"
"854.1960","0.9988","-8481.34899","-110.8053","24.5405"
"854.1970","1.0086","-8403.40996","-110.8053","24.7182"
"854.1980","1.0183","-8323.75813","-110.8053","24.8961"
"855.9790","5.1224","-3066.99419","-110.8053","34.1427"
"855.9840","5.1224","-3062.38389","-110.8053","34.1473"
"855.9890","5.1225","-3027.85110","-110.8053","34.1329"
"855.9940","5.1230","-2841.34054","-110.8053","34.1121"
"855.9990","5.1247","-2410.42948","-110.8053","34.0971"
"856.0040","5.1287","-1873.46077","-110.8053","34.1144"
"856.0090","5.1366","-1386.87265","-110.8053","34.2113"
"856.0140","5.1501","-1042.86778","-110.8053","34.4085"
"856.0190","5.1705","-793.67584","-110.8053","34.7796"
"856.0240","5.1983","-337.18389","-110.8053","35.4386"
"856.0290","5.2333","286.60026","-110.8053","36.2322"
"856.0340","5.2747","851.20004","-110.8053","37.0603"
"856.0390","5.3211","1220.97576","-110.8053","37.8034"
"856.0440","5.3712","1330.49154","-110.8053","38.2554"
"856.0490","5.4236","1423.48671","-110.8053","38.5243"
"856.0540","5.4771","1691.06340","-110.8053","38.6063"
"856.0590","5.5310","1987.13875","-110.8053","38.3630"
"856.0640","5.5845","2171.26751","-110.8053","37.9182"
"856.0690","5.6374","2196.82741","-110.8053","37.4053"
"856.0740","5.6895","2075.50573","-110.8053","36.9427"
"856.0790","5.7409","1990.54790","-110.8053","36.6523"
"856.0840","5.7916","2111.79638","-110.8053","36.4511"
"856.0890","5.8418","2351.78447","-110.8053","36.2469"
"856.0940","5.8915","2546.35668","-110.8053","36.0479"
"856.0990","5.9409","2605.30329","-110.8053","35.8496"
"856.1040","5.9900","2462.56804","-110.8053","35.5786"
"856.1090","6.0390","2300.54235","-110.8053","35.3600"
"856.1140","6.0879","2401.18861","-110.8053","35.2569"
"856.1180","6.1270","2576.43151","-110.8053","35.0559"
"856.1190","6.1368","2619.30037","-110.8053","34.9790"
"857.9120","10.2429","217.14501","-110.8053","17.8599"
"857.9170","10.2429","223.42530","-110.8053","17.8624"
"857.9220","10.2430","254.52417","-110.8053","17.8625"
"857.9270","10.2436","429.77798","-110.8053","17.8568"
"857.9320","10.2452","870.52613","-110.8053","17.8200"
"857.9370","10.2493","1440.40287","-110.8053","17.7913"
"857.9420","10.2573","1968.95659","-110.8053","17.7956"
"857.9470","10.2708","2375.93222","-110.8053","17.8394"
"857.9520","10.2912","2834.99813","-110.8053","18.0029"
"857.9570","10.3190","3478.85966","-110.8053","18.2040"
"857.9620","10.3539","4133.95405","-110.8053","18.2903"
"857.9670","10.3952","4607.13434","-110.8053","18.2332"
"857.9720","10.4415","4817.94071","-110.8053","18.0633"
"857.9770","10.4915","4896.38042","-110.8053","17.9234"
"857.9820","10.5439","5087.52298","-110.8053","17.9227"
"857.9870","10.5974","5379.36783","-110.8053","17.9175"
"857.9920","10.6512","5618.96658","-110.8053","17.8330"
"857.9970","10.7048","5699.38421","-110.8053","17.6599"
"858.0020","10.7577","5588.01317","-110.8053","17.4459"
"858.0070","10.8099","5370.45956","-110.8053","17.2666"
"858.0120","10.8613","5272.17865","-110.8053","17.2181"
"858.0170","10.9120","5371.63162","-110.8053","17.2626"
"858.0220","10.9621","5530.83897","-110.8053","17.2942"
"858.0270","11.0118","5610.03351","-110.8053","17.2580"
"858.0320","11.0611","5545.09497","-110.8053","17.1471"
"858.0370","11.1101","5360.08024","-110.8053","17.0245"
"858.0420","11.1591","5279.61683","-110.8053","17.0035"
"858.0470","11.2080","5411.72409","-110.8053","17.0801"
"858.0510","11.2471","5567.10911","-110.8053","17.1252"
"858.0520","11.2568","5600.15059","-110.8053","17.1299"
"859.8330","15.3604","2663.09643","-110.8053","17.6238"
"859.8380","15.3604","2664.56652","-110.8053","17.6383"
"859.8430","15.3605","2687.96706","-110.8053","17.6500"
"859.8480","15.3610","2830.07908","-110.8053","17.6504"
"859.8530","15.3627","3190.26446","-110.8053","17.6085"
"859.8580","15.3668","3648.68307","-110.8053","17.5104"
"859.8630","15.3749","4052.40011","-110.8053","17.4081"
"859.8680","15.3886","4404.90913","-110.8053","17.3307"
"859.8730","15.4091","4941.22934","-110.8053","17.3662"
"859.8780","15.4371","5615.16666","-110.8053","17.4418"
"859.8830","15.4721","6233.55246","-110.8053","17.4496"
"859.8880","15.5135","6656.31628","-110.8053","17.3790"
"859.8930","15.5599","6853.42646","-110.8053","17.2857"
"859.8980","15.6099","7022.05467","-110.8053","17.3012"
"859.9030","15.6622","7308.92515","-110.8053","17.3978"
"859.9080","15.7158","7624.60089","-110.8053","17.4978"
"859.9130","15.7696","7844.93494","-110.8053","17.5563"
"859.9180","15.8231","7898.12565","-110.8053","17.5173"
"859.9230","15.8760","7770.17021","-110.8053","17.4054"
"859.9280","15.9282","7648.23151","-110.8053","17.3680"
"859.9330","15.9796","7727.91815","-110.8053","17.4654"
"859.9380","16.0304","7931.31065","-110.8053","17.5905"
"859.9430","16.0806","8089.88762","-110.8053","17.6834"
"859.9480","16.1303","8102.67448","-110.8053","17.6903"
"859.9530","16.1797","7949.02372","-110.8053","17.6483"
"859.9580","16.2289","7784.02328","-110.8053","17.6659"
"859.9630","16.2780","7826.96056","-110.8053","17.7382"
"859.9680","16.3270","8021.23070","-110.8053","17.8283"
"859.9720","16.3662","8168.79368","-110.8053","17.8671"
"859.9730","16.3760","8195.94383","-110.8053","17.8696"
"861.7520","20.4815","3818.13860","-110.8053","19.3414"
"861.7570","20.4815","3822.42298","-110.8053","19.3397"
"861.7620","20.4816","3846.92168","-110.8053","19.3390"
"861.7670","20.4821","3980.18575","-110.8053","19.3269"
"861.7720","20.4838","4367.99288","-110.8053","19.2948"
"861.7770","20.4877","4945.13893","-110.8053","19.2437"
"861.7820","20.4955","5542.21916","-110.8053","19.1831"
"861.7870","20.5090","6188.51805","-110.8053","19.1772"
"861.7920","20.5292","7002.12431","-110.8053","19.2807"
"861.7970","20.5568","7875.55313","-110.8053","19.3716"
"861.8020","20.5916","8628.15571","-110.8053","19.3637"
"861.8070","20.6327","9116.19663","-110.8053","19.2427"
"861.8120","20.6789","9379.20570","-110.8053","19.1079"
"861.8170","20.7288","9668.97106","-110.8053","19.0989"
"861.8220","20.7810","10043.63346","-110.8053","19.1472"
"861.8270","20.8344","10370.88966","-110.8053","19.2022"
"861.8320","20.8881","10555.47428","-110.8053","19.2318"
"861.8370","20.9415","10546.60225","-110.8053","19.1959"
"861.8420","20.9944","10389.21165","-110.8053","19.1350"
"861.8470","21.0465","10290.21645","-110.8053","19.1681"
"861.8520","21.0979","10340.32345","-110.8053","19.2517"
"861.8570","21.1486","10431.44035","-110.8053","19.3216"
"861.8620","21.1987","10451.87855","-110.8053","19.3338"
"861.8670","21.2484","10344.95163","-110.8053","19.2900"
"861.8720","21.2978","10149.47987","-110.8053","19.2433"
"861.8770","21.3469","10061.68652","-110.8053","19.2893"
"861.8820","21.3960","10179.60358","-110.8053","19.4363"
"861.8870","21.4450","10378.98922","-110.8053","19.5897"
"861.8910","21.4843","10497.97058","-110.8053","19.6554"
"861.8920","21.4941","10515.40184","-110.8053","19.6611"
"863.6710","25.5967","6581.04658","-110.8053","21.6622"
"863.6760","25.5967","6585.75344","-110.8053","21.6766"
"863.6810","25.5968","6609.45272","-110.8053","21.6809"
"863.6860","25.5973","6738.23547","-110.8053","21.6719"
"863.6910","25.5990","7102.70786","-110.8053","21.6463"
"863.6960","25.6031","7629.59623","-110.8053","21.6012"
"863.7010","25.6111","8206.55060","-110.8053","21.5754"
"863.7060","25.6248","8931.15520","-110.8053","21.6307"
"863.7110","25.6453","9825.87337","-110.8053","21.7682"
"863.7160","25.6732","10713.27972","-110.8053","21.8623"
"863.7210","25.7083","11445.34683","-110.8053","21.8673"
"863.7260","25.7497","11944.02695","-110.8053","21.8082"
"863.7310","25.7961","12332.19337","-110.8053","21.8060"
"863.7360","25.8462","12769.91844","-110.8053","21.8724"
"863.7410","25.8986","13178.04241","-110.8053","21.9479"
"863.7460","25.9522","13455.58357","-110.8053","21.9777"
"863.7510","26.0061","13542.55676","-110.8053","21.9588"
"863.7560","26.0597","13434.76105","-110.8053","21.8953"
"863.7610","26.1127","13280.51853","-110.8053","21.8466"
"863.7660","26.1650","13280.82657","-110.8053","21.8946"
"863.7710","26.2164","13420.73345","-110.8053","21.9831"
"863.7760","26.2671","13564.51511","-110.8053","22.0373"
"863.7810","26.3172","13620.31269","-110.8053","22.0358"
"863.7860","26.3669","13545.83263","-110.8053","22.0211"
"863.7910","26.4162","13438.71021","-110.8053","22.0797"
"863.7960","26.4653","13463.40942","-110.8053","22.2288"
"863.8010","26.5143","13632.46536","-110.8053","22.4002"
"863.8060","26.5632","13791.27407","-110.8053","22.4979"
"863.8100","26.6023","13839.03885","-110.8053","22.5030"
"863.8110","26.6121","13836.49731","-110.8053","22.4967"
"865.5910","30.7176","9258.90636","-110.8053","23.2732"
"865.5960","30.7176","9263.04150","-110.8053","23.2841"
"865.6010","30.7177","9285.85052","-110.8053","23.2945"
"865.6060","30.7182","9408.63419","-110.8053","23.2939"
"865.6110","30.7199","9771.81721","-110.8053","23.2717"
"865.6160","30.7239","10352.63729","-110.8053","23.2490"
"865.6210","30.7318","11111.27186","-110.8053","23.3109"
"865.6260","30.7452","12068.03894","-110.8053","23.4848"
"865.6310","30.7655","13121.57822","-110.8053","23.7003"
"865.6360","30.7931","14086.88831","-110.8053","23.8494"
"865.6410","30.8279","14857.51724","-110.8053","23.8983"
"865.6460","30.8691","15420.90893","-110.8053","23.9138"
"865.6510","30.9153","15954.12350","-110.8053","24.0374"
"865.6560","30.9653","16534.19495","-110.8053","24.2276"
"865.6610","31.0176","17047.39761","-110.8053","24.4093"
"865.6660","31.0711","17400.57755","-110.8053","24.5565"
"865.6710","31.1249","17555.36842","-110.8053","24.6510"
"865.6760","31.1785","17528.29742","-110.8053","24.6906"
"865.6810","31.2314","17463.96255","-110.8053","24.7368"
"865.6860","31.2836","17478.95813","-110.8053","24.7772"
"865.6910","31.3351","17508.42857","-110.8053","24.7685"
"865.6960","31.3858","17465.10696","-110.8053","24.6902"
"865.7010","31.4359","17316.04004","-110.8053","24.5673"
"865.7060","31.4855","17082.66830","-110.8053","24.4597"
"865.7110","31.5349","16928.31802","-110.8053","24.4180"
"865.7160","31.5840","16987.01096","-110.8053","24.4830"
"865.7210","31.6329","17173.74420","-110.8053","24.5837"
"865.7260","31.6818","17348.94180","-110.8053","24.6594"
"865.7300","31.7210","17423.44475","-110.8053","24.6905"
"865.7310","31.7308","17430.08614","-110.8053","24.6960"
"867.5170","35.8351","13393.08357","-110.8053","27.3813"
"867.5220","35.8351","13394.71054","-110.8053","27.3926"
"867.5270","35.8352","13413.67817","-110.8053","27.3971"
"867.5320","35.8357","13532.17316","-110.8053","27.3993"
"867.5370","35.8374","13884.54628","-110.8053","27.3755"
"867.5420","35.8414","14500.26226","-110.8053","27.3401"
"867.5470","35.8493","15393.71109","-110.8053","27.4124"
"867.5520","35.8628","16509.98306","-110.8053","27.6214"
"867.5570","35.8831","17678.31230","-110.8053","27.9346"
"867.5620","35.9108","18756.35338","-110.8053","28.3124"
"867.5670","35.9455","19666.09573","-110.8053","28.7513"
"867.5720","35.9866","20478.05023","-110.8053","29.2692"
"867.5770","36.0327","21349.11919","-110.8053","29.8658"
"867.5820","36.0826","22169.54803","-110.8053","30.4984"
"867.5870","36.1348","22822.36862","-110.8053","31.1377"
"867.5920","36.1882","23257.74193","-110.8053","31.7414"
"867.5970","36.2421","23483.77228","-110.8053","32.3038"
"867.6020","36.2956","23630.61523","-110.8053","32.8484"
"867.6070","36.3487","23859.21669","-110.8053","33.3687"
"867.6120","36.4009","24072.76535","-110.8053","33.7055"
"867.6170","36.4524","24200.45853","-110.8053","33.8751"
"867.6220","36.5032","24163.96332","-110.8053","33.9015"
"867.6270","36.5534","23957.93724","-110.8053","33.8301"
"867.6320","36.6032","23711.82251","-110.8053","33.7574"
"867.6370","36.6525","23680.47142","-110.8053","33.7511"
"867.6420","36.7017","23854.92897","-110.8053","33.8226"
"867.6470","36.7507","24096.26961","-110.8053","33.9483"
"867.6520","36.7997","24283.46252","-110.8053","34.0759"
"867.6560","36.8389","24319.40842","-110.8053","34.1858"
"867.6570","36.8486","24308.65479","-110.8053","34.2097"
"869.4490","40.9521","31172.07909","-110.8053","58.4013"
"869.4540","40.9521","31170.66193","-110.8053","58.4074"
"869.4590","40.9522","31190.33432","-110.8053","58.4071"
"869.4640","40.9527","31326.59531","-110.8053","58.4050"
"869.4690","40.9543","31753.50571","-110.8053","58.4647"
"869.4740","40.9583","32580.57022","-110.8053","58.7507"
"869.4790","40.9661","33947.96753","-110.8053","59.5230"
"869.4840","40.9795","35865.91721","-110.8053","60.9630"
"869.4890","40.9998","38182.73544","-110.8053","63.1259"
"869.4940","41.0274","40624.86649","-110.8053","65.8219"
"869.4990","41.0623","42948.27652","-110.8053","68.7063"
"869.5040","41.1035","45054.32129","-110.8053","71.5739"
"869.5090","41.1497","47021.64459","-110.8053","74.3709"
"869.5140","41.1996","48827.78549","-110.8053","76.9693"
"869.5190","41.2518","50347.26715","-110.8053","79.2557"
"869.5240","41.3052","51516.53290","-110.8053","81.1969"
"869.5290","41.3589","52346.81320","-110.8053","82.8312"
"869.5340","41.4124","52911.36551","-110.8053","84.2171"
"869.5390","41.4653","53432.37686","-110.8053","85.4255"
"869.5440","41.5175","54028.98788","-110.8053","86.5331"
"869.5490","41.5690","54632.77817","-110.8053","87.5624"
"869.5540","41.6197","55176.72729","-110.8053","88.5233"
"869.5590","41.6699","55608.86383","-110.8053","89.4515"
"869.5640","41.7196","55897.43805","-110.8053","90.3340"
"869.5690","41.7690","56163.02872","-110.8053","91.1142"
"869.5740","41.8182","56500.10681","-110.8053","91.7622"
"869.5790","41.8671","56840.08408","-110.8053","92.2864"
"869.5840","41.9161","57147.56775","-110.8053","92.8041"
"869.5880","41.9552","57366.44363","-110.8053","93.2914"
"869.5890","41.9650","57417.47284","-110.8053","93.4286"
"871.3640","46.0693","94695.93048","-110.8053","178.5039"
"871.3690","46.0693","94682.94525","-110.8053","178.4665"
"871.3740","46.0694","94694.58771","-110.8053","178.3940"
"871.3790","46.0699","94837.54730","-110.8053","178.3376"
"871.3840","46.0715","95256.70624","-110.8053","178.4144"
"871.3890","46.0755","96097.72491","-110.8053","178.8747"
"871.3940","46.0835","97533.43964","-110.8053","180.0859"
"871.3990","46.0971","99808.05206","-110.8053","182.2940"
"871.4040","46.1175","103130.89752","-110.8053","185.6171"
"871.4090","46.1453","107265.66315","-110.8053","190.1863"
"871.4140","46.1803","111932.31201","-110.8053","195.8831"
"871.4190","46.2216","116722.79358","-110.8053","202.4488"
"871.4240","46.2679","121206.90918","-110.8053","209.4662"
"871.4290","46.3179","125443.03894","-110.8053","216.3819"
"871.4340","46.3702","129629.92859","-110.8053","222.9038"
"871.4390","46.4237","133540.06958","-110.8053","229.0497"
"871.4440","46.4775","137099.89929","-110.8053","234.8008"
"871.4490","46.5310","140324.56970","-110.8053","240.2129"
"871.4540","46.5839","143077.28577","-110.8053","245.3038"
"871.4590","46.6360","145285.93445","-110.8053","250.0028"
"871.4640","46.6874","147473.83118","-110.8053","254.1241"
"871.4690","46.7380","149857.69653","-110.8053","257.7789"
"871.4740","46.7881","152227.08130","-110.8053","261.2267"
"871.4790","46.8378","154544.20471","-110.8053","264.6089"
"871.4840","46.8871","156659.66797","-110.8053","267.9929"
"871.4890","46.9361","158278.42712","-110.8053","271.3159"
"871.4940","46.9851","159656.26526","-110.8053","274.3099"
"871.4990","47.0340","161261.59668","-110.8053","276.8673"
"871.5030","47.0731","162598.40393","-110.8053","278.7438"
"871.5040","47.0829","162929.61121","-110.8053","279.2058"
"873.2930","51.1866","230638.76343","-110.8053","434.0518"
"873.2980","51.1866","230602.18811","-110.8053","433.9336"
"873.3030","51.1866","230591.14075","-110.8053","433.8039"
"873.3080","51.1871","230749.32861","-110.8053","433.6736"
"873.3130","51.1888","231415.52734","-110.8053","433.5811"
"873.3180","51.1928","233077.59094","-110.8053","433.5284"
"873.3230","51.2008","236133.89587","-110.8053","433.5866"
"873.3280","51.2143","240582.07703","-110.8053","434.0594"
"873.3330","51.2346","246297.34802","-110.8053","435.3967"
"873.3380","51.2622","252880.56946","-110.8053","437.9846"
"873.3430","51.2971","259673.58398","-110.8053","442.0036"
"873.3480","51.3383","266200.31738","-110.8053","447.1768"
"873.3530","51.3847","272652.00806","-110.8053","452.9510"
"873.3580","51.4347","279243.80493","-110.8053","458.9600"
"873.3630","51.4871","285621.24634","-110.8053","465.1439"
"873.3680","51.5407","291518.12744","-110.8053","471.3746"
"873.3730","51.5946","296616.18042","-110.8053","477.5498"
"873.3780","51.6482","300791.74805","-110.8053","483.6499"
"873.3830","51.7011","304262.66479","-110.8053","489.5411"
"873.3880","51.7533","307571.16699","-110.8053","495.0677"
"873.3930","51.8046","311150.08545","-110.8053","500.1215"
"873.3980","51.8552","314828.15552","-110.8053","504.8955"
"873.4030","51.9052","318556.48804","-110.8053","509.4893"
"873.4080","51.9547","322030.09033","-110.8053","513.9171"
"873.4130","52.0040","324976.25732","-110.8053","518.1792"
"873.4180","52.0530","327388.58032","-110.8053","522.2543"
"873.4230","52.1019","329701.75171","-110.8053","526.0945"
"873.4280","52.1507","332175.38452","-110.8053","529.7445"
"873.4320","52.1898","334260.13184","-110.8053","532.6010"
"873.4330","52.1996","334803.89404","-110.8053","533.3101"
"886.9070","0.0009","-24248.09456","-120.7962","3.4166"
"886.9120","0.0009","-24244.93408","-120.7962","3.4244"
"886.9170","0.0010","-24167.12952","-120.7962","3.4262"
"886.9220","0.0018","-23725.26550","-120.7962","3.4285"
"886.9270","0.0044","-22745.43190","-120.7962","3.5099"
"886.9320","0.0106","-21481.12679","-120.7962","3.7289"
"886.9370","0.0221","-20247.25723","-120.7962","4.0293"
"886.9420","0.0404","-19171.08727","-120.7962","4.4891"
"886.9470","0.0662","-17957.94487","-120.7962","5.2662"
"886.9520","0.0995","-16523.11897","-120.7962","6.2862"
"886.9570","0.1396","-15132.04956","-120.7962","7.3198"
"886.9620","0.1851","-14035.51197","-120.7962","8.2908"
"886.9670","0.2345","-13332.92961","-120.7962","9.2426"
"886.9720","0.2866","-12843.57643","-120.7962","10.3587"
"886.9770","0.3400","-12223.06538","-120.7962","11.7313"
"886.9820","0.3938","-11466.74919","-120.7962","13.1709"
"886.9870","0.4473","-10775.69389","-120.7962","14.4694"
"886.9920","0.5003","-10314.45980","-120.7962","15.5073"
"886.9970","0.5525","-10133.56018","-120.7962","16.3371"
"887.0020","0.6040","-10105.95226","-120.7962","17.1563"
"887.0070","0.6547","-9950.96397","-120.7961","18.1853"
"887.0120","0.7048","-9581.52008","-120.7961","19.3707"
"887.0170","0.7544","-9151.10207","-120.7962","20.4832"
"887.0220","0.8037","-8846.09127","-120.7962","21.4059"
"887.0270","0.8528","-8754.33922","-120.7962","22.1703"
"887.0320","0.9017","-8892.79079","-120.7962","22.8444"
"887.0370","0.9505","-8916.83960","-120.7962","23.5959"
"887.0420","0.9993","-8611.25660","-120.7962","24.5027"
"887.0430","1.0091","-8523.15617","-120.7962","24.6885"
"887.0440","1.0188","-8430.91488","-120.7962","24.8759"
"888.8280","5.1241","-3262.16459","-120.7962","37.1929"
"888.8330","5.1241","-3258.99076","-120.7962","37.2221"
"888.8380","5.1242","-3222.33295","-120.7962","37.2442"
"888.8430","5.1247","-3013.19623","-120.7962","37.2436"
"888.8480","5.1264","-2477.79965","-120.7962","37.2368"
"888.8530","5.1304","-1780.64811","-120.7962","37.2543"
"888.8580","5.1383","-1149.61910","-120.7962","37.3422"
"888.8630","5.1519","-731.66752","-120.7962","37.5155"
"888.8680","5.1722","-486.55045","-120.7962","37.8512"
"888.8730","5.2000","-24.13802","-120.7962","38.5054"
"888.8780","5.2350","676.07725","-120.7962","39.3311"
"888.8830","5.2764","1338.37950","-120.7962","40.1555"
"888.8880","5.3228","1752.66373","-120.7962","40.8233"
"888.8930","5.3729","1860.44705","-120.7962","41.3392"
"888.8980","5.4253","1939.48805","-120.7962","41.8901"
"888.9030","5.4789","2225.60310","-120.7962","42.3209"
"888.9080","5.5327","2627.18821","-120.7962","42.5134"
"888.9130","5.5862","2931.48065","-120.7962","42.4311"
"888.9180","5.6391","3016.83426","-120.7962","42.1517"
"888.9230","5.6913","2831.27522","-120.7962","41.6247"
"888.9280","5.7427","2588.74750","-120.7962","41.0064"
"888.9330","5.7934","2580.45363","-120.7962","40.4643"
"888.9380","5.8435","2805.39536","-120.7962","40.0223"
"888.9430","5.8932","3036.56125","-120.7962","39.5730"
"888.9480","5.9425","3115.09633","-120.7962","39.0402"
"888.9530","5.9917","2948.36760","-120.7962","38.4163"
"888.9580","6.0406","2694.03696","-120.7962","37.8906"
"888.9630","6.0896","2670.89033","-120.7962","37.5994"
"888.9670","6.1288","2796.54264","-120.7962","37.2966"
"888.9680","6.1386","2833.76694","-120.7962","37.1952"
"890.7500","10.2417","-353.30033","-120.7962","19.3159"
"890.7550","10.2417","-344.64225","-120.7962","19.3004"
"890.7600","10.2418","-311.05685","-120.7962","19.2860"
"890.7650","10.2424","-129.57403","-120.7962","19.2750"
"890.7700","10.2440","370.84657","-120.7962","19.2697"
"890.7750","10.2480","1071.67506","-120.7962","19.2955"
"890.7800","10.2560","1744.30430","-120.7962","19.3635"
"890.7850","10.2695","2247.71929","-120.7962","19.4748"
"890.7900","10.2899","2732.57327","-120.7962","19.7135"
"890.7950","10.3176","3441.45155","-120.7962","20.0869"
"890.8000","10.3526","4233.38604","-120.7962","20.3178"
"890.8050","10.3938","4832.62825","-120.7962","20.3575"
"890.8100","10.4402","5102.72360","-120.7962","20.2541"
"890.8150","10.4902","5150.78783","-120.7962","20.1043"
"890.8200","10.5425","5279.00124","-120.7962","20.0322"
"890.8250","10.5960","5591.76922","-120.7962","20.0329"
"890.8300","10.6498","5928.34806","-120.7962","19.9701"
"890.8350","10.7034","6114.54105","-120.7962","19.7833"
"890.8400","10.7563","6062.99973","-120.7962","19.4748"
"890.8450","10.8084","5820.01591","-120.7962","19.1542"
"890.8500","10.8598","5640.29312","-120.7962","18.9638"
"890.8550","10.9105","5701.10321","-120.7962","18.8643"
"890.8600","10.9606","5893.82315","-120.7962","18.7367"
"890.8650","11.0102","6020.47062","-120.7962","18.5642"
"890.8700","11.0596","5970.94822","-120.7962","18.3146"
"890.8750","11.1087","5756.40202","-120.7962","18.0701"
"890.8800","11.1576","5609.52234","-120.7962","17.9448"
"890.8850","11.2065","5723.51360","-120.7962","17.9609"
"890.8890","11.2456","5946.01870","-120.7962","17.9843"
"890.8900","11.2554","6003.04937","-120.7962","17.9850"
"892.6680","15.3578","2580.43647","-120.7962","17.4459"
"892.6730","15.3578","2583.75001","-120.7962","17.4485"
"892.6780","15.3579","2608.84309","-120.7962","17.4322"
"892.6830","15.3585","2762.76088","-120.7962","17.3993"
"892.6880","15.3602","3185.31322","-120.7962","17.3429"
"892.6930","15.3643","3743.42966","-120.7962","17.2560"
"892.6980","15.3724","4241.87756","-120.7962","17.1550"
"892.7030","15.3861","4604.26903","-120.7962","17.0532"
"892.7080","15.4066","5095.83330","-120.7962","17.0509"
"892.7130","15.4345","5805.88627","-120.7962","17.1511"
"892.7180","15.4696","6518.95714","-120.7962","17.2136"
"892.7230","15.5110","7013.04054","-120.7962","17.1888"
"892.7280","15.5574","7201.56860","-120.7962","17.0784"
"892.7330","15.6074","7285.36701","-120.7962","17.0329"
"892.7380","15.6597","7499.21942","-120.7962","17.1182"
"892.7430","15.7132","7826.59483","-120.7962","17.2577"
"892.7480","15.7670","8096.44699","-120.7962","17.3674"
"892.7530","15.8205","8186.28502","-120.7962","17.3735"
"892.7580","15.8735","8045.71056","-120.7962","17.3155"
"892.7630","15.9256","7847.75686","-120.7962","17.2824"
"892.7680","15.9771","7844.43235","-120.7962","17.3714"
"892.7730","16.0278","8048.64311","-120.7962","17.5188"
"892.7780","16.0780","8262.09831","-120.7962","17.6305"
"892.7830","16.1278","8333.20713","-120.7962","17.6518"
"892.7880","16.1772","8197.44015","-120.7962","17.5843"
"892.7930","16.2264","7994.37809","-120.7962","17.5405"
"892.7980","16.2755","8002.55585","-120.7962","17.6027"
"892.8030","16.3245","8255.00488","-120.7962","17.7000"
"892.8070","16.3637","8483.93726","-120.7962","17.7648"
"892.8080","16.3735","8531.36349","-120.7962","17.7755"
"894.5880","20.4764","4030.80845","-120.7962","19.9108"
"894.5930","20.4764","4032.87792","-120.7962","19.8981"
"894.5980","20.4765","4059.30090","-120.7962","19.8642"
"894.6030","20.4770","4209.74398","-120.7962","19.8134"
"894.6080","20.4786","4653.89585","-120.7962","19.7428"
"894.6130","20.4825","5335.65760","-120.7962","19.6390"
"894.6180","20.4904","6035.17103","-120.7962","19.5194"
"894.6230","20.5037","6723.64902","-120.7962","19.4699"
"894.6280","20.5239","7571.54846","-120.7962","19.5821"
"894.6330","20.5514","8572.83592","-120.7962","19.7378"
"894.6380","20.5861","9496.32740","-120.7962","19.8083"
"894.6430","20.6271","10149.87659","-120.7962","19.7917"
"894.6480","20.6732","10505.20325","-120.7962","19.7411"
"894.6530","20.7231","10828.64857","-120.7962","19.8037"
"894.6580","20.7752","11287.33158","-120.7962","20.0241"
"894.6630","20.8286","11767.12132","-120.7962","20.2858"
"894.6680","20.8823","12105.12733","-120.7962","20.4836"
"894.6730","20.9358","12205.55878","-120.7962","20.5653"
"894.6780","20.9886","12070.14275","-120.7962","20.5498"
"894.6830","21.0407","11938.42411","-120.7962","20.5777"
"894.6880","21.0920","12025.93994","-120.7962","20.7184"
"894.6930","21.1427","12221.08936","-120.7962","20.8617"
"894.6980","21.1928","12294.07310","-120.7962","20.8495"
"894.7030","21.2425","12139.72473","-120.7962","20.7016"
"894.7080","21.2918","11792.70363","-120.7962","20.4893"
"894.7130","21.3410","11495.67604","-120.7962","20.3631"
"894.7180","21.3901","11433.30097","-120.7962","20.3628"
"894.7230","21.4391","11591.42494","-120.7962","20.4252"
"894.7270","21.4784","11743.60847","-120.7962","20.4695"
"894.7280","21.4882","11773.94485","-120.7962","20.4750"
"896.5070","25.5920","7586.00616","-120.7962","22.9000"
"896.5120","25.5920","7588.48429","-120.7962","22.9039"
"896.5170","25.5921","7612.40530","-120.7962","22.8904"
"896.5220","25.5926","7750.73338","-120.7962","22.8640"
"896.5270","25.5942","8160.66360","-120.7962","22.8188"
"896.5320","25.5982","8780.61485","-120.7962","22.7368"
"896.5370","25.6062","9428.92933","-120.7962","22.6608"
"896.5420","25.6197","10180.88913","-120.7962","22.6725"
"896.5470","25.6400","11173.04039","-120.7962","22.8254"
"896.5520","25.6678","12234.97581","-120.7962","22.9855"
"896.5570","25.7027","13145.87307","-120.7962","23.0610"
"896.5620","25.7440","13777.94266","-120.7962","23.0321"
"896.5670","25.7904","14237.55646","-120.7962","23.0333"
"896.5720","25.8404","14761.49273","-120.7962","23.2043"
"896.5770","25.8928","15359.67255","-120.7962","23.4634"
"896.5820","25.9463","15858.09326","-120.7962","23.6888"
"896.5870","26.0002","16137.81166","-120.7962","23.8193"
"896.5920","26.0538","16153.51105","-120.7962","23.8428"
"896.5970","26.1068","16022.22252","-120.7962","23.8433"
"896.6020","26.1590","16012.10022","-120.7962","23.9361"
"896.6070","26.2104","16222.88322","-120.7962","24.1199"
"896.6120","26.2612","16398.96965","-120.7962","24.2408"
"896.6170","26.3113","16300.84419","-120.7962","24.0955"
"896.6220","26.3610","15907.30667","-120.7962","23.7734"
"896.6270","26.4103","15384.86958","-120.7962","23.4028"
"896.6320","26.4594","15019.27376","-120.7962","23.1759"
"896.6370","26.5084","14934.94606","-120.7962","23.0441"
"896.6420","26.5573","14971.99154","-120.7962","22.9291"
"896.6460","26.5965","14972.01824","-120.7962","22.8399"
"896.6470","26.6063","14960.87456","-120.7962","22.8131"
"898.4270","30.7091","9785.03704","-120.7962","25.2295"
"898.4320","30.7091","9791.13865","-120.7962","25.2251"
"898.4370","30.7092","9814.94617","-120.7962","25.1934"
"898.4420","30.7097","9955.92499","-120.7962","25.1451"
"898.4470","30.7114","10386.38306","-120.7962","25.0612"
"898.4520","30.7155","11061.89156","-120.7962","24.9637"
"898.4570","30.7235","11904.25682","-120.7962","24.9323"
"898.4620","30.7371","12968.48488","-120.7962","25.0570"
"898.4670","30.7575","14235.17609","-120.7962","25.2962"
"898.4720","30.7853","15467.88025","-120.7962","25.5051"
"898.4770","30.8202","16485.26001","-120.7962","25.6428"
"898.4820","30.8615","17206.09283","-120.7962","25.7131"
"898.4870","30.9078","17814.41307","-120.7962","25.8398"
"898.4920","30.9578","18515.62119","-120.7962","26.0872"
"898.4970","31.0101","19219.66934","-120.7962","26.3628"
"898.5020","31.0636","19769.70673","-120.7962","26.6323"
"898.5070","31.1175","20086.31134","-120.7962","26.8596"
"898.5120","31.1710","20152.62222","-120.7962","27.0295"
"898.5170","31.2240","20123.42262","-120.7962","27.1852"
"898.5220","31.2762","20175.36354","-120.7962","27.2637"
"898.5270","31.3276","20286.64780","-120.7962","27.2182"
"898.5320","31.3783","20321.13647","-120.7962","27.1009"
"898.5370","31.4284","20164.62326","-120.7962","26.9379"
"898.5420","31.4781","19819.25201","-120.7962","26.7507"
"898.5470","31.5275","19482.08046","-120.7962","26.6285"
"898.5520","31.5766","19407.52602","-120.7962","26.6118"
"898.5570","31.6255","19583.06313","-120.7962","26.6547"
"898.5620","31.6744","19811.00655","-120.7962","26.7209"
"898.5660","31.7136","19910.71320","-120.7962","26.7530"
"898.5670","31.7234","19913.81645","-120.7962","26.7548"
"900.3460","35.8258","16110.27718","-120.7962","33.5329"
"900.3510","35.8258","16110.49652","-120.7962","33.5195"
"900.3560","35.8259","16131.90651","-120.7962","33.4926"
"900.3610","35.8264","16270.67566","-120.7962","33.4756"
"900.3660","35.8281","16689.03542","-120.7962","33.4611"
"900.3710","35.8321","17388.06534","-120.7962","33.5346"
"900.3760","35.8400","18411.64780","-120.7962","33.8148"
"900.3810","35.8535","19789.85405","-120.7962","34.3725"
"900.3860","35.8738","21334.77402","-120.7962","35.1221"
"900.3910","35.9014","22820.06073","-120.7962","35.9696"
"900.3960","35.9362","24103.47176","-120.7962","36.8354"
"900.4010","35.9773","25171.10825","-120.7962","37.6861"
"900.4060","36.0234","26255.10216","-120.7962","38.5934"
"900.4110","36.0732","27299.37172","-120.7962","39.4991"
"900.4160","36.1253","28135.16808","-120.7962","40.3299"
"900.4210","36.1787","28634.17244","-120.7962","40.9787"
"900.4260","36.2324","28807.56569","-120.7962","41.4419"
"900.4310","36.2860","28786.39221","-120.7962","41.7568"
"900.4360","36.3390","28868.47305","-120.7962","42.0163"
"900.4410","36.3912","29141.87431","-120.7962","42.3127"
"900.4460","36.4428","29477.41318","-120.7962","42.6365"
"900.4510","36.4936","29761.33728","-120.7962","42.9448"
"900.4560","36.5439","29932.61719","-120.7962","43.2465"
"900.4610","36.5937","29985.38971","-120.7962","43.5721"
"900.4660","36.6431","30129.12560","-120.7962","43.9272"
"900.4710","36.6923","30429.51775","-120.7962","44.2931"
"900.4760","36.7413","30753.14331","-120.7962","44.5992"
"900.4810","36.7902","31005.47409","-120.7962","44.8668"
"900.4850","36.8293","31113.95454","-120.7962","45.0705"
"900.4860","36.8391","31125.23842","-120.7962","45.1246"
"902.2650","40.9422","39673.96545","-120.7962","75.7372"
"902.2700","40.9422","39672.21451","-120.7962","75.7053"
"902.2750","40.9423","39694.39316","-120.7962","75.6593"
"902.2800","40.9428","39858.11996","-120.7962","75.6290"
"902.2850","40.9445","40362.33521","-120.7962","75.6536"
"902.2900","40.9484","41297.60361","-120.7962","75.9075"
"902.2950","40.9562","42773.73886","-120.7962","76.7103"
"902.3000","40.9695","44920.38727","-120.7962","78.3719"
"902.3050","40.9896","47708.00400","-120.7962","81.0093"
"902.3100","41.0170","50961.19690","-120.7962","84.6249"
"902.3150","41.0517","54332.34787","-120.7962","88.8979"
"902.3200","41.0928","57493.54172","-120.7962","93.3884"
"902.3250","41.1389","60397.70508","-120.7962","97.8712"
"902.3300","41.1887","63070.98389","-120.7962","102.2134"
"902.3350","41.2408","65486.04584","-120.7962","106.2180"
"902.3400","41.2941","67594.28406","-120.7962","109.8012"
"902.3450","41.3478","69340.48462","-120.7962","112.9717"
"902.3500","41.4012","70713.93585","-120.7962","115.7838"
"902.3550","41.4541","71811.69891","-120.7962","118.2632"
"902.3600","41.5062","72852.88239","-120.7962","120.4695"
"902.3650","41.5576","73867.57660","-120.7962","122.4214"
"902.3700","41.6084","74827.88086","-120.7962","124.1443"
"902.3750","41.6586","75648.67401","-120.7962","125.6896"
"902.3800","41.7083","76273.02551","-120.7962","127.0522"
"902.3850","41.7577","76727.26440","-120.7962","128.2713"
"902.3900","41.8069","77240.04364","-120.7962","129.3882"
"902.3950","41.8560","77941.29944","-120.7962","130.4704"
"902.4000","41.9049","78800.36163","-120.7962","131.6541"
"902.4040","41.9441","79532.53937","-120.7962","132.7044"
"902.4050","41.9539","79713.68408","-120.7962","132.9824"
"904.1900","46.0613","135342.01050","-120.7962","257.5199"
"904.1950","46.0613","135322.79968","-120.7962","257.4410"
"904.2000","46.0614","135327.62146","-120.7962","257.3592"
"904.2050","46.0619","135479.32434","-120.7962","257.2884"
"904.2100","46.0635","136040.52734","-120.7962","257.2521"
"904.2150","46.0674","137294.84558","-120.7962","257.3666"
"904.2200","46.0751","139403.32031","-120.7962","257.9214"
"904.2250","46.0885","142343.26172","-120.7962","259.3936"
"904.2300","46.1086","145861.80115","-120.7962","262.0899"
"904.2350","46.1361","149711.38000","-120.7962","266.0064"
"904.2400","46.1709","154286.75842","-120.7962","270.8442"
"904.2450","46.2120","159767.19666","-120.7962","276.4091"
"904.2500","46.2581","165564.49890","-120.7962","282.6790"
"904.2550","46.3080","171019.66858","-120.7962","289.4645"
"904.2600","46.3602","175653.93066","-120.7962","296.4159"
"904.2650","46.4137","179341.50696","-120.7962","303.2023"
"904.2700","46.4675","182542.20581","-120.7962","309.5102"
"904.2750","46.5210","185893.99719","-120.7962","315.1360"
"904.2800","46.5739","189463.62305","-120.7962","320.1810"
"904.2850","46.6260","192872.84851","-120.7962","324.8634"
"904.2900","46.6774","195687.17957","-120.7962","329.3210"
"904.2950","46.7280","197660.44617","-120.7962","333.5824"
"904.3000","46.7781","198999.75586","-120.7962","337.6379"
"904.3050","46.8278","200464.49280","-120.7962","341.3772"
"904.3100","46.8771","202548.85864","-120.7962","344.7761"
"904.3150","46.9262","204938.52234","-120.7962","348.0090"
"904.3200","46.9752","207197.38770","-120.7962","351.2472"
"904.3250","47.0241","208956.37512","-120.7962","354.5347"
"904.3290","47.0633","209969.19250","-120.7962","357.2012"
"904.3300","47.0730","210183.25806","-120.7962","357.8715"
"906.1210","51.1786","257608.70361","-120.7962","465.1566"
"906.1260","51.1786","257548.61450","-120.7962","464.9883"
"906.1310","51.1786","257516.47949","-120.7962","464.7957"
"906.1360","51.1792","257660.36987","-120.7962","464.5911"
"906.1410","51.1808","258301.48315","-120.7962","464.3998"
"906.1460","51.1849","259827.63672","-120.7962","464.2677"
"906.1510","51.1930","262618.37769","-120.7962","464.3096"
"906.1560","51.2065","266905.02930","-120.7962","464.9428"
"906.1610","51.2269","272805.02319","-120.7962","466.6337"
"906.1660","51.2546","280128.75366","-120.7962","469.6530"
"906.1710","51.2894","287951.78223","-120.7962","474.2604"
"906.1760","51.3305","295250.51880","-120.7962","480.3536"
"906.1810","51.3766","301875.73242","-120.7962","487.5062"
"906.1860","51.4264","308276.15356","-120.7962","495.1045"
"906.1910","51.4784","314745.94116","-120.7962","502.6675"
"906.1960","51.5317","321183.41064","-120.7962","509.9338"
"906.2010","51.5853","326939.57520","-120.7962","516.7769"
"906.2060","51.6387","330894.83643","-120.7962","523.0001"
"906.2110","51.6915","333142.48657","-120.7962","528.3924"
"906.2160","51.7435","334740.69214","-120.7962","533.2041"
"906.2210","51.7949","336896.97266","-120.7962","537.4535"
"906.2260","51.8456","340088.56201","-120.7962","541.2396"
"906.2310","51.8957","344157.80640","-120.7962","544.8428"
"906.2360","51.9454","348198.88306","-120.7962","548.6714"
"906.2410","51.9947","350981.87256","-120.7962","552.9144"
"906.2460","52.0438","352370.23926","-120.7961","557.6652"
"906.2510","52.0928","353453.27759","-120.7961","562.6549"
"906.2560","52.1417","355400.17700","-120.7960","567.3870"
"906.2600","52.1808","357721.83228","-120.7960","570.8600"
"906.2610","52.1906","358387.08496","-120.7960","571.6884"

